trade_date,index_code,index_name_cn,open,high,low,close,change,change_pct,trading_volume,trading_value
20051230,930955,红利低波100,1000.39,1011.17,999.03,1011.17,,1.12,779.73,35.47
20060104,930955,红利低波100,1000.39,1011.17,999.03,1011.17,,1.12,779.73,35.47
20060105,930955,红利低波100,1011.17,1032.72,1011.17,1031.95,,2.06,931.15,45.32
20060106,930955,红利低波100,1034.3,1049.14,1030.45,1044.73,,1.24,998.89,48.3
20060109,930955,红利低波100,1045.69,1053.05,1042.3,1053.05,,0.8,825.72,40.49
20060110,930955,红利低波100,1053.13,1053.16,1042.61,1053.16,,0.01,749.76,37.48
20060111,930955,红利低波100,1052.72,1061.15,1047.68,1052.34,,-0.08,934.05,43.06
20060112,930955,红利低波100,1051.15,1065.69,1049.21,1065.69,,1.27,751.75,37.13
20060113,930955,红利低波100,1065.3,1069.16,1057.16,1063.32,,-0.22,705.8,35.08
20060116,930955,红利低波100,1062.56,1062.56,1046.3,1046.3,,-1.6,759.3,35.66
20060117,930955,红利低波100,1044.25,1048.76,1043.23,1047.81,,0.14,587.44,28.17
20060118,930955,红利低波100,1047.29,1069.29,1047.29,1068.68,,1.99,746.83,36.05
20060119,930955,红利低波100,1073.88,1085.45,1068.75,1085.45,,1.57,1131.31,51.98
20060120,930955,红利低波100,1084.98,1091.4,1084.8,1090.69,,0.48,983.93,46.98
20060123,930955,红利低波100,1091.98,1098.1,1088.29,1097.76,,0.65,783.13,38.84
20060124,930955,红利低波100,1101.96,1105.04,1096.35,1098.71,,0.09,767.34,38.23
20060125,930955,红利低波100,1098.03,1104.56,1092.89,1103.18,,0.41,724.77,37.04
20060206,930955,红利低波100,1106.5,1131.56,1106.5,1131.56,,2.57,953.65,47.29
20060207,930955,红利低波100,1132.41,1132.41,1113.48,1121.4,,-0.9,1108.44,53.1
20060208,930955,红利低波100,1119.79,1126.65,1113.31,1126.65,,0.47,992.62,49.12
20060209,930955,红利低波100,1127.46,1127.46,1114.82,1115.86,,-0.96,860.2,41.76
20060210,930955,红利低波100,1116.0,1128.16,1114.91,1128.16,,1.1,738.78,36.11
20060213,930955,红利低波100,1129.52,1129.52,1118.1,1126.71,,-0.13,783.67,37.7
20060214,930955,红利低波100,1126.53,1130.25,1122.28,1130.19,,0.31,594.15,31.07
20060215,930955,红利低波100,1131.48,1138.16,1128.34,1130.84,,0.06,1007.65,50.47
20060216,930955,红利低波100,1130.58,1130.58,1106.03,1106.77,,-2.13,957.78,48.4
20060217,930955,红利低波100,1110.5,1112.13,1100.03,1105.04,,-0.16,840.18,43.5
20060220,930955,红利低波100,1105.78,1114.34,1104.68,1108.46,,0.31,741.15,37.4
20060221,930955,红利低波100,1108.1,1121.9,1100.93,1121.9,,1.21,924.31,42.96
20060222,930955,红利低波100,1122.73,1131.08,1121.1,1123.64,,0.16,1033.23,47.37
20060223,930955,红利低波100,1122.65,1122.65,1110.42,1120.75,,-0.26,730.45,35.21
20060224,930955,红利低波100,1121.62,1132.1,1121.62,1132.1,,1.01,781.65,39.67
20060227,930955,红利低波100,1135.39,1135.79,1127.24,1129.02,,-0.27,787.21,38.01
20060228,930955,红利低波100,1128.48,1131.12,1116.8,1131.12,,0.19,664.61,31.27
20060301,930955,红利低波100,1132.08,1135.43,1128.77,1135.43,,0.38,660.19,33.55
20060302,930955,红利低波100,1137.28,1140.06,1121.8,1125.19,,-0.9,849.81,42.35
20060303,930955,红利低波100,1124.16,1129.71,1117.78,1128.31,,0.28,734.57,35.5
20060306,930955,红利低波100,1128.59,1129.98,1123.65,1126.73,,-0.14,736.76,29.68
20060307,930955,红利低波100,1126.47,1126.47,1104.68,1105.83,,-1.86,741.49,32.27
20060308,930955,红利低波100,1103.91,1105.55,1092.3,1098.92,,-0.63,664.59,29.0
20060309,930955,红利低波100,1097.4,1101.07,1093.54,1098.79,,-0.01,530.31,26.03
20060310,930955,红利低波100,1099.14,1102.72,1098.47,1102.23,,0.31,437.95,22.24
20060313,930955,红利低波100,1102.94,1111.58,1102.94,1111.58,,0.85,470.86,22.03
20060314,930955,红利低波100,1110.34,1111.37,1105.55,1111.28,,-0.03,476.42,21.95
20060315,930955,红利低波100,1112.49,1121.55,1112.49,1121.55,,0.92,545.69,26.41
20060316,930955,红利低波100,1119.36,1121.88,1117.62,1121.66,,0.01,560.33,27.4
20060317,930955,红利低波100,1121.55,1122.64,1115.87,1118.5,,-0.28,554.49,26.05
20060320,930955,红利低波100,1118.92,1129.63,1116.02,1129.63,,1.0,532.19,27.4
20060321,930955,红利低波100,1131.63,1135.7,1128.88,1131.07,,0.13,596.47,30.48
20060322,930955,红利低波100,1131.49,1136.65,1128.24,1136.65,,0.49,618.34,31.52
20060323,930955,红利低波100,1136.75,1138.43,1132.6,1137.58,,0.08,621.01,31.62
20060324,930955,红利低波100,1140.04,1142.34,1133.95,1134.54,,-0.27,670.13,33.9
20060327,930955,红利低波100,1133.56,1136.73,1129.14,1136.73,,0.19,552.96,29.18
20060328,930955,红利低波100,1135.16,1141.53,1135.16,1141.53,,0.42,898.09,39.32
20060329,930955,红利低波100,1141.55,1157.34,1141.55,1151.89,,0.91,1346.76,60.44
20060330,930955,红利低波100,1152.39,1153.09,1145.86,1145.86,,-0.52,849.72,41.04
20060331,930955,红利低波100,1147.94,1153.69,1143.11,1153.69,,0.68,929.24,40.87
20060403,930955,红利低波100,1155.74,1168.65,1155.74,1168.65,,1.3,948.54,47.68
20060404,930955,红利低波100,1169.98,1181.41,1167.8,1181.41,,1.09,929.01,46.73
20060405,930955,红利低波100,1180.31,1184.91,1177.84,1184.8,,0.29,1052.0,51.55
20060406,930955,红利低波100,1186.15,1189.55,1177.65,1182.64,,-0.18,1147.42,58.15
20060407,930955,红利低波100,1181.74,1185.32,1175.69,1185.32,,0.23,987.37,48.11
20060410,930955,红利低波100,1188.35,1206.1,1187.69,1206.1,,1.75,887.52,44.01
20060411,930955,红利低波100,1215.4,1224.12,1209.36,1220.95,,1.23,999.85,52.38
20060412,930955,红利低波100,1222.84,1227.45,1217.88,1223.01,,0.17,897.92,45.8
20060413,930955,红利低波100,1223.39,1228.3,1199.0,1199.17,,-1.95,1110.95,51.65
20060414,930955,红利低波100,1195.09,1224.33,1195.09,1224.33,,2.1,1389.72,59.05
20060417,930955,红利低波100,1223.38,1232.81,1221.21,1229.28,,0.4,1543.77,67.91
20060418,930955,红利低波100,1228.69,1236.52,1223.13,1231.41,,0.17,1157.57,51.74
20060419,930955,红利低波100,1235.77,1236.66,1220.08,1230.31,,-0.09,1300.31,60.07
20060420,930955,红利低波100,1232.28,1232.28,1216.19,1219.76,,-0.86,1267.71,60.05
20060421,930955,红利低波100,1220.95,1235.38,1215.63,1233.51,,1.13,1460.96,68.96
20060424,930955,红利低波100,1241.14,1241.14,1215.18,1219.11,,-1.17,1682.28,80.38
20060425,930955,红利低波100,1214.86,1214.86,1194.05,1205.89,,-1.08,1239.45,62.03
20060426,930955,红利低波100,1203.13,1223.1,1203.13,1222.9,,1.41,1390.75,70.62
20060427,930955,红利低波100,1223.11,1223.53,1209.84,1220.11,,-0.23,993.56,49.69
20060428,930955,红利低波100,1199.19,1241.21,1199.19,1238.25,,1.49,1402.72,68.83
20060508,930955,红利低波100,1244.55,1287.17,1244.55,1287.17,,3.95,1564.89,83.5
20060509,930955,红利低波100,1296.07,1328.27,1295.82,1328.27,,3.19,1796.64,98.74
20060510,930955,红利低波100,1333.1,1353.26,1317.76,1345.94,,1.33,1704.63,93.11
20060511,930955,红利低波100,1347.05,1375.82,1331.18,1331.18,,-1.1,1958.02,109.69
20060512,930955,红利低波100,1328.03,1375.3,1328.03,1375.3,,3.31,1868.46,113.78
20060515,930955,红利低波100,1392.76,1431.5,1384.36,1431.5,,4.09,2566.17,147.77
20060516,930955,红利低波100,1456.22,1472.55,1399.28,1408.47,,-1.61,3006.14,172.57
20060517,930955,红利低波100,1409.37,1434.8,1399.69,1426.92,,1.31,2002.11,114.0
20060518,930955,红利低波100,1418.69,1440.73,1401.92,1431.13,,0.3,1788.77,95.15
20060519,930955,红利低波100,1433.14,1471.55,1432.95,1465.95,,2.43,3155.46,131.89
20060522,930955,红利低波100,1470.53,1513.51,1470.53,1501.99,,2.46,2770.52,134.36
20060523,930955,红利低波100,1499.82,1499.82,1440.27,1440.33,,-4.11,2326.16,115.27
20060524,930955,红利低波100,1441.84,1455.16,1383.57,1406.33,,-2.36,1821.42,90.52
20060525,930955,红利低波100,1405.39,1418.42,1389.47,1413.07,,0.48,1336.67,62.0
20060526,930955,红利低波100,1419.32,1444.82,1419.32,1444.82,,2.25,1399.55,66.13
20060529,930955,红利低波100,1453.72,1490.41,1446.74,1490.41,,3.16,1699.22,87.69
20060530,930955,红利低波100,1497.71,1504.75,1485.68,1503.19,,0.86,1549.97,78.6
20060531,930955,红利低波100,1500.69,1512.53,1485.63,1493.62,,-0.64,1616.14,82.15
20060601,930955,红利低波100,1499.26,1547.08,1499.26,1547.08,,3.58,1894.6,98.18
20060602,930955,红利低波100,1550.54,1567.74,1538.88,1547.63,,0.04,2166.83,109.75
20060605,930955,红利低波100,1555.68,1573.14,1532.3,1573.14,,1.65,2210.31,102.46
20060606,930955,红利低波100,1573.13,1580.54,1562.54,1567.34,,-0.37,1735.05,83.18
20060607,930955,红利低波100,1568.51,1568.51,1466.83,1467.04,,-6.4,2026.07,111.79
20060608,930955,红利低波100,1452.33,1467.2,1419.3,1467.01,,0.0,1575.51,82.76
20060609,930955,红利低波100,1463.91,1475.03,1437.61,1437.75,,-1.99,1219.46,60.76
20060612,930955,红利低波100,1431.89,1451.72,1431.89,1445.5,,0.54,846.97,42.62
20060613,930955,红利低波100,1444.96,1458.58,1432.32,1446.45,,0.07,820.5,44.3
20060614,930955,红利低波100,1441.27,1441.27,1419.98,1433.33,,-0.91,862.04,44.37
20060615,930955,红利低波100,1433.8,1448.48,1428.8,1431.89,,-0.1,683.58,35.05
20060616,930955,红利低波100,1438.13,1456.23,1438.13,1456.23,,1.7,829.35,43.34
20060619,930955,红利低波100,1446.76,1478.13,1446.76,1474.09,,1.23,985.19,53.38
20060620,930955,红利低波100,1472.48,1478.87,1466.03,1478.79,,0.32,905.3,51.09
20060621,930955,红利低波100,1477.52,1486.52,1465.81,1478.08,,-0.05,1122.57,58.3
20060622,930955,红利低波100,1476.21,1481.64,1470.6,1475.54,,-0.17,851.62,45.11
20060623,930955,红利低波100,1469.26,1483.31,1457.83,1483.31,,0.53,755.57,40.26
20060626,930955,红利低波100,1484.06,1507.19,1484.06,1506.84,,1.59,1006.89,53.6
20060627,930955,红利低波100,1507.13,1509.14,1497.31,1506.61,,-0.02,876.95,46.73
20060628,930955,红利低波100,1508.4,1514.34,1498.88,1514.32,,0.51,866.81,45.1
20060629,930955,红利低波100,1516.62,1543.36,1516.62,1543.36,,1.92,1455.83,72.51
20060630,930955,红利低波100,1556.01,1556.34,1533.33,1541.01,,-0.15,1325.15,68.5
20060703,930955,红利低波100,1547.28,1562.15,1540.41,1562.15,,1.37,1298.43,61.82
20060704,930955,红利低波100,1564.97,1564.97,1537.04,1545.63,,-1.06,1308.44,66.99
20060705,930955,红利低波100,1546.08,1546.08,1515.97,1529.59,,-1.04,983.75,52.64
20060706,930955,红利低波100,1527.28,1559.57,1527.28,1559.57,,1.96,932.37,50.1
20060707,930955,红利低波100,1564.35,1564.35,1550.44,1551.78,,-0.5,875.89,48.94
20060710,930955,红利低波100,1554.99,1555.53,1537.42,1555.35,,0.23,746.28,40.39
20060711,930955,红利低波100,1556.24,1556.37,1545.78,1556.37,,0.07,746.11,39.37
20060712,930955,红利低波100,1557.0,1557.16,1545.43,1545.9,,-0.67,872.02,45.65
20060713,930955,红利低波100,1544.36,1544.36,1462.09,1462.09,,-5.42,1419.71,70.65
20060714,930955,红利低波100,1454.5,1481.51,1454.5,1473.28,,0.77,830.75,42.33
20060717,930955,红利低波100,1471.89,1490.61,1470.26,1490.61,,1.18,691.44,35.63
20060718,930955,红利低波100,1490.59,1491.9,1476.81,1491.9,,0.09,610.67,30.81
20060719,930955,红利低波100,1491.63,1492.12,1465.54,1473.01,,-1.27,740.29,38.06
20060720,930955,红利低波100,1471.54,1482.88,1463.99,1482.88,,0.67,543.74,28.0
20060721,930955,红利低波100,1483.98,1489.93,1479.7,1486.38,,0.24,613.69,30.65
20060724,930955,红利低波100,1467.53,1492.02,1467.44,1492.02,,0.38,597.93,30.51
20060725,930955,红利低波100,1497.18,1510.43,1497.15,1510.43,,1.23,664.79,34.56
20060726,930955,红利低波100,1509.34,1512.72,1498.64,1507.87,,-0.17,561.75,28.49
20060727,930955,红利低波100,1507.64,1515.94,1484.49,1492.78,,-1.0,719.16,35.37
20060728,930955,红利低波100,1492.25,1497.45,1471.49,1487.57,,-0.35,671.34,34.77
20060731,930955,红利低波100,1484.65,1484.65,1434.48,1434.82,,-3.55,693.68,32.83
20060801,930955,红利低波100,1432.41,1441.78,1416.95,1420.8,,-0.98,489.12,23.4
20060802,930955,红利低波100,1420.72,1426.65,1398.49,1415.43,,-0.38,504.02,23.51
20060803,930955,红利低波100,1415.61,1420.19,1405.03,1414.01,,-0.1,406.51,18.67
20060804,930955,红利低波100,1414.49,1419.11,1374.55,1375.0,,-2.76,477.63,23.74
20060807,930955,红利低波100,1369.84,1369.84,1344.83,1345.83,,-2.12,439.78,18.92
20060808,930955,红利低波100,1343.23,1377.61,1343.23,1377.61,,2.36,401.49,18.92
20060809,930955,红利低波100,1379.06,1381.55,1369.09,1374.66,,-0.21,329.4,15.27
20060810,930955,红利低波100,1375.01,1397.73,1374.1,1397.73,,1.68,613.7,26.31
20060811,930955,红利低波100,1399.57,1409.2,1396.92,1407.49,,0.7,435.88,19.73
20060814,930955,红利低波100,1407.5,1410.16,1372.29,1375.27,,-2.29,443.91,21.21
20060815,930955,红利低波100,1374.52,1397.1,1372.19,1397.1,,1.59,356.16,16.58
20060816,930955,红利低波100,1397.48,1414.49,1393.74,1414.49,,1.25,532.54,25.43
20060817,930955,红利低波100,1413.33,1413.33,1391.92,1400.45,,-0.99,397.4,18.4
20060818,930955,红利低波100,1398.54,1404.11,1393.14,1393.89,,-0.47,412.25,16.99
20060821,930955,红利低波100,1358.95,1391.26,1358.95,1391.26,,-0.19,337.56,15.75
20060822,930955,红利低波100,1391.29,1407.06,1391.06,1406.01,,1.06,393.61,19.52
20060823,930955,红利低波100,1409.76,1412.52,1401.49,1404.93,,-0.08,470.01,23.54
20060824,930955,红利低波100,1404.38,1408.15,1393.05,1408.15,,0.23,352.67,17.23
20060825,930955,红利低波100,1409.0,1414.5,1407.02,1412.57,,0.31,441.65,21.74
20060828,930955,红利低波100,1415.8,1439.48,1414.11,1439.48,,1.91,627.78,31.97
20060829,930955,红利低波100,1443.89,1456.98,1437.68,1438.17,,-0.09,812.6,38.75
20060830,930955,红利低波100,1437.0,1445.02,1430.9,1443.74,,0.39,526.34,24.33
20060831,930955,红利低波100,1444.65,1453.77,1441.51,1453.77,,0.7,610.76,28.89
20060901,930955,红利低波100,1450.43,1454.21,1428.9,1434.97,,-1.29,726.98,30.76
20060904,930955,红利低波100,1436.66,1457.28,1436.66,1457.28,,1.55,586.71,27.71
20060905,930955,红利低波100,1458.51,1465.82,1454.22,1458.33,,0.07,661.74,33.55
20060906,930955,红利低波100,1459.01,1464.23,1447.95,1464.23,,0.4,610.96,27.0
20060907,930955,红利低波100,1459.71,1459.71,1440.43,1443.19,,-1.44,751.34,38.25
20060908,930955,红利低波100,1442.39,1447.89,1439.08,1442.23,,-0.07,433.48,22.7
20060911,930955,红利低波100,1445.06,1447.42,1429.01,1447.42,,0.36,501.73,26.45
20060912,930955,红利低波100,1447.97,1457.5,1445.01,1455.43,,0.55,807.03,38.87
20060913,930955,红利低波100,1457.0,1463.46,1448.24,1449.7,,-0.39,1196.29,53.58
20060914,930955,红利低波100,1446.85,1451.22,1434.18,1445.2,,-0.31,680.7,33.53
20060915,930955,红利低波100,1445.76,1469.02,1445.34,1468.61,,1.62,1296.27,53.62
20060918,930955,红利低波100,1474.22,1487.52,1474.22,1487.52,,1.29,1044.71,47.22
20060919,930955,红利低波100,1489.73,1489.86,1478.9,1482.87,,-0.31,745.96,34.95
20060920,930955,红利低波100,1480.5,1486.31,1472.14,1483.47,,0.04,670.02,31.58
20060921,930955,红利低波100,1484.78,1492.06,1482.39,1488.41,,0.33,784.28,37.82
20060922,930955,红利低波100,1489.16,1489.16,1466.62,1466.79,,-1.45,742.3,37.21
20060925,930955,红利低波100,1465.62,1468.62,1452.07,1457.28,,-0.65,595.67,30.69
20060926,930955,红利低波100,1456.05,1457.22,1445.02,1451.28,,-0.41,481.15,21.93
20060927,930955,红利低波100,1451.64,1465.09,1451.64,1465.09,,0.95,422.61,18.96
20060928,930955,红利低波100,1466.09,1477.65,1463.26,1475.61,,0.72,576.96,27.3
20060929,930955,红利低波100,1476.49,1489.82,1476.49,1488.79,,0.89,697.27,32.06
20061009,930955,红利低波100,1499.9,1515.37,1499.9,1515.37,,1.79,1238.82,52.37
20061010,930955,红利低波100,1518.05,1521.29,1508.53,1516.73,,0.09,1262.03,56.22
20061011,930955,红利低波100,1515.85,1519.26,1506.3,1518.59,,0.12,1133.04,47.89
20061012,930955,红利低波100,1520.12,1531.43,1513.49,1522.64,,0.27,1458.99,58.61
20061013,930955,红利低波100,1521.11,1530.62,1520.16,1525.12,,0.16,1007.56,45.24
20061016,930955,红利低波100,1530.93,1534.42,1518.65,1522.03,,-0.2,1098.32,48.8
20061017,930955,红利低波100,1519.8,1524.95,1511.74,1514.46,,-0.5,726.46,33.34
20061018,930955,红利低波100,1514.68,1531.28,1514.68,1531.28,,1.11,782.82,36.01
20061019,930955,红利低波100,1533.0,1536.91,1525.51,1531.58,,0.02,815.47,36.73
20061020,930955,红利低波100,1532.04,1532.04,1519.23,1519.23,,-0.81,789.37,37.38
20061023,930955,红利低波100,1518.7,1524.98,1484.01,1488.16,,-2.05,1033.97,47.31
20061024,930955,红利低波100,1487.73,1521.24,1487.73,1521.24,,2.22,936.91,44.66
20061025,930955,红利低波100,1523.61,1530.13,1505.91,1519.1,,-0.14,1078.0,52.34
20061026,930955,红利低波100,1519.1,1523.84,1511.76,1521.45,,0.16,1786.34,71.79
20061027,930955,红利低波100,1522.17,1525.71,1504.38,1513.49,,-0.52,1632.93,71.62
20061030,930955,红利低波100,1513.28,1539.29,1513.28,1539.29,,1.7,1488.64,65.53
20061031,930955,红利低波100,1541.3,1555.78,1541.3,1555.78,,1.07,1526.44,71.23
20061101,930955,红利低波100,1556.86,1571.12,1552.81,1571.12,,0.99,1589.76,74.55
20061102,930955,红利低波100,1573.6,1581.15,1569.76,1581.0,,0.63,1860.0,87.08
20061103,930955,红利低波100,1584.02,1595.39,1582.68,1583.95,,0.19,1693.06,76.81
20061106,930955,红利低波100,1573.88,1603.85,1573.88,1603.85,,1.26,1799.49,81.44
20061107,930955,红利低波100,1606.33,1606.97,1582.77,1605.35,,0.09,1622.81,78.77
20061108,930955,红利低波100,1604.74,1604.74,1578.05,1578.89,,-1.65,1120.61,54.32
20061109,930955,红利低波100,1575.27,1599.67,1573.09,1597.14,,1.16,1340.66,64.01
20061110,930955,红利低波100,1598.1,1598.33,1554.31,1562.13,,-2.19,1730.39,84.27
20061113,930955,红利低波100,1560.76,1569.68,1518.25,1525.78,,-2.33,1292.04,59.36
20061114,930955,红利低波100,1524.83,1536.99,1500.56,1536.99,,0.74,1163.46,53.96
20061115,930955,红利低波100,1535.44,1571.33,1529.4,1571.33,,2.23,1394.94,66.22
20061116,930955,红利低波100,1574.19,1582.61,1556.08,1556.09,,-0.97,1989.13,96.84
20061117,930955,红利低波100,1550.53,1587.0,1550.53,1587.0,,1.99,1478.87,74.68
20061120,930955,红利低波100,1592.28,1601.89,1580.05,1601.89,,0.94,2032.34,96.84
20061121,930955,红利低波100,1601.51,1614.27,1574.91,1614.27,,0.77,1690.4,85.62
20061122,930955,红利低波100,1612.95,1646.79,1612.5,1634.72,,1.27,2040.73,101.83
20061123,930955,红利低波100,1634.45,1648.93,1630.62,1645.3,,0.65,1979.3,94.78
20061124,930955,红利低波100,1642.91,1665.27,1632.26,1662.02,,1.02,1963.28,95.25
20061127,930955,红利低波100,1662.08,1691.34,1662.08,1691.34,,1.76,1624.79,85.63
20061128,930955,红利低波100,1691.48,1696.18,1669.27,1682.07,,-0.55,1539.39,77.31
20061129,930955,红利低波100,1661.15,1696.53,1659.46,1691.29,,0.55,1511.74,78.56
20061130,930955,红利低波100,1692.98,1726.24,1692.98,1723.84,,1.93,2144.12,110.24
20061201,930955,红利低波100,1726.86,1744.94,1723.31,1736.23,,0.72,1884.81,108.4
20061204,930955,红利低波100,1738.77,1774.29,1738.77,1774.29,,2.19,2453.54,128.77
20061205,930955,红利低波100,1779.39,1787.43,1766.23,1775.76,,0.08,2243.97,122.25
20061206,930955,红利低波100,1777.42,1783.42,1707.74,1745.3,,-1.72,3147.26,162.3
20061207,930955,红利低波100,1742.4,1789.22,1742.4,1753.19,,0.45,3295.88,170.04
20061208,930955,红利低波100,1736.47,1741.45,1681.7,1682.78,,-4.02,2453.29,125.3
20061211,930955,红利低波100,1698.46,1743.89,1691.64,1743.89,,3.63,1902.18,95.9
20061212,930955,红利低波100,1749.3,1760.24,1719.97,1751.65,,0.45,2200.37,118.54
20061213,930955,红利低波100,1753.66,1755.27,1736.91,1753.44,,0.1,1848.25,100.83
20061214,930955,红利低波100,1756.41,1787.58,1756.41,1785.29,,1.82,1597.54,86.32
20061215,930955,红利低波100,1790.3,1801.96,1782.72,1801.96,,0.93,1642.57,94.02
20061218,930955,红利低波100,1812.28,1824.2,1803.54,1818.77,,0.93,2140.93,122.39
20061219,930955,红利低波100,1821.93,1824.82,1784.92,1824.82,,0.33,2373.89,134.51
20061220,930955,红利低波100,1817.07,1844.84,1813.46,1844.84,,1.1,1755.2,103.7
20061221,930955,红利低波100,1846.44,1854.73,1822.23,1822.23,,-1.23,2203.18,128.46
20061222,930955,红利低波100,1827.88,1828.51,1794.92,1811.65,,-0.58,1533.82,89.81
20061225,930955,红利低波100,1826.51,1840.98,1814.61,1831.0,,1.07,1845.41,105.29
20061226,930955,红利低波100,1833.46,1840.24,1810.39,1827.74,,-0.18,2052.38,114.88
20061227,930955,红利低波100,1827.74,1845.5,1827.74,1845.5,,0.97,2387.93,131.54
20061228,930955,红利低波100,1847.47,1854.49,1807.96,1819.93,,-1.39,2232.04,127.88
20061229,930955,红利低波100,1825.27,1876.74,1825.27,1869.09,,2.7,2621.77,160.21
20070104,930955,红利低波100,1889.63,1949.53,1889.43,1912.0,,2.3,3527.77,246.48
20070105,930955,红利低波100,1910.2,1987.75,1910.2,1987.75,,3.96,3141.84,213.91
20070108,930955,红利低波100,1995.12,2059.86,1995.12,2059.86,,3.63,2588.64,177.6
20070109,930955,红利低波100,2064.62,2111.94,2059.19,2105.65,,2.22,2452.11,173.26
20070110,930955,红利低波100,2109.79,2157.78,2093.9,2157.78,,2.48,2482.38,176.71
20070111,930955,红利低波100,2158.14,2204.06,2138.87,2141.41,,-0.76,2443.9,179.15
20070112,930955,红利低波100,2124.94,2147.86,2042.91,2042.91,,-4.6,2402.24,168.94
20070115,930955,红利低波100,2041.36,2145.96,2041.36,2145.96,,5.04,2190.91,157.14
20070116,930955,红利低波100,2152.14,2176.88,2136.71,2176.88,,1.44,2377.25,180.46
20070117,930955,红利低波100,2180.33,2227.17,2132.34,2166.82,,-0.46,2774.53,208.58
20070118,930955,红利低波100,2167.54,2189.57,2115.23,2188.16,,0.99,2377.17,178.39
20070119,930955,红利低波100,2194.54,2273.74,2194.54,2273.74,,3.91,2755.73,205.63
20070122,930955,红利低波100,2282.75,2379.46,2282.75,2379.46,,4.65,3120.9,230.77
20070123,930955,红利低波100,2393.87,2410.33,2324.75,2409.37,,1.26,3317.12,261.77
20070124,930955,红利低波100,2412.37,2447.61,2392.74,2434.34,,1.04,2946.6,242.16
20070125,930955,红利低波100,2415.97,2415.97,2327.58,2327.58,,-4.39,2648.76,217.14
20070126,930955,红利低波100,2305.3,2350.43,2209.64,2349.63,,0.95,2564.81,203.81
20070129,930955,红利低波100,2369.76,2428.47,2369.76,2428.47,,3.36,2878.88,233.61
20070130,930955,红利低波100,2437.34,2450.5,2407.82,2425.58,,-0.12,3037.49,241.26
20070131,930955,红利低波100,2419.26,2428.96,2293.0,2301.21,,-5.13,2905.42,221.83
20070201,930955,红利低波100,2273.3,2319.19,2232.86,2302.22,,0.04,2308.94,176.7
20070202,930955,红利低波100,2306.99,2320.78,2245.0,2245.23,,-2.48,2106.96,167.2
20070205,930955,红利低波100,2236.7,2273.79,2228.73,2247.19,,0.09,1696.92,130.99
20070206,930955,红利低波100,2251.89,2296.05,2230.99,2296.05,,2.17,2607.22,204.97
20070207,930955,红利低波100,2309.71,2340.17,2309.71,2339.49,,1.89,2596.01,211.9
20070208,930955,红利低波100,2347.25,2401.85,2340.45,2401.85,,2.67,2200.83,174.4
20070209,930955,红利低波100,2410.22,2417.66,2374.93,2403.24,,0.06,2009.53,162.22
20070212,930955,红利低波100,2408.91,2460.57,2408.91,2460.57,,2.39,2070.26,163.97
20070213,930955,红利低波100,2469.41,2500.71,2457.99,2497.64,,1.51,1988.08,159.12
20070214,930955,红利低波100,2497.64,2563.81,2497.64,2549.28,,2.07,2353.57,191.65
20070215,930955,红利低波100,2560.9,2624.15,2560.9,2624.15,,2.94,2558.49,207.83
20070216,930955,红利低波100,2646.91,2698.76,2633.72,2654.35,,1.15,2738.72,225.34
20070226,930955,红利低波100,2667.61,2770.96,2647.92,2770.23,,4.37,2858.14,238.57
20070227,930955,红利低波100,2782.82,2806.85,2502.72,2502.86,,-9.65,3966.82,319.11
20070228,930955,红利低波100,2462.98,2639.91,2462.98,2627.48,,4.98,3108.0,241.73
20070301,930955,红利低波100,2641.04,2641.04,2529.18,2570.23,,-2.18,3071.39,232.45
20070302,930955,红利低波100,2566.26,2615.08,2558.13,2602.15,,1.24,2183.27,164.36
20070305,930955,红利低波100,2606.27,2644.98,2522.98,2588.55,,-0.52,2486.28,190.31
20070306,930955,红利低波100,2576.84,2605.23,2553.79,2601.1,,0.49,1659.35,136.02
20070307,930955,红利低波100,2609.93,2652.99,2609.93,2652.99,,2.0,2069.88,165.25
20070308,930955,红利低波100,2663.17,2706.28,2645.9,2706.28,,2.01,2049.51,163.89
20070309,930955,红利低波100,2708.13,2708.13,2648.61,2679.08,,-1.01,2226.74,182.97
20070312,930955,红利低波100,2680.02,2725.43,2655.65,2725.43,,1.73,2089.67,176.22
20070313,930955,红利低波100,2731.19,2783.54,2721.65,2782.55,,2.1,2357.33,194.07
20070314,930955,红利低波100,2758.11,2786.15,2685.03,2750.08,,-1.17,2471.31,203.38
20070315,930955,红利低波100,2746.53,2809.77,2746.53,2808.65,,2.13,2456.0,208.02
20070316,930955,红利低波100,2814.13,2814.13,2719.74,2742.38,,-2.36,2463.98,207.27
20070319,930955,红利低波100,2652.83,2776.71,2652.83,2770.28,,1.02,2374.04,208.01
20070320,930955,红利低波100,2779.0,2833.5,2777.32,2833.5,,2.28,2186.73,186.73
20070321,930955,红利低波100,2844.49,2864.8,2814.86,2864.8,,1.1,2209.61,192.9
20070322,930955,红利低波100,2878.35,2933.25,2878.35,2889.23,,0.85,2972.45,265.41
20070323,930955,红利低波100,2901.48,2953.74,2865.79,2953.74,,2.23,2748.38,240.73
20070326,930955,红利低波100,2978.34,3043.58,2978.34,3043.58,,3.04,2904.05,251.52
20070327,930955,红利低波100,3053.21,3082.88,3036.23,3082.88,,1.29,2851.32,260.1
20070328,930955,红利低波100,3085.61,3102.83,2952.23,3089.49,,0.22,4233.67,372.66
20070329,930955,红利低波100,3098.91,3098.91,2992.88,2992.88,,-3.13,3941.47,367.93
20070330,930955,红利低波100,2981.63,3030.8,2978.49,3012.39,,0.65,2330.93,220.34
20070402,930955,红利低波100,3026.07,3084.44,3021.45,3084.44,,2.39,2463.83,218.86
20070403,930955,红利低波100,3099.8,3123.58,3095.73,3123.58,,1.27,2832.88,256.79
20070404,930955,红利低波100,3129.34,3151.73,3109.33,3142.72,,0.61,2409.25,223.48
20070405,930955,红利低波100,3142.73,3210.72,3142.73,3210.72,,2.16,2382.87,218.68
20070406,930955,红利低波100,3183.42,3273.78,3183.42,3268.85,,1.81,2746.74,251.91
20070409,930955,红利低波100,3319.32,3360.12,3319.32,3351.98,,2.54,3179.42,292.92
20070410,930955,红利低波100,3368.64,3402.68,3314.66,3402.68,,1.51,3188.56,307.33
20070411,930955,红利低波100,3413.2,3432.74,3359.86,3432.74,,0.88,3412.52,331.66
20070412,930955,红利低波100,3437.07,3523.44,3428.14,3523.44,,2.64,3116.89,313.66
20070413,930955,红利低波100,3530.33,3562.43,3494.35,3494.4,,-0.82,3323.95,328.61
20070416,930955,红利低波100,3505.3,3572.97,3505.3,3572.97,,2.25,2651.45,271.07
20070417,930955,红利低波100,3591.15,3651.03,3524.75,3646.88,,2.07,3348.76,338.56
20070418,930955,红利低波100,3657.61,3772.76,3654.39,3772.69,,3.45,3223.62,325.15
20070419,930955,红利低波100,3773.57,3773.57,3510.46,3590.57,,-4.83,3967.82,394.36
20070420,930955,红利低波100,3607.3,3782.75,3607.3,3773.24,,5.09,2880.05,290.55
20070423,930955,红利低波100,3827.13,4000.67,3827.13,4000.67,,6.03,3866.4,391.97
20070424,930955,红利低波100,4036.53,4145.09,4021.51,4073.42,,1.82,3974.05,423.73
20070425,930955,红利低波100,4058.1,4073.45,3957.71,4062.1,,-0.28,3351.55,367.04
20070426,930955,红利低波100,4067.85,4118.4,4067.85,4118.23,,1.38,2548.1,283.23
20070427,930955,红利低波100,4128.13,4128.13,4078.92,4096.43,,-0.53,2725.31,300.55
20070430,930955,红利低波100,4081.45,4161.14,4064.44,4153.64,,1.4,3000.21,342.82
20070508,930955,红利低波100,4188.78,4369.83,4188.78,4369.44,,5.2,3421.81,394.13
20070509,930955,红利低波100,4379.53,4411.81,4245.6,4381.55,,0.28,4847.79,545.74
20070510,930955,红利低波100,4392.69,4441.56,4352.4,4418.96,,0.85,3927.08,432.17
20070511,930955,红利低波100,4389.38,4403.0,4304.49,4364.75,,-1.23,2585.55,328.17
20070514,930955,红利低波100,4294.38,4396.75,4294.38,4359.64,,-0.12,2931.23,346.77
20070515,930955,红利低波100,4359.64,4386.11,4180.49,4181.95,,-4.08,2977.39,351.2
20070516,930955,红利低波100,4152.76,4287.03,4071.4,4286.97,,2.51,2620.62,304.98
20070517,930955,红利低波100,4302.12,4395.77,4302.12,4381.76,,2.21,2861.99,337.79
20070518,930955,红利低波100,4385.3,4406.22,4351.92,4372.57,,-0.21,2652.65,317.67
20070521,930955,红利低波100,4209.99,4478.11,4209.99,4474.13,,2.32,3432.05,412.31
20070522,930955,红利低波100,4503.97,4602.72,4503.97,4575.61,,2.27,3861.59,469.8
20070523,930955,红利低波100,4607.08,4724.92,4588.46,4724.92,,3.26,3432.84,434.14
20070524,930955,红利低波100,4754.49,4777.46,4606.39,4684.98,,-0.85,3821.36,487.57
20070525,930955,红利低波100,4669.09,4742.96,4669.09,4728.81,,0.94,3050.5,392.33
20070528,930955,红利低波100,4783.21,4849.78,4783.21,4828.86,,2.12,3781.88,487.39
20070529,930955,红利低波100,4853.55,4952.24,4853.53,4952.24,,2.56,3732.97,484.62
20070530,930955,红利低波100,4634.17,4876.31,4525.2,4546.69,,-8.19,4084.94,505.52
20070531,930955,红利低波100,4431.13,4532.59,4180.44,4437.69,,-2.4,3942.07,482.17
20070601,930955,红利低波100,4446.43,4502.51,4139.71,4143.78,,-6.62,3606.85,445.56
20070604,930955,红利低波100,4112.64,4112.64,3755.97,3756.88,,-9.34,2804.32,307.89
20070605,930955,红利低波100,3677.91,3879.01,3428.4,3877.68,,3.22,3698.96,379.18
20070606,930955,红利低波100,3907.48,3972.68,3822.44,3920.52,,1.11,2917.03,325.33
20070607,930955,红利低波100,3920.52,4089.45,3920.52,4089.45,,4.31,2906.49,331.05
20070608,930955,红利低波100,4098.3,4165.62,4098.3,4140.6,,1.25,2655.44,310.28
20070611,930955,红利低波100,4187.74,4244.75,4184.2,4239.2,,2.38,2855.28,336.86
20070612,930955,红利低波100,4273.07,4427.85,4192.05,4427.85,,4.45,3394.14,418.26
20070613,930955,红利低波100,4496.73,4594.96,4496.73,4558.02,,2.94,3607.02,452.22
20070614,930955,红利低波100,4545.86,4557.62,4477.05,4477.05,,-1.78,2814.62,350.18
20070615,930955,红利低波100,4423.94,4498.0,4403.71,4444.67,,-0.72,2000.55,242.18
20070618,930955,红利低波100,4533.61,4584.57,4533.61,4574.0,,2.91,2912.36,374.33
20070619,930955,红利低波100,4572.59,4636.64,4528.27,4636.64,,1.37,2528.36,308.5
20070620,930955,红利低波100,4652.72,4705.22,4529.8,4529.8,,-2.3,2856.97,354.42
20070621,930955,红利低波100,4509.24,4558.6,4457.01,4523.52,,-0.14,2441.18,300.63
20070622,930955,红利低波100,4516.41,4525.86,4216.55,4263.3,,-5.75,2567.68,319.21
20070625,930955,红利低波100,4269.98,4269.98,3938.07,3939.09,,-7.61,2255.86,276.0
20070626,930955,红利低波100,3842.14,4041.06,3810.65,4041.06,,2.59,1820.5,209.77
20070627,930955,红利低波100,4061.83,4157.59,3993.05,4147.56,,2.64,1882.58,230.07
20070628,930955,红利低波100,4143.1,4151.47,3880.16,3880.16,,-6.45,2213.55,268.57
20070629,930955,红利低波100,3748.89,3820.32,3673.37,3730.96,,-3.85,1938.97,211.93
20070702,930955,红利低波100,3718.15,3805.72,3670.56,3791.56,,1.62,1534.19,183.92
20070703,930955,红利低波100,3826.76,3839.35,3760.05,3838.98,,1.25,1235.48,150.49
20070704,930955,红利低波100,3847.92,3847.92,3760.26,3761.89,,-2.01,1025.64,130.13
20070705,930955,红利低波100,3698.52,3698.52,3490.38,3490.38,,-7.22,1255.46,147.34
20070706,930955,红利低波100,3551.97,3685.75,3412.1,3685.75,,5.6,1465.52,170.88
20070709,930955,红利低波100,3711.02,3809.79,3699.23,3792.87,,2.91,1436.89,185.99
20070710,930955,红利低波100,3785.61,3785.61,3655.75,3667.36,,-3.31,1224.99,167.85
20070711,930955,红利低波100,3642.78,3707.34,3642.78,3699.53,,0.88,828.56,107.19
20070712,930955,红利低波100,3712.63,3726.92,3693.57,3724.64,,0.68,872.71,106.46
20070713,930955,红利低波100,3721.05,3721.05,3666.06,3714.49,,-0.27,790.11,93.74
20070716,930955,红利低波100,3707.31,3707.98,3601.43,3601.43,,-3.04,789.36,92.15
20070717,930955,红利低波100,3603.15,3691.07,3589.42,3665.07,,1.77,806.84,97.73
20070718,930955,红利低波100,3660.18,3719.04,3643.04,3672.73,,0.21,1252.3,145.48
20070719,930955,红利低波100,3669.43,3685.1,3646.3,3665.62,,-0.19,765.09,90.53
20070720,930955,红利低波100,3662.7,3789.36,3662.7,3789.36,,3.38,1365.6,167.06
20070723,930955,红利低波100,3799.89,4019.62,3799.89,4019.62,,6.08,2505.97,302.23
20070724,930955,红利低波100,4054.59,4097.9,4004.79,4004.79,,-0.37,2136.24,266.97
20070725,930955,红利低波100,4007.16,4143.71,4007.16,4143.71,,3.47,1785.47,235.71
20070726,930955,红利低波100,4184.34,4222.36,4159.3,4205.85,,1.5,1827.4,240.97
20070727,930955,红利低波100,4185.0,4278.54,4174.38,4271.02,,1.55,1871.46,254.15
20070730,930955,红利低波100,4276.89,4407.96,4276.89,4386.79,,2.71,2463.94,317.58
20070731,930955,红利低波100,4383.2,4433.67,4363.56,4433.67,,1.07,2037.15,278.26
20070801,930955,红利低波100,4451.82,4455.18,4185.58,4186.09,,-5.58,2416.52,316.59
20070802,930955,红利低波100,4203.85,4328.54,4193.49,4315.79,,3.1,1681.03,229.05
20070803,930955,红利低波100,4350.26,4370.75,4292.35,4362.02,,1.07,1955.9,286.51
20070806,930955,红利低波100,4402.99,4497.52,4402.99,4497.52,,3.11,2149.41,312.46
20070807,930955,红利低波100,4514.3,4551.95,4438.53,4508.08,,0.24,2481.87,353.66
20070808,930955,红利低波100,4470.72,4470.72,4354.98,4411.56,,-2.14,2173.72,287.71
20070809,930955,红利低波100,4402.4,4470.85,4402.4,4458.83,,1.07,2000.24,264.7
20070810,930955,红利低波100,4454.79,4462.48,4317.17,4412.36,,-1.04,1956.07,268.3
20070813,930955,红利低波100,4423.39,4500.73,4408.1,4477.51,,1.48,2787.47,392.37
20070814,930955,红利低波100,4484.03,4536.55,4472.56,4536.55,,1.32,1774.05,248.87
20070815,930955,红利低波100,4550.49,4560.92,4404.38,4495.81,,-0.9,1781.48,253.19
20070816,930955,红利低波100,4478.81,4499.77,4431.51,4480.81,,-0.33,1839.84,258.65
20070817,930955,红利低波100,4480.81,4539.96,4434.78,4444.64,,-0.81,1762.67,257.05
20070820,930955,红利低波100,4540.23,4673.93,4540.23,4673.93,,5.16,2043.4,289.89
20070821,930955,红利低波100,4703.9,4729.73,4677.83,4715.28,,0.89,2103.02,309.07
20070822,930955,红利低波100,4651.6,4787.24,4651.6,4763.49,,1.02,2219.78,332.93
20070823,930955,红利低波100,4786.64,4843.24,4740.84,4843.24,,1.67,2059.86,329.57
20070824,930955,红利低波100,4893.76,4921.71,4866.37,4903.19,,1.24,2289.22,353.57
20070827,930955,红利低波100,4953.87,4958.22,4877.75,4906.16,,0.06,2562.73,374.97
20070828,930955,红利低波100,4885.02,4938.31,4808.13,4938.31,,0.66,2422.6,356.5
20070829,930955,红利低波100,4910.51,4997.26,4866.72,4940.67,,0.05,2328.16,334.57
20070830,930955,红利低波100,4968.8,5107.11,4968.8,5100.28,,3.23,2092.77,305.89
20070831,930955,红利低波100,5130.25,5182.43,5130.25,5159.46,,1.16,2171.33,327.25
20070903,930955,红利低波100,5211.73,5375.73,5211.73,5363.92,,3.96,2679.47,413.03
20070904,930955,红利低波100,5377.69,5377.69,5279.29,5294.94,,-1.29,2777.24,423.07
20070905,930955,红利低波100,5324.51,5358.34,5256.21,5358.34,,1.2,2190.37,341.63
20070906,930955,红利低波100,5389.12,5444.82,5379.52,5416.01,,1.08,2183.15,340.72
20070907,930955,红利低波100,5384.13,5384.13,5282.59,5299.92,,-2.14,2330.2,368.02
20070910,930955,红利低波100,5226.42,5392.57,5166.12,5392.57,,1.75,1891.93,300.3
20070911,930955,红利低波100,5394.89,5467.7,5067.66,5072.31,,-5.94,2038.7,326.65
20070912,930955,红利低波100,5043.43,5151.78,4999.87,5151.78,,1.57,1868.43,291.59
20070913,930955,红利低波100,5177.5,5328.84,5172.87,5328.84,,3.44,1860.98,298.3
20070914,930955,红利低波100,5363.99,5426.68,5292.21,5420.27,,1.72,1900.62,314.81
20070917,930955,红利低波100,5401.47,5583.68,5401.47,5579.41,,2.94,2190.42,346.54
20070918,930955,红利低波100,5602.75,5614.29,5513.98,5614.29,,0.63,2152.23,347.19
20070919,930955,红利低波100,5609.4,5636.94,5515.27,5535.36,,-1.41,1887.25,321.05
20070920,930955,红利低波100,5556.89,5622.49,5542.71,5612.85,,1.4,1597.69,271.16
20070921,930955,红利低波100,5625.09,5625.09,5433.89,5575.21,,-0.67,1987.66,316.19
20070924,930955,红利低波100,5581.49,5624.5,5507.28,5602.65,,0.49,1830.16,315.28
20070925,930955,红利低波100,5600.56,5600.56,5451.12,5477.12,,-2.24,1338.97,229.07
20070926,930955,红利低波100,5464.55,5508.15,5338.37,5349.17,,-2.34,1139.18,196.21
20070927,930955,红利低波100,5361.39,5444.69,5320.43,5444.69,,1.79,1025.33,173.72
20070928,930955,红利低波100,5498.82,5610.77,5498.82,5592.36,,2.71,1673.24,278.74
20071008,930955,红利低波100,5615.15,5615.15,5547.41,5547.68,,-0.8,1629.35,304.18
20071009,930955,红利低波100,5537.88,5548.45,5458.66,5548.45,,0.01,1374.52,261.32
20071010,930955,红利低波100,5561.22,5600.55,5510.94,5525.7,,-0.41,1756.61,323.02
20071011,930955,红利低波100,5527.9,5527.9,5442.88,5476.13,,-0.9,1991.94,367.83
20071012,930955,红利低波100,5487.21,5487.21,5153.09,5393.31,,-1.51,2755.16,502.35
20071015,930955,红利低波100,5398.31,5494.17,5308.06,5494.17,,1.87,2548.26,473.8
20071016,930955,红利低波100,5515.32,5533.84,5445.41,5533.84,,0.72,2135.38,423.55
20071017,930955,红利低波100,5534.26,5543.52,5484.91,5543.52,,0.18,1815.24,361.59
20071018,930955,红利低波100,5530.45,5530.45,5362.74,5362.74,,-3.26,1697.67,324.66
20071019,930955,红利低波100,5397.34,5422.24,5340.11,5363.12,,0.01,1311.04,252.56
20071022,930955,红利低波100,5309.01,5330.37,5186.41,5188.98,,-3.25,1177.54,211.06
20071023,930955,红利低波100,5188.9,5233.62,5063.55,5233.62,,0.86,1298.77,246.45
20071024,930955,红利低波100,5252.32,5254.87,5176.9,5181.09,,-1.0,1469.13,289.79
20071025,930955,红利低波100,5144.33,5144.33,4815.55,4815.97,,-7.05,1652.56,298.85
20071026,930955,红利低波100,4770.84,4848.46,4739.46,4828.49,,0.26,1134.99,207.7
20071029,930955,红利低波100,4869.03,4986.47,4858.78,4986.47,,3.27,997.3,187.06
20071030,930955,红利低波100,5003.67,5059.84,4931.9,5059.84,,1.47,1380.7,255.68
20071031,930955,红利低波100,5103.92,5184.2,5087.29,5173.65,,2.25,1602.83,305.37
20071101,930955,红利低波100,5192.19,5192.19,5044.42,5044.42,,-2.5,1490.55,298.04
20071102,930955,红利低波100,4970.48,4981.2,4914.2,4924.65,,-2.37,1425.36,274.44
20071105,930955,红利低波100,4910.95,5002.45,4884.03,4957.49,,0.67,1164.51,231.77
20071106,930955,红利低波100,4950.51,4991.05,4935.03,4952.65,,-0.1,922.94,168.75
20071107,930955,红利低波100,4965.05,4989.4,4863.23,4945.07,,-0.15,799.97,146.25
20071108,930955,红利低波100,4926.07,4926.07,4747.43,4747.43,,-4.0,1048.15,178.95
20071109,930955,红利低波100,4712.3,4747.68,4629.16,4696.21,,-1.08,1043.31,177.68
20071112,930955,红利低波100,4607.72,4663.69,4486.33,4625.66,,-1.5,1200.72,190.06
20071113,930955,红利低波100,4661.18,4741.1,4597.66,4658.41,,0.71,1170.93,192.95
20071114,930955,红利低波100,4720.38,4827.47,4684.2,4827.47,,3.63,1104.94,191.1
20071115,930955,红利低波100,4825.6,4837.98,4745.92,4752.86,,-1.55,774.45,122.13
20071116,930955,红利低波100,4701.53,4740.5,4656.02,4737.07,,-0.33,656.58,115.0
20071119,930955,红利低波100,4754.94,4823.31,4745.45,4817.88,,1.71,769.94,121.01
20071120,930955,红利低波100,4807.59,4917.7,4806.41,4899.93,,1.7,948.52,161.66
20071121,930955,红利低波100,4920.83,4933.56,4817.63,4817.63,,-1.68,760.54,128.04
20071122,930955,红利低波100,4744.18,4774.87,4617.84,4617.84,,-4.15,777.6,124.59
20071123,930955,红利低波100,4592.19,4724.53,4582.56,4724.53,,2.31,658.26,105.2
20071126,930955,红利低波100,4788.79,4800.09,4683.03,4685.46,,-0.83,717.92,121.54
20071127,930955,红利低波100,4658.83,4716.72,4635.59,4635.59,,-1.06,544.15,91.0
20071128,930955,红利低波100,4648.17,4695.5,4588.49,4612.75,,-0.49,644.48,110.35
20071129,930955,红利低波100,4663.27,4745.79,4601.48,4743.03,,2.82,1208.57,194.54
20071130,930955,红利低波100,4703.24,4730.13,4642.57,4647.82,,-2.01,836.86,135.8
20071203,930955,红利低波100,4638.07,4685.15,4628.48,4663.94,,0.35,640.65,103.38
20071204,930955,红利低波100,4676.63,4730.33,4676.63,4689.99,,0.56,693.02,114.98
20071205,930955,红利低波100,4697.79,4809.84,4687.41,4809.84,,2.56,1029.03,162.84
20071206,930955,红利低波100,4828.42,4840.99,4789.17,4833.79,,0.5,767.21,129.51
20071207,930955,红利低波100,4841.69,4934.93,4841.69,4934.93,,2.09,882.24,139.69
20071210,930955,红利低波100,4874.2,5073.47,4874.2,5072.11,,2.78,1320.62,219.62
20071211,930955,红利低波100,5090.18,5113.26,5048.74,5113.26,,0.81,1131.3,200.98
20071212,930955,红利低波100,5093.11,5160.36,5086.56,5137.19,,0.47,1077.66,200.06
20071213,930955,红利低波100,5127.48,5153.08,4957.78,4957.78,,-3.49,1094.79,188.56
20071214,930955,红利低波100,4903.57,5058.69,4892.4,5058.69,,2.04,872.8,147.36
20071217,930955,红利低波100,5067.56,5095.68,5042.84,5044.91,,-0.27,995.89,182.65
20071218,930955,红利低波100,5025.95,5058.03,5001.72,5030.83,,-0.28,682.63,121.48
20071219,930955,红利低波100,5055.22,5161.75,5055.22,5140.89,,2.19,1225.74,188.36
20071220,930955,红利低波100,5150.19,5220.1,5149.0,5209.75,,1.34,993.0,164.85
20071221,930955,红利低波100,5195.32,5292.93,5195.32,5292.93,,1.6,1147.24,196.66
20071224,930955,红利低波100,5327.25,5411.35,5327.25,5359.46,,1.26,1557.95,277.82
20071225,930955,红利低波100,5363.23,5398.51,5357.51,5390.63,,0.58,1106.95,194.76
20071226,930955,红利低波100,5404.54,5455.73,5382.18,5455.73,,1.21,1116.24,202.66
20071227,930955,红利低波100,5484.15,5518.36,5473.08,5504.75,,0.9,1661.25,294.1
20071228,930955,红利低波100,5520.16,5520.16,5440.91,5448.64,,-1.02,1398.82,256.11
20080102,930955,红利低波100,5468.76,5652.27,5458.9,5650.58,,3.71,1173.93,207.2
20080103,930955,红利低波100,5647.45,5781.61,5647.45,5780.25,,2.3,1891.24,312.91
20080104,930955,红利低波100,5793.41,5793.41,5731.8,5785.19,,0.09,1351.45,232.75
20080107,930955,红利低波100,5779.31,5867.5,5779.31,5857.48,,1.25,1367.61,241.47
20080108,930955,红利低波100,5857.47,5873.79,5688.47,5715.23,,-2.43,1664.08,303.42
20080109,930955,红利低波100,5685.41,5840.63,5685.41,5840.63,,2.19,1108.31,200.86
20080110,930955,红利低波100,5840.63,5883.3,5816.68,5844.66,,0.07,2009.82,350.05
20080111,930955,红利低波100,5849.5,5849.5,5730.94,5800.73,,-0.75,1381.53,259.59
20080114,930955,红利低波100,5801.18,5917.53,5801.18,5917.53,,2.01,1316.54,229.93
20080115,930955,红利低波100,5922.18,5975.52,5889.24,5957.37,,0.67,1347.34,242.02
20080116,930955,红利低波100,5924.8,5933.6,5849.4,5881.94,,-1.27,1320.65,226.82
20080117,930955,红利低波100,5841.85,5925.13,5573.48,5728.8,,-2.6,1654.62,293.13
20080118,930955,红利低波100,5724.93,5778.63,5674.27,5778.63,,0.87,1226.56,207.47
20080121,930955,红利低波100,5797.44,5797.44,5522.27,5528.48,,-4.33,1244.57,211.52
20080122,930955,红利低波100,5403.59,5403.59,5057.67,5084.77,,-8.03,1791.5,291.42
20080123,930955,红利低波100,5125.23,5371.2,5125.23,5369.78,,5.61,1470.39,234.63
20080124,930955,红利低波100,5410.47,5557.16,5371.09,5507.5,,2.57,1580.24,260.73
20080125,930955,红利低波100,5497.24,5568.97,5479.89,5493.91,,-0.25,1085.14,189.92
20080128,930955,红利低波100,5467.14,5467.14,5119.28,5120.01,,-6.81,1078.55,175.39
20080129,930955,红利低波100,5140.23,5248.14,5123.58,5217.75,,1.91,723.14,120.66
20080130,930955,红利低波100,5259.45,5320.64,5130.74,5215.71,,-0.04,748.93,120.97
20080131,930955,红利低波100,5204.24,5241.83,5073.32,5077.93,,-2.64,841.35,140.68
20080201,930955,红利低波100,5075.41,5075.41,4802.24,4939.5,,-2.73,933.82,144.96
20080204,930955,红利低波100,5050.39,5313.67,5050.39,5313.67,,7.58,1068.66,173.92
20080205,930955,红利低波100,5304.67,5346.3,5270.91,5301.84,,-0.22,778.75,128.79
20080213,930955,红利低波100,5256.64,5313.43,5200.32,5243.31,,-1.1,626.59,107.46
20080214,930955,红利低波100,5284.77,5361.16,5280.19,5338.91,,1.82,573.39,96.77
20080215,930955,红利低波100,5307.21,5307.21,5216.84,5290.12,,-0.91,775.97,129.78
20080218,930955,红利低波100,5355.08,5460.87,5355.08,5429.1,,2.63,928.5,157.6
20080219,930955,红利低波100,5439.35,5528.01,5417.79,5527.63,,1.82,973.38,165.23
20080220,930955,红利低波100,5543.8,5553.59,5439.29,5443.42,,-1.52,899.88,146.89
20080221,930955,红利低波100,5419.37,5520.97,5371.08,5497.93,,1.0,865.98,147.8
20080222,930955,红利低波100,5484.36,5490.17,5285.82,5361.94,,-2.47,957.41,154.2
20080225,930955,红利低波100,5364.72,5364.72,5190.82,5193.13,,-3.15,1032.42,152.4
20080226,930955,红利低波100,5304.48,5304.48,5084.22,5207.02,,0.27,1071.69,158.28
20080227,930955,红利低波100,5230.24,5327.63,5216.03,5327.63,,2.32,799.71,119.22
20080228,930955,红利低波100,5343.84,5378.01,5293.18,5337.24,,0.18,631.62,95.15
20080229,930955,红利低波100,5334.11,5420.01,5334.11,5420.01,,1.55,626.19,95.52
20080303,930955,红利低波100,5412.16,5598.97,5412.16,5598.3,,3.29,998.23,162.15
20080304,930955,红利低波100,5608.67,5640.61,5528.29,5529.15,,-1.24,1155.42,175.67
20080305,930955,红利低波100,5507.76,5552.32,5403.39,5549.24,,0.36,1157.71,175.72
20080306,930955,红利低波100,5564.58,5617.7,5542.29,5567.78,,0.33,1023.67,156.99
20080307,930955,红利低波100,5537.26,5537.26,5441.38,5443.23,,-2.24,723.65,111.8
20080310,930955,红利低波100,5412.06,5412.06,5285.35,5292.0,,-2.78,956.61,142.31
20080311,930955,红利低波100,5253.86,5324.33,5164.08,5324.33,,0.61,691.77,107.49
20080312,930955,红利低波100,5405.54,5405.54,5191.62,5191.62,,-2.49,741.09,116.94
20080313,930955,红利低波100,5149.63,5149.63,4914.53,4984.28,,-3.99,1008.94,147.02
20080314,930955,红利低波100,4966.31,5003.51,4889.45,4964.58,,-0.4,645.01,94.96
20080317,930955,红利低波100,4940.64,4940.64,4636.86,4637.89,,-6.58,732.55,99.41
20080318,930955,红利低波100,4596.24,4687.27,4277.59,4352.92,,-6.14,952.2,119.43
20080319,930955,红利低波100,4430.18,4595.31,4374.96,4539.96,,4.3,962.93,129.63
20080320,930955,红利低波100,4478.01,4764.18,4347.12,4726.82,,4.12,1177.52,159.73
20080321,930955,红利低波100,4728.33,4821.69,4728.33,4801.74,,1.59,1050.43,143.67
20080324,930955,红利低波100,4859.39,4881.75,4684.12,4684.12,,-2.45,1013.47,140.95
20080325,930955,红利低波100,4609.53,4770.52,4607.69,4762.85,,1.68,747.17,107.04
20080326,930955,红利低波100,4784.97,4838.7,4707.77,4740.96,,-0.46,641.24,91.03
20080327,930955,红利低波100,4683.4,4683.4,4525.03,4528.43,,-4.48,747.04,101.09
20080328,930955,红利低波100,4482.78,4670.74,4393.16,4670.74,,3.14,884.58,114.59
20080331,930955,红利低波100,4567.56,4612.37,4517.32,4518.51,,-3.26,697.12,90.44
20080401,930955,红利低波100,4502.94,4517.17,4207.41,4208.47,,-6.86,974.24,128.24
20080402,930955,红利低波100,4248.31,4286.99,4061.95,4091.94,,-2.77,1053.28,140.24
20080403,930955,红利低波100,4069.72,4239.69,4011.16,4213.82,,2.98,793.34,105.97
20080407,930955,红利低波100,4165.24,4442.37,4165.24,4442.37,,5.42,989.04,134.61
20080408,930955,红利低波100,4436.47,4517.95,4422.27,4498.03,,1.25,1019.52,136.83
20080409,930955,红利低波100,4474.7,4536.39,4298.48,4298.48,,-4.44,945.82,128.82
20080410,930955,红利低波100,4251.4,4382.04,4210.13,4382.04,,1.94,660.6,88.08
20080411,930955,红利低波100,4403.66,4456.85,4384.24,4420.79,,0.88,629.55,87.03
20080414,930955,红利低波100,4342.44,4342.44,4160.25,4165.24,,-5.78,767.37,103.85
20080415,930955,红利低波100,4138.09,4250.36,4078.68,4250.36,,2.04,641.79,84.65
20080416,930955,红利低波100,4245.93,4245.93,4144.53,4156.19,,-2.22,764.31,96.61
20080417,930955,红利低波100,4154.05,4203.37,3980.97,4010.51,,-3.51,782.22,94.87
20080418,930955,红利低波100,3986.48,3986.48,3827.28,3830.84,,-4.48,640.18,78.02
20080421,930955,红利低波100,4079.98,4079.98,3813.6,3839.01,,0.21,888.63,117.05
20080422,930955,红利低波100,3791.76,3822.22,3653.99,3817.35,,-0.56,684.42,90.15
20080423,930955,红利低波100,3775.38,3960.51,3773.93,3944.24,,3.32,1090.6,134.0
20080424,930955,红利低波100,4261.59,4312.13,4171.45,4311.74,,9.32,2445.62,349.49
20080425,930955,红利低波100,4295.47,4449.28,4279.96,4325.94,,0.33,1919.55,264.77
20080428,930955,红利低波100,4269.33,4317.68,4239.47,4265.22,,-1.4,982.37,132.82
20080429,930955,红利低波100,4247.93,4331.43,4247.93,4322.29,,1.34,1092.24,145.07
20080430,930955,红利低波100,4329.75,4501.32,4329.75,4493.22,,3.96,1774.21,240.96
20080505,930955,红利低波100,4542.78,4618.82,4505.56,4609.08,,2.58,1452.15,204.68
20080506,930955,红利低波100,4578.78,4622.07,4523.31,4572.77,,-0.79,1381.42,189.3
20080507,930955,红利低波100,4547.42,4592.04,4378.27,4378.27,,-4.25,1351.13,186.63
20080508,930955,红利低波100,4336.21,4499.57,4336.21,4499.57,,2.77,1167.73,145.2
20080509,930955,红利低波100,4531.46,4551.97,4405.09,4477.95,,-0.48,1323.57,186.81
20080512,930955,红利低波100,4423.11,4588.01,4402.11,4557.14,,1.77,1003.14,141.2
20080513,930955,红利低波100,4419.59,4570.88,4419.59,4522.0,,-0.77,1229.15,161.95
20080514,930955,红利低波100,4518.7,4614.93,4518.7,4614.93,,2.06,1091.85,148.48
20080515,930955,红利低波100,4646.52,4710.14,4612.15,4612.75,,-0.05,1174.81,154.03
20080516,930955,红利低波100,4615.47,4639.05,4496.34,4559.03,,-1.17,752.4,117.22
20080519,930955,红利低波100,4546.81,4568.84,4504.43,4546.13,,-0.28,604.87,85.06
20080520,930955,红利低波100,4552.39,4575.64,4284.29,4284.29,,-5.76,867.08,116.67
20080521,930955,红利低波100,4237.16,4362.46,4147.8,4362.46,,1.82,1061.91,131.48
20080522,930955,红利低波100,4324.03,4374.05,4291.89,4303.55,,-1.35,1053.01,124.87
20080523,930955,红利低波100,4289.13,4312.92,4190.29,4259.54,,-1.02,929.4,113.81
20080526,930955,红利低波100,4239.87,4239.87,4152.28,4153.68,,-2.49,576.93,71.58
20080527,930955,红利低波100,4142.93,4185.62,4132.67,4178.5,,0.6,531.55,67.19
20080528,930955,红利低波100,4182.69,4280.92,4164.62,4271.66,,2.23,637.47,84.28
20080529,930955,红利低波100,4266.11,4273.29,4178.34,4178.8,,-2.17,716.06,94.22
20080530,930955,红利低波100,4179.17,4217.27,4152.69,4210.58,,0.76,630.32,77.79
20080602,930955,红利低波100,4202.35,4260.31,4180.29,4246.44,,0.85,727.59,83.31
20080603,930955,红利低波100,4255.94,4255.94,4190.05,4217.31,,-0.69,1500.19,169.68
20080604,930955,红利低波100,4199.68,4199.68,4115.85,4145.74,,-1.7,930.26,108.49
20080605,930955,红利低波100,4123.89,4153.66,4094.87,4120.61,,-0.61,703.0,85.03
20080606,930955,红利低波100,4139.7,4139.7,4081.73,4094.73,,-0.63,655.32,74.74
20080610,930955,红利低波100,3936.6,3936.6,3734.75,3747.96,,-8.47,921.41,102.82
20080611,930955,红利低波100,3705.32,3721.98,3633.27,3683.03,,-1.73,754.67,84.91
20080612,930955,红利低波100,3667.0,3690.18,3577.22,3628.62,,-1.48,854.82,90.67
20080613,930955,红利低波100,3629.3,3651.05,3514.73,3519.23,,-3.02,574.83,63.79
20080616,930955,红利低波100,3517.82,3530.55,3429.62,3461.36,,-1.64,622.03,68.87
20080617,930955,红利低波100,3457.46,3481.59,3295.75,3299.21,,-4.68,640.75,64.53
20080618,930955,红利低波100,3280.44,3472.3,3209.36,3452.36,,4.64,1042.78,109.29
20080619,930955,红利低波100,3422.32,3422.32,3163.68,3164.6,,-8.34,900.08,93.52
20080620,930955,红利低波100,3215.78,3340.6,3102.34,3250.59,,2.72,1414.94,149.84
20080623,930955,红利低波100,3212.89,3265.37,3195.03,3207.82,,-1.32,666.82,68.0
20080624,930955,红利低波100,3198.53,3275.95,3193.23,3270.88,,1.97,912.64,88.55
20080625,930955,红利低波100,3263.31,3419.47,3263.31,3419.47,,4.54,1064.58,106.75
20080626,930955,红利低波100,3411.9,3453.93,3366.38,3430.06,,0.31,957.69,100.65
20080627,930955,红利低波100,3322.45,3326.9,3185.82,3219.24,,-6.15,882.26,82.3
20080630,930955,红利低波100,3188.65,3231.85,3154.89,3202.79,,-0.51,539.09,58.47
20080701,930955,红利低波100,3206.68,3206.68,3123.91,3129.22,,-2.3,538.62,48.89
20080702,930955,红利低波100,3134.7,3193.54,3123.45,3164.31,,1.12,532.19,47.98
20080703,930955,红利低波100,3131.45,3290.37,3091.21,3264.41,,3.16,868.55,79.32
20080704,930955,红利低波100,3250.35,3291.42,3232.13,3264.15,,-0.01,592.35,56.3
20080707,930955,红利低波100,3275.42,3426.41,3275.42,3426.41,,4.97,1056.1,98.5
20080708,930955,红利低波100,3437.24,3460.16,3387.83,3454.7,,0.83,1030.07,99.11
20080709,930955,红利低波100,3474.22,3565.65,3474.22,3565.65,,3.21,1451.59,138.29
20080710,930955,红利低波100,3514.33,3575.73,3496.79,3496.79,,-1.93,1161.07,113.05
20080711,930955,红利低波100,3479.68,3495.8,3421.5,3460.58,,-1.04,845.0,78.2
20080714,930955,红利低波100,3436.31,3510.97,3432.43,3510.97,,1.46,629.59,60.14
20080715,930955,红利低波100,3526.15,3548.26,3417.84,3421.71,,-2.54,905.12,84.02
20080716,930955,红利低波100,3396.19,3396.19,3225.91,3277.26,,-4.22,756.47,69.44
20080717,930955,红利低波100,3323.27,3346.46,3256.32,3259.39,,-0.55,618.24,57.82
20080718,930955,红利低波100,3287.29,3368.79,3228.39,3368.79,,3.36,798.19,73.37
20080721,930955,红利低波100,3356.76,3491.32,3343.16,3486.77,,3.5,895.64,85.38
20080722,930955,红利低波100,3481.09,3502.41,3460.17,3487.63,,0.03,662.96,65.36
20080723,930955,红利低波100,3505.87,3528.58,3459.58,3461.13,,-0.76,707.22,65.84
20080724,930955,红利低波100,3487.82,3558.03,3486.33,3558.03,,2.8,888.84,84.33
20080725,930955,红利低波100,3519.26,3532.74,3497.27,3506.54,,-1.45,658.85,64.02
20080728,930955,红利低波100,3526.46,3562.34,3526.46,3552.0,,1.3,715.41,73.84
20080729,930955,红利低波100,3519.19,3519.19,3461.66,3489.35,,-1.76,720.46,69.85
20080730,930955,红利低波100,3528.73,3532.47,3461.67,3484.26,,-0.15,653.66,64.43
20080731,930955,红利低波100,3488.97,3488.97,3371.35,3371.9,,-3.23,602.75,57.6
20080801,930955,红利低波100,3356.37,3428.99,3312.83,3408.38,,1.08,639.84,59.38
20080804,930955,红利低波100,3384.45,3392.29,3333.19,3335.88,,-2.13,459.48,43.69
20080805,930955,红利低波100,3339.2,3341.83,3261.74,3266.2,,-2.09,555.71,50.53
20080806,930955,红利低波100,3282.46,3314.83,3245.18,3285.15,,0.58,513.88,49.44
20080807,930955,红利低波100,3287.49,3305.83,3260.09,3301.32,,0.49,506.88,48.94
20080808,930955,红利低波100,3303.64,3303.64,3103.58,3104.52,,-5.96,652.3,60.03
20080811,930955,红利低波100,3100.15,3100.15,2918.8,2928.36,,-5.67,691.09,57.65
20080812,930955,红利低波100,2901.35,2954.21,2887.66,2936.77,,0.29,522.25,42.71
20080813,930955,红利低波100,2924.03,2952.91,2859.25,2950.82,,0.48,565.72,45.72
20080814,930955,红利低波100,2935.51,2970.97,2931.97,2962.01,,0.38,369.15,31.03
20080815,930955,红利低波100,2961.49,2990.9,2931.98,2966.35,,0.15,385.84,31.25
20080818,930955,红利低波100,2975.61,2975.61,2805.58,2805.58,,-5.42,497.85,37.77
20080819,930955,红利低波100,2785.84,2857.94,2785.84,2857.94,,1.87,399.81,29.69
20080820,930955,红利低波100,2852.91,3069.25,2810.37,3062.86,,7.17,1014.66,80.69
20080821,930955,红利低波100,3015.04,3046.81,2938.57,2951.8,,-3.63,725.55,59.45
20080822,930955,红利低波100,2932.71,2932.71,2864.28,2907.8,,-1.49,485.51,39.26
20080825,930955,红利低波100,2906.72,2934.96,2879.84,2895.7,,-0.42,332.73,27.56
20080826,930955,红利低波100,2872.51,2872.51,2753.95,2788.07,,-3.72,437.49,35.16
20080827,930955,红利低波100,2778.83,2814.22,2732.62,2768.68,,-0.7,417.13,33.79
20080828,930955,红利低波100,2764.06,2787.7,2748.1,2763.31,,-0.19,357.61,29.05
20080829,930955,红利低波100,2771.83,2866.88,2771.83,2851.79,,3.2,515.86,40.85
20080901,930955,红利低波100,2840.64,2840.64,2770.2,2783.74,,-2.39,386.63,30.87
20080902,930955,红利低波100,2771.23,2804.78,2750.19,2789.53,,0.21,336.95,25.92
20080903,930955,红利低波100,2783.79,2803.22,2749.07,2779.91,,-0.35,410.86,32.99
20080904,930955,红利低波100,2780.85,2816.19,2764.04,2796.07,,0.58,360.97,28.28
20080905,930955,红利低波100,2734.15,2751.27,2710.37,2711.83,,-3.01,420.23,31.07
20080908,930955,红利低波100,2709.75,2709.75,2613.78,2616.52,,-3.52,391.15,29.23
20080909,930955,红利低波100,2624.54,2650.52,2609.57,2647.45,,1.18,347.86,25.12
20080910,930955,红利低波100,2637.35,2698.14,2620.78,2669.31,,0.83,385.7,28.82
20080911,930955,红利低波100,2667.1,2682.95,2627.1,2634.11,,-1.32,364.47,26.9
20080912,930955,红利低波100,2634.04,2677.76,2634.04,2652.82,,0.71,336.8,23.94
20080916,930955,红利低波100,2650.48,2654.83,2606.04,2630.18,,-0.85,492.34,38.36
20080917,930955,红利低波100,2623.01,2648.26,2590.03,2596.23,,-1.29,545.43,39.23
20080918,930955,红利低波100,2558.82,2558.82,2407.45,2518.62,,-2.99,767.37,49.24
20080919,930955,红利低波100,2727.57,2744.65,2708.74,2744.65,,8.97,829.47,65.33
20080922,930955,红利低波100,2900.01,2982.69,2774.96,2843.29,,3.59,2169.18,175.93
20080923,930955,红利低波100,2758.02,2758.02,2683.9,2684.82,,-5.57,1033.86,77.34
20080924,930955,红利低波100,2646.29,2723.04,2634.42,2723.04,,1.42,921.22,69.49
20080925,930955,红利低波100,2729.3,2813.96,2729.3,2796.69,,2.7,1372.14,104.06
20080926,930955,红利低波100,2813.39,2832.94,2769.96,2815.81,,0.68,1092.07,85.02
20081006,930955,红利低波100,2774.21,2774.21,2706.62,2706.62,,-3.88,755.19,61.23
20081007,930955,红利低波100,2639.8,2733.85,2632.05,2711.15,,0.17,689.94,52.12
20081008,930955,红利低波100,2664.61,2688.08,2644.71,2651.32,,-2.21,600.9,48.27
20081009,930955,红利低波100,2693.45,2693.45,2629.1,2629.1,,-0.84,532.95,39.89
20081010,930955,红利低波100,2552.21,2552.21,2492.28,2512.6,,-4.43,703.48,47.32
20081013,930955,红利低波100,2495.85,2570.05,2435.66,2570.05,,2.29,636.98,45.3
20081014,930955,红利低波100,2643.88,2643.88,2514.97,2514.97,,-2.14,758.96,57.67
20081015,930955,红利低波100,2505.95,2510.13,2478.08,2499.35,,-0.62,511.88,37.14
20081016,930955,红利低波100,2430.59,2430.98,2385.52,2385.52,,-4.55,588.66,39.56
20081017,930955,红利低波100,2402.61,2416.34,2382.0,2407.89,,0.94,438.05,30.21
20081020,930955,红利低波100,2403.73,2467.77,2382.52,2467.77,,2.49,482.38,33.4
20081021,930955,红利低波100,2471.93,2489.54,2447.61,2447.61,,-0.82,538.52,38.02
20081022,930955,红利低波100,2431.3,2446.75,2404.27,2404.72,,-1.75,505.3,33.92
20081023,930955,红利低波100,2362.31,2410.26,2353.63,2410.26,,0.23,474.08,33.69
20081024,930955,红利低波100,2405.33,2415.34,2354.29,2367.68,,-1.77,481.17,36.37
20081027,930955,红利低波100,2333.73,2333.73,2196.72,2198.74,,-7.14,740.57,48.51
20081028,930955,红利低波100,2163.58,2253.89,2158.4,2242.8,,2.0,754.53,52.62
20081029,930955,红利低波100,2269.56,2269.56,2179.27,2179.27,,-2.83,601.95,41.27
20081030,930955,红利低波100,2189.41,2222.21,2165.52,2199.22,,0.92,673.16,43.0
20081031,930955,红利低波100,2199.46,2202.04,2154.9,2160.18,,-1.78,502.81,30.61
20081103,930955,红利低波100,2151.33,2163.15,2134.96,2138.22,,-1.02,410.43,25.08
20081104,930955,红利低波100,2132.59,2132.59,2089.13,2107.72,,-1.43,435.41,26.64
20081105,930955,红利低波100,2115.73,2183.05,2115.73,2174.37,,3.16,787.54,52.71
20081106,930955,红利低波100,2130.62,2148.31,2120.16,2140.62,,-1.55,567.71,35.64
20081107,930955,红利低波100,2116.36,2170.64,2116.35,2168.03,,1.28,539.38,36.1
20081110,930955,红利低波100,2197.47,2316.73,2197.47,2316.73,,6.86,1173.88,76.58
20081111,930955,红利低波100,2307.79,2327.78,2280.42,2281.25,,-1.53,1239.73,77.47
20081112,930955,红利低波100,2265.36,2323.17,2265.36,2323.17,,1.84,793.66,51.63
20081113,930955,红利低波100,2306.78,2443.21,2306.78,2421.81,,4.25,1460.8,92.94
20081114,930955,红利低波100,2438.16,2512.43,2408.46,2512.43,,3.74,1598.64,102.31
20081117,930955,红利低波100,2504.31,2609.69,2503.83,2609.69,,3.87,1644.74,107.15
20081118,930955,红利低波100,2591.39,2615.63,2403.29,2407.42,,-7.75,1654.44,104.23
20081119,930955,红利低波100,2396.05,2560.95,2396.05,2558.53,,6.28,1448.45,92.67
20081120,930955,红利低波100,2522.07,2588.27,2508.44,2549.71,,-0.34,1669.63,109.88
20081121,930955,红利低波100,2483.44,2564.3,2427.19,2522.06,,-1.08,1436.42,91.42
20081124,930955,红利低波100,2521.27,2528.12,2431.62,2432.05,,-3.57,919.06,60.37
20081125,930955,红利低波100,2459.94,2463.73,2384.39,2419.39,,-0.52,719.31,46.79
20081126,930955,红利低波100,2424.14,2473.85,2415.86,2458.43,,1.61,809.94,48.03
20081127,930955,红利低波100,2615.79,2615.79,2487.35,2487.35,,1.18,1485.42,95.43
20081128,930955,红利低波100,2472.12,2491.11,2435.85,2455.74,,-1.27,855.94,55.72
20081201,930955,红利低波100,2453.71,2521.72,2426.7,2521.72,,2.69,834.75,54.35
20081202,930955,红利低波100,2471.75,2561.23,2471.75,2552.99,,1.24,1155.34,76.91
20081203,930955,红利低波100,2584.27,2648.28,2584.27,2648.28,,3.73,1566.04,103.97
20081204,930955,红利低波100,2672.45,2737.22,2653.99,2654.04,,0.22,2376.11,152.98
20081205,930955,红利低波100,2634.5,2693.25,2633.07,2693.25,,1.48,1403.52,88.75
20081208,930955,红利低波100,2730.33,2787.76,2730.33,2787.76,,3.51,2258.53,152.13
20081209,930955,红利低波100,2795.51,2795.51,2709.46,2715.44,,-2.59,1662.45,111.13
20081210,930955,红利低波100,2701.56,2772.19,2683.16,2772.19,,2.09,1469.6,104.15
20081211,930955,红利低波100,2763.89,2778.34,2706.24,2707.7,,-2.33,1294.57,88.92
20081212,930955,红利低波100,2691.09,2691.09,2575.42,2599.83,,-3.98,1332.49,87.67
20081215,930955,红利低波100,2633.73,2656.81,2602.71,2645.45,,1.76,972.53,61.07
20081216,930955,红利低波100,2631.0,2669.38,2574.68,2669.38,,0.9,860.86,56.84
20081217,930955,红利低波100,2678.59,2723.62,2674.5,2701.14,,1.19,1157.66,77.76
20081218,930955,红利低波100,2701.5,2736.56,2672.7,2736.56,,1.31,1012.28,69.9
20081219,930955,红利低波100,2737.01,2784.77,2737.01,2766.11,,1.08,1174.65,81.77
20081222,930955,红利低波100,2767.24,2769.8,2727.25,2752.18,,-0.5,1022.18,68.71
20081223,930955,红利低波100,2756.56,2756.56,2603.94,2603.94,,-5.39,1151.27,76.38
20081224,930955,红利低波100,2574.46,2584.8,2531.5,2548.73,,-2.12,800.98,51.54
20081225,930955,红利低波100,2554.69,2573.08,2509.37,2544.31,,-0.17,706.77,45.83
20081226,930955,红利低波100,2543.46,2558.9,2520.84,2532.12,,-0.48,685.24,46.81
20081229,930955,红利低波100,2521.19,2529.95,2476.06,2529.95,,-0.09,590.64,38.6
20081230,930955,红利低波100,2520.7,2543.8,2508.89,2514.12,,-0.63,719.37,44.56
20081231,930955,红利低波100,2513.35,2518.39,2484.24,2488.53,,-1.02,641.28,40.05
20090105,930955,红利低波100,2523.12,2577.08,2523.12,2577.08,,3.56,983.4,58.06
20090106,930955,红利低波100,2574.52,2661.73,2570.94,2658.05,,3.14,1557.33,95.64
20090107,930955,红利低波100,2658.31,2665.86,2635.86,2648.41,,-0.36,1402.65,88.73
20090108,930955,红利低波100,2609.02,2614.64,2578.37,2587.98,,-2.28,1167.21,73.77
20090109,930955,红利低波100,2592.43,2644.89,2592.43,2644.89,,2.2,1032.01,66.14
20090112,930955,红利低波100,2640.16,2701.93,2640.16,2673.65,,1.09,1246.96,82.51
20090113,930955,红利低波100,2654.05,2670.98,2626.22,2628.89,,-1.67,1116.93,68.56
20090114,930955,红利低波100,2628.89,2708.18,2626.93,2708.18,,3.02,1107.92,72.64
20090115,930955,红利低波100,2687.26,2738.42,2685.72,2713.3,,0.19,1494.82,96.99
20090116,930955,红利低波100,2721.44,2770.98,2721.44,2739.67,,0.97,1857.82,128.5
20090119,930955,红利低波100,2760.0,2773.39,2718.48,2738.87,,-0.03,1668.52,116.58
20090120,930955,红利低波100,2735.52,2762.09,2710.35,2762.09,,0.85,1217.83,78.37
20090121,930955,红利低波100,2729.64,2767.53,2727.87,2742.67,,-0.7,1215.74,86.75
20090122,930955,红利低波100,2751.58,2775.01,2737.98,2775.01,,1.18,1222.58,86.38
20090123,930955,红利低波100,2770.14,2787.81,2752.65,2765.05,,-0.36,1447.14,92.84
20090202,930955,红利低波100,2786.36,2827.68,2774.35,2827.68,,2.27,1208.11,79.31
20090203,930955,红利低波100,2831.0,2909.86,2831.0,2909.86,,2.91,1997.9,134.27
20090204,930955,红利低波100,2919.4,2972.63,2919.4,2972.63,,2.16,2387.64,160.4
20090205,930955,红利低波100,2970.37,3004.36,2924.16,2937.39,,-1.19,2810.35,186.49
20090206,930955,红利低波100,2942.94,3059.89,2942.94,3059.75,,4.17,2507.21,173.14
20090209,930955,红利低波100,3105.65,3146.43,3074.31,3140.18,,2.63,3062.89,215.91
20090210,930955,红利低波100,3129.15,3195.81,3095.54,3195.81,,1.77,2701.63,194.28
20090211,930955,红利低波100,3142.15,3255.56,3142.15,3213.9,,0.57,3532.39,262.65
20090212,930955,红利低波100,3219.64,3236.88,3121.49,3236.88,,0.72,2669.72,199.25
20090213,930955,红利低波100,3241.44,3358.52,3236.89,3353.03,,3.59,3319.39,241.82
20090216,930955,红利低波100,3388.16,3450.28,3338.66,3450.28,,2.9,3974.81,293.4
20090217,930955,红利低波100,3452.94,3454.45,3318.34,3319.57,,-3.79,3644.2,267.87
20090218,930955,红利低波100,3243.14,3299.8,3146.15,3148.17,,-5.16,2727.06,200.42
20090219,930955,红利低波100,3182.82,3234.2,3167.1,3221.22,,2.32,2231.67,156.68
20090220,930955,红利低波100,3233.27,3315.9,3205.16,3315.9,,2.94,2254.82,168.5
20090223,930955,红利低波100,3299.58,3420.36,3265.75,3411.79,,2.89,2587.69,198.09
20090224,930955,红利低波100,3384.32,3442.71,3310.06,3310.06,,-2.98,3041.85,225.95
20090225,930955,红利低波100,3344.19,3362.44,3234.47,3319.43,,0.28,2589.7,203.95
20090226,930955,红利低波100,3314.95,3349.73,3066.46,3103.48,,-6.51,2546.35,207.78
20090227,930955,红利低波100,3066.48,3069.11,2932.83,2955.72,,-4.76,1879.09,123.22
20090302,930955,红利低波100,2929.62,3019.87,2929.62,3010.27,,1.85,1373.33,106.28
20090303,930955,红利低波100,2938.96,3036.08,2931.67,3013.78,,0.12,1607.84,112.47
20090304,930955,红利低波100,3020.15,3190.31,3020.15,3186.01,,5.72,2383.81,177.92
20090305,930955,红利低波100,3219.24,3243.48,3159.05,3222.48,,1.15,2907.47,226.36
20090306,930955,红利低波100,3168.44,3216.07,3161.86,3198.58,,-0.74,1875.99,150.21
20090309,930955,红利低波100,3216.83,3243.88,3069.68,3069.68,,-4.03,1827.32,144.12
20090310,930955,红利低波100,3044.41,3136.68,3032.02,3136.68,,2.18,1109.84,86.53
20090311,930955,红利低波100,3197.59,3197.59,3109.19,3115.14,,-0.69,1682.49,124.58
20090312,930955,红利低波100,3100.9,3110.45,3030.53,3110.37,,-0.15,1184.97,89.54
20090313,930955,红利低波100,3124.32,3140.73,3079.13,3082.67,,-0.89,1064.02,81.79
20090316,930955,红利低波100,3081.0,3115.27,3061.78,3112.23,,0.96,998.46,71.78
20090317,930955,红利低波100,3121.56,3223.12,3115.54,3220.26,,3.47,1884.36,142.35
20090318,930955,红利低波100,3235.25,3308.91,3235.25,3258.76,,1.2,2229.42,167.58
20090319,930955,红利低波100,3268.72,3330.69,3265.73,3330.69,,2.21,2199.33,164.57
20090320,930955,红利低波100,3335.41,3335.41,3273.91,3307.24,,-0.7,2269.46,169.76
20090323,930955,红利低波100,3320.47,3376.16,3320.31,3369.04,,1.87,2393.42,184.45
20090324,930955,红利低波100,3407.66,3407.66,3370.45,3390.75,,0.64,2464.69,195.92
20090325,930955,红利低波100,3380.16,3381.43,3301.06,3301.06,,-2.65,2090.49,164.39
20090326,930955,红利低波100,3304.91,3376.47,3278.95,3376.47,,2.28,2169.38,184.38
20090327,930955,红利低波100,3398.97,3443.51,3398.6,3417.14,,1.21,3451.92,248.74
20090330,930955,红利低波100,3424.71,3430.84,3402.24,3413.58,,-0.1,2317.89,179.36
20090331,930955,红利低波100,3349.38,3429.35,3328.32,3429.35,,0.46,2040.78,169.94
20090401,930955,红利低波100,3446.3,3494.16,3446.3,3487.25,,1.69,2828.43,235.15
20090402,930955,红利低波100,3497.18,3538.42,3497.18,3505.57,,0.53,3107.42,251.93
20090403,930955,红利低波100,3525.82,3525.82,3462.07,3474.49,,-0.89,2488.94,208.83
20090407,930955,红利低波100,3482.86,3506.02,3471.46,3505.85,,0.9,1757.89,150.9
20090408,930955,红利低波100,3495.7,3495.7,3393.98,3393.98,,-3.19,2023.04,170.24
20090409,930955,红利低波100,3384.81,3445.74,3375.74,3445.74,,1.53,1539.79,131.18
20090410,930955,红利低波100,3465.31,3535.5,3460.56,3535.5,,2.61,2281.93,201.81
20090413,930955,红利低波100,3564.39,3621.1,3564.39,3610.98,,2.14,3351.73,274.87
20090414,930955,红利低波100,3613.89,3666.59,3607.0,3662.88,,1.44,2735.93,226.43
20090415,930955,红利低波100,3645.86,3680.51,3602.25,3680.51,,0.48,3042.8,241.33
20090416,930955,红利低波100,3682.21,3720.88,3662.96,3700.93,,0.56,3364.91,265.94
20090417,930955,红利低波100,3696.7,3706.07,3632.08,3651.39,,-1.34,2534.51,213.23
20090420,930955,红利低波100,3650.57,3753.51,3650.57,3753.51,,2.8,2387.48,209.4
20090421,930955,红利低波100,3720.47,3766.53,3693.54,3749.47,,-0.11,2870.71,239.28
20090422,930955,红利低波100,3767.71,3805.05,3611.66,3611.66,,-3.68,3277.3,270.5
20090423,930955,红利低波100,3584.86,3638.42,3559.33,3625.12,,0.37,1963.87,153.24
20090424,930955,红利低波100,3640.72,3654.73,3616.86,3617.62,,-0.21,1868.36,161.9
20090427,930955,红利低波100,3610.04,3610.04,3487.21,3487.21,,-3.61,2123.9,168.12
20090428,930955,红利低波100,3463.02,3506.13,3456.96,3500.14,,0.37,1468.32,126.73
20090429,930955,红利低波100,3504.75,3585.38,3504.75,3585.38,,2.44,2044.68,178.0
20090430,930955,红利低波100,3600.39,3638.44,3590.13,3623.95,,1.08,2143.82,185.88
20090504,930955,红利低波100,3637.5,3741.3,3637.5,3741.3,,3.24,2565.37,214.51
20090505,930955,红利低波100,3764.86,3773.25,3730.11,3762.61,,0.57,2530.48,215.18
20090506,930955,红利低波100,3757.09,3810.28,3757.09,3810.14,,1.26,2418.05,212.0
20090507,930955,红利低波100,3831.5,3843.1,3737.82,3786.12,,-0.63,2748.03,239.78
20090508,930955,红利低波100,3769.8,3802.07,3727.78,3793.02,,0.18,2540.99,245.25
20090511,930955,红利低波100,3810.98,3827.2,3692.84,3692.84,,-2.64,3184.76,287.67
20090512,930955,红利低波100,3666.56,3789.87,3666.56,3789.87,,2.63,2423.61,200.13
20090513,930955,红利低波100,3794.02,3809.83,3772.01,3801.35,,0.3,2754.55,233.79
20090514,930955,红利低波100,3772.29,3809.27,3762.97,3802.33,,0.03,2069.41,174.58
20090515,930955,红利低波100,3809.17,3816.1,3770.89,3800.89,,-0.04,1711.96,146.08
20090518,930955,红利低波100,3793.22,3826.49,3743.67,3825.64,,0.65,2239.61,232.06
20090519,930955,红利低波100,3847.89,3867.13,3832.93,3851.88,,0.69,2705.73,240.72
20090520,930955,红利低波100,3863.0,3864.26,3824.54,3824.54,,-0.71,2311.33,201.88
20090521,930955,红利低波100,3804.51,3817.55,3746.55,3758.87,,-1.72,2162.09,188.25
20090522,930955,红利低波100,3745.47,3792.79,3745.47,3772.35,,0.36,1472.85,123.79
20090525,930955,红利低波100,3694.36,3772.09,3660.28,3762.57,,-0.26,1812.13,159.05
20090526,930955,红利低波100,3769.76,3822.21,3769.76,3786.01,,0.62,1603.9,143.13
20090527,930955,红利低波100,3800.29,3811.68,3766.98,3801.4,,0.41,1707.79,152.71
20090601,930955,红利低波100,3822.66,3866.02,3822.66,3865.61,,1.69,2555.45,233.9
20090602,930955,红利低波100,3881.28,3892.16,3864.47,3870.3,,0.12,2636.0,239.54
20090603,930955,红利低波100,3869.81,3923.46,3869.18,3923.46,,1.37,2772.84,251.08
20090604,930955,红利低波100,3917.69,3960.27,3902.33,3958.25,,0.89,3738.0,325.76
20090605,930955,红利低波100,3968.6,3986.07,3939.78,3940.14,,-0.46,2896.32,254.26
20090608,930955,红利低波100,3939.9,3952.23,3899.8,3919.29,,-0.53,2036.28,193.59
20090609,930955,红利低波100,3916.38,3945.2,3853.81,3945.2,,0.66,2114.63,194.01
20090610,930955,红利低波100,3955.42,4018.3,3954.66,4018.3,,1.85,2814.92,251.36
20090611,930955,红利低波100,4015.13,4021.24,3962.1,3963.77,,-1.36,2318.75,216.34
20090612,930955,红利低波100,3953.94,3963.38,3853.98,3881.4,,-2.08,2003.22,184.29
20090615,930955,红利低波100,3863.48,3938.78,3863.48,3938.78,,1.48,1549.51,158.98
20090616,930955,红利低波100,3914.81,3951.58,3914.81,3944.93,,0.16,1601.56,150.94
20090617,930955,红利低波100,3945.89,3992.44,3932.51,3992.44,,1.2,1681.55,157.62
20090618,930955,红利低波100,4004.69,4024.04,3998.14,4024.04,,0.79,2250.86,207.93
20090619,930955,红利低波100,4031.11,4056.05,4001.17,4053.3,,0.73,2654.06,221.48
20090622,930955,红利低波100,4076.71,4102.4,4044.51,4052.42,,-0.02,2989.97,256.84
20090623,930955,红利低波100,4005.08,4100.94,4005.08,4075.91,,0.58,3188.07,265.88
20090624,930955,红利低波100,4080.23,4148.39,4080.23,4147.29,,1.75,3185.57,272.06
20090625,930955,红利低波100,4150.51,4156.32,4119.49,4137.19,,-0.24,2353.0,211.86
20090626,930955,红利低波100,4142.26,4147.48,4120.11,4131.9,,-0.13,1642.26,144.99
20090629,930955,红利低波100,4136.51,4156.62,4125.68,4156.62,,0.6,2009.39,192.41
20090630,930955,红利低波100,4171.02,4171.02,4097.93,4109.54,,-1.13,2150.32,195.55
20090701,930955,红利低波100,4098.75,4145.97,4098.75,4145.97,,0.89,2128.02,202.59
20090702,930955,红利低波100,4164.6,4176.15,4132.08,4166.36,,0.49,2521.37,241.6
20090703,930955,红利低波100,4144.24,4193.23,4144.24,4192.06,,0.62,2469.76,241.86
20090706,930955,红利低波100,4210.71,4283.65,4210.71,4281.4,,2.13,3808.21,355.92
20090707,930955,红利低波100,4283.1,4341.4,4277.17,4300.33,,0.44,3732.59,353.62
20090708,930955,红利低波100,4274.05,4313.74,4232.15,4304.74,,0.1,2554.83,257.1
20090709,930955,红利低波100,4308.41,4379.97,4308.41,4379.97,,1.75,2658.97,267.16
20090710,930955,红利低波100,4387.35,4407.16,4375.21,4384.94,,0.11,2486.93,261.3
20090713,930955,红利低波100,4376.47,4429.5,4373.7,4401.34,,0.37,2359.58,242.16
20090714,930955,红利低波100,4428.56,4496.15,4423.47,4496.15,,2.15,3097.51,310.14
20090715,930955,红利低波100,4507.05,4571.18,4507.05,4555.0,,1.31,3324.88,335.91
20090716,930955,红利低波100,4579.74,4579.74,4517.82,4529.96,,-0.55,2753.65,294.79
20090717,930955,红利低波100,4521.04,4549.78,4501.55,4535.72,,0.13,2285.99,242.37
20090720,930955,红利低波100,4550.35,4627.5,4550.35,4627.5,,2.02,3175.54,345.74
20090721,930955,红利低波100,4636.49,4636.49,4510.22,4511.71,,-2.5,3151.02,348.82
20090722,930955,红利低波100,4506.17,4565.37,4506.17,4564.65,,1.17,2809.78,301.12
20090723,930955,红利低波100,4574.52,4610.34,4552.08,4610.34,,1.0,3251.48,354.79
20090724,930955,红利低波100,4627.43,4627.43,4511.42,4594.45,,-0.35,3363.72,364.28
20090727,930955,红利低波100,4607.88,4684.07,4607.88,4684.07,,1.95,3513.45,374.44
20090728,930955,红利低波100,4691.65,4791.27,4688.02,4791.27,,2.29,3774.96,391.39
20090729,930955,红利低波100,4790.07,4823.89,4506.39,4551.41,,-5.01,4505.05,460.17
20090730,930955,红利低波100,4564.88,4645.43,4514.98,4638.66,,1.92,3595.74,372.15
20090731,930955,红利低波100,4675.48,4788.99,4667.13,4785.41,,3.16,3793.23,409.66
20090803,930955,红利低波100,4810.26,4954.64,4810.26,4954.64,,3.54,3965.47,429.33
20090804,930955,红利低波100,4971.26,4985.18,4904.57,4985.18,,0.62,3924.97,419.12
20090805,930955,红利低波100,4981.19,5012.97,4878.12,4966.7,,-0.37,3557.42,398.43
20090806,930955,红利低波100,4930.82,4937.97,4806.64,4851.75,,-2.31,3027.7,343.03
20090807,930955,红利低波100,4849.23,4880.7,4722.36,4723.83,,-2.64,2849.5,310.87
20090810,930955,红利低波100,4773.38,4798.04,4683.2,4755.84,,0.68,2207.13,243.58
20090811,930955,红利低波100,4776.34,4789.52,4729.73,4783.65,,0.59,1865.85,212.96
20090812,930955,红利低波100,4769.57,4769.57,4577.13,4577.98,,-4.3,2562.6,275.53
20090813,930955,红利低波100,4579.0,4588.85,4512.45,4567.14,,-0.24,2140.47,224.15
20090814,930955,红利低波100,4568.89,4568.89,4375.29,4375.29,,-4.2,2254.88,229.67
20090817,930955,红利低波100,4321.22,4345.96,4130.4,4132.38,,-5.55,2439.48,234.74
20090818,930955,红利低波100,4096.58,4234.1,4096.58,4234.03,,2.46,2241.54,199.57
20090819,930955,红利低波100,4231.17,4231.17,4015.14,4047.89,,-4.4,2299.41,217.69
20090820,930955,红利低波100,4049.1,4195.1,4049.1,4194.11,,3.61,2087.33,201.69
20090821,930955,红利低波100,4187.58,4282.27,4181.03,4282.27,,2.1,2289.66,216.75
20090824,930955,红利低波100,4290.35,4343.1,4248.7,4327.7,,1.06,2116.83,210.25
20090825,930955,红利低波100,4307.82,4307.82,4122.76,4222.67,,-2.43,2349.51,233.28
20090826,930955,红利低波100,4202.28,4354.21,4202.28,4325.75,,2.44,2070.03,208.95
20090827,930955,红利低波100,4308.89,4396.08,4289.14,4349.63,,0.55,2170.07,220.94
20090828,930955,红利低波100,4334.92,4334.92,4215.12,4223.53,,-2.9,1920.38,187.03
20090831,930955,红利低波100,4161.73,4161.73,3940.02,3941.5,,-6.68,2117.36,195.07
20090901,930955,红利低波100,3910.85,3996.13,3905.62,3932.95,,-0.22,1772.08,162.11
20090902,930955,红利低波100,3912.19,3968.1,3896.3,3956.34,,0.6,1326.97,125.37
20090903,930955,红利低波100,3962.69,4151.32,3962.69,4150.27,,4.9,2297.67,214.34
20090904,930955,红利低波100,4145.85,4185.02,4122.68,4180.89,,0.74,2093.28,198.65
20090907,930955,红利低波100,4202.75,4277.2,4202.75,4218.96,,0.91,2135.54,229.1
20090908,930955,红利低波100,4198.98,4289.44,4159.32,4289.44,,1.67,1929.85,196.85
20090909,930955,红利低波100,4290.41,4331.94,4246.35,4331.94,,0.99,2218.5,214.25
20090910,930955,红利低波100,4315.06,4323.78,4275.36,4277.72,,-1.25,1603.44,162.94
20090911,930955,红利低波100,4263.7,4345.98,4263.7,4328.53,,1.19,1884.24,187.61
20090914,930955,红利低波100,4345.42,4416.21,4337.93,4412.41,,1.94,2046.39,205.7
20090915,930955,红利低波100,4423.3,4456.49,4384.82,4427.73,,0.35,2170.16,206.86
20090916,930955,红利低波100,4410.2,4410.2,4324.11,4379.99,,-1.08,2080.66,205.75
20090917,930955,红利低波100,4421.1,4489.02,4415.59,4489.02,,2.49,2408.42,234.41
20090918,930955,红利低波100,4491.44,4496.79,4335.97,4360.58,,-2.86,2330.99,227.65
20090921,930955,红利低波100,4319.69,4415.08,4270.69,4415.08,,1.25,1863.07,192.17
20090922,930955,红利低波100,4408.89,4467.84,4328.7,4328.7,,-1.96,2109.03,218.75
20090923,930955,红利低波100,4320.08,4337.27,4198.49,4219.04,,-2.53,1722.87,166.51
20090924,930955,红利低波100,4194.96,4224.93,4103.43,4188.28,,-0.73,1476.8,140.24
20090925,930955,红利低波100,4187.32,4208.6,4154.26,4177.19,,-0.27,1125.35,107.3
20090928,930955,红利低波100,4188.91,4227.93,4092.06,4092.06,,-2.04,1105.3,105.57
20090929,930955,红利低波100,4092.72,4092.72,3971.06,4028.69,,-1.55,1171.61,103.63
20090930,930955,红利低波100,4052.97,4110.47,4052.97,4078.68,,1.24,1040.3,93.25
20091009,930955,红利低波100,4134.88,4249.18,4134.88,4249.18,,4.18,1201.79,109.63
20091012,930955,红利低波100,4249.86,4269.66,4216.24,4249.31,,0.0,1254.27,120.23
20091013,930955,红利低波100,4244.19,4311.74,4244.19,4311.74,,1.47,1295.54,114.56
20091014,930955,红利低波100,4317.34,4371.4,4311.15,4328.44,,0.39,1705.14,166.46
20091015,930955,红利低波100,4357.08,4378.51,4318.56,4337.77,,0.22,1358.47,132.47
20091016,930955,红利低波100,4352.9,4360.78,4267.9,4323.53,,-0.33,1310.64,130.09
20091019,930955,红利低波100,4319.66,4412.76,4319.66,4412.76,,2.06,1755.17,182.63
20091020,930955,红利低波100,4433.11,4457.15,4413.37,4457.15,,1.01,1986.63,213.34
20091021,930955,红利低波100,4456.87,4466.21,4431.12,4431.12,,-0.58,1824.63,184.07
20091022,930955,红利低波100,4420.5,4432.12,4393.95,4407.6,,-0.53,1311.88,137.47
20091023,930955,红利低波100,4419.57,4497.05,4419.57,4484.31,,1.74,1798.15,186.88
20091026,930955,红利低波100,4492.31,4511.1,4463.22,4508.57,,0.54,1487.33,164.84
20091027,930955,红利低波100,4486.24,4486.24,4397.2,4397.24,,-2.47,1586.43,165.96
20091028,930955,红利低波100,4389.74,4451.95,4367.34,4451.95,,1.24,1291.24,134.82
20091029,930955,红利低波100,4394.83,4433.23,4379.23,4399.23,,-1.18,1281.09,132.79
20091030,930955,红利低波100,4444.05,4485.82,4427.25,4450.63,,1.17,1357.37,149.49
20091102,930955,红利低波100,4398.49,4584.41,4395.82,4584.41,,3.01,1915.24,205.53
20091103,930955,红利低波100,4598.67,4654.68,4598.67,4651.77,,1.47,2037.05,222.06
20091104,930955,红利低波100,4652.27,4681.73,4630.88,4681.7,,0.64,2017.25,210.24
20091105,930955,红利低波100,4683.99,4746.34,4673.17,4742.3,,1.29,2100.2,214.21
20091106,930955,红利低波100,4761.75,4781.46,4724.82,4734.9,,-0.16,2349.12,236.68
20091109,930955,红利低波100,4740.96,4770.89,4720.38,4770.89,,0.76,1936.26,190.8
20091110,930955,红利低波100,4794.7,4799.86,4771.28,4771.28,,0.01,2011.04,210.72
20091111,930955,红利低波100,4766.33,4782.06,4727.35,4774.53,,0.07,1587.53,168.64
20091112,930955,红利低波100,4783.49,4858.83,4783.49,4815.03,,0.85,1959.39,209.21
20091113,930955,红利低波100,4810.93,4858.5,4759.55,4858.5,,0.9,2036.38,222.05
20091116,930955,红利低波100,4884.87,4960.91,4884.87,4960.91,,2.11,2979.59,312.86
20091117,930955,红利低波100,4977.37,4986.2,4926.52,4976.81,,0.32,2460.62,252.55
20091118,930955,红利低波100,4977.51,5008.89,4965.24,4997.37,,0.41,2444.5,248.21
20091119,930955,红利低波100,5009.56,5073.83,4995.92,5073.83,,1.53,2532.76,259.5
20091120,930955,红利低波100,5074.06,5111.81,5051.03,5084.1,,0.2,2713.62,275.97
20091123,930955,红利低波100,5085.45,5175.35,5085.45,5175.35,,1.8,2449.56,262.39
20091124,930955,红利低波100,5195.3,5233.21,4955.27,4963.95,,-4.09,4163.63,404.41
20091125,930955,红利低波100,4942.0,5140.95,4942.0,5140.95,,3.57,3379.79,326.52
20091126,930955,红利低波100,5143.15,5159.74,4895.21,4923.85,,-4.22,3295.88,325.13
20091127,930955,红利低波100,4853.98,4938.84,4813.83,4818.2,,-2.15,2326.96,231.24
20091130,930955,红利低波100,4852.82,5006.24,4852.82,5006.24,,3.9,1949.06,206.35
20091201,930955,红利低波100,5016.49,5149.17,5016.49,5149.17,,2.86,2476.5,260.93
20091202,930955,红利低波100,5161.4,5185.51,5126.25,5172.55,,0.45,2246.08,230.33
20091203,930955,红利低波100,5162.83,5216.9,5131.53,5216.9,,0.86,2329.35,233.14
20091204,930955,红利低波100,5209.48,5245.13,5022.3,5137.71,,-1.52,3236.21,325.72
20091207,930955,红利低波100,5146.68,5189.55,5140.83,5189.55,,1.01,2017.55,212.48
20091208,930955,红利低波100,5189.35,5189.35,5109.62,5153.83,,-0.69,2040.18,207.51
20091209,930955,红利低波100,5102.81,5136.69,5039.36,5060.31,,-1.82,1747.43,185.02
20091210,930955,红利低波100,5081.16,5115.3,5053.9,5095.82,,0.7,1422.83,144.6
20091211,930955,红利低波100,5112.75,5138.48,5090.21,5100.11,,0.08,1487.29,145.67
20091214,930955,红利低波100,5107.1,5115.25,4982.52,5115.25,,0.3,2118.39,217.64
20091215,930955,红利低波100,5106.38,5143.94,5094.91,5112.66,,-0.05,1635.41,173.36
20091216,930955,红利低波100,5093.83,5137.68,5078.92,5090.05,,-0.44,1422.47,152.78
20091217,930955,红利低波100,5091.35,5091.35,4938.46,4938.46,,-2.98,1721.07,174.67
20091218,930955,红利低波100,4901.23,4901.23,4817.35,4821.08,,-2.38,1771.45,175.97
20091221,930955,红利低波100,4815.35,4867.97,4811.65,4867.97,,0.97,1216.11,126.27
20091222,930955,红利低波100,4873.04,4876.61,4751.25,4754.66,,-2.33,1432.31,144.72
20091223,930955,红利低波100,4745.74,4818.08,4745.74,4818.08,,1.33,1326.78,133.58
20091224,930955,红利低波100,4823.66,4957.2,4823.66,4957.2,,2.89,1761.65,190.24
20091225,930955,红利低波100,4953.55,4988.7,4944.24,4970.42,,0.27,1191.04,137.04
20091228,930955,红利低波100,4976.92,5035.82,4976.92,5035.7,,1.31,1337.42,150.65
20091229,930955,红利低波100,5041.29,5051.26,4993.57,5051.26,,0.31,1306.2,141.58
20091230,930955,红利低波100,5050.8,5086.05,5038.33,5086.05,,0.69,2171.15,247.56
20091231,930955,红利低波100,5079.81,5102.75,5051.82,5102.75,,0.33,1526.96,178.75
20100104,930955,红利低波100,5127.22,5127.22,5071.78,5071.78,,-0.61,1985.75,269.31
20100105,930955,红利低波100,5077.91,5093.02,5023.06,5093.02,,0.42,2415.56,331.24
20100106,930955,红利低波100,5088.3,5118.45,5077.43,5078.22,,-0.29,2161.45,300.12
20100107,930955,红利低波100,5068.72,5077.58,4948.77,4963.33,,-2.26,2283.27,303.89
20100108,930955,红利低波100,4948.77,5000.52,4928.24,5000.46,,0.75,1719.79,231.89
20100111,930955,红利低波100,5044.01,5051.02,5012.48,5044.88,,0.89,2865.61,411.52
20100112,930955,红利低波100,5040.41,5162.3,5037.21,5162.3,,2.33,2919.11,357.8
20100113,930955,红利低波100,5060.75,5151.73,5060.75,5092.02,,-1.36,3639.75,440.78
20100114,930955,红利低波100,5101.27,5190.46,5101.27,5190.46,,1.93,2607.55,335.52
20100115,930955,红利低波100,5192.81,5208.72,5181.01,5201.57,,0.21,2152.81,276.77
20100118,930955,红利低波100,5198.72,5284.28,5198.08,5282.62,,1.56,2765.52,361.6
20100119,930955,红利低波100,5290.01,5305.57,5248.61,5284.19,,0.03,2475.57,309.03
20100120,930955,红利低波100,5291.83,5291.83,5126.07,5132.31,,-2.87,3093.61,382.63
20100121,930955,红利低波100,5135.01,5185.21,5103.47,5160.99,,0.56,2274.45,280.98
20100122,930955,红利低波100,5109.36,5141.71,4990.33,5076.92,,-1.63,2810.86,337.99
20100125,930955,红利低波100,5036.15,5077.69,4997.01,4997.3,,-1.57,1686.65,204.17
20100126,930955,红利低波100,4996.76,5003.96,4823.56,4853.95,,-2.87,1856.69,222.58
20100127,930955,红利低波100,4852.05,4896.31,4820.5,4825.92,,-0.58,1633.38,194.24
20100128,930955,红利低波100,4825.54,4901.6,4817.01,4895.7,,1.45,1413.2,178.45
20100129,930955,红利低波100,4873.19,4972.09,4873.19,4927.67,,0.65,1588.72,199.41
20100201,930955,红利低波100,4919.92,4919.92,4842.85,4889.38,,-0.78,1717.48,231.86
20100202,930955,红利低波100,4907.41,4964.79,4870.95,4871.98,,-0.36,1549.74,193.09
20100203,930955,红利低波100,4880.58,4955.02,4810.62,4955.02,,1.7,2139.34,257.92
20100204,930955,红利低波100,4933.35,5012.28,4916.81,4972.99,,0.36,1775.12,208.71
20100205,930955,红利低波100,4882.94,4922.92,4846.8,4877.62,,-1.92,1749.66,199.4
20100208,930955,红利低波100,4869.67,4897.14,4854.91,4882.88,,0.11,1066.42,130.1
20100209,930955,红利低波100,4872.72,4946.06,4872.72,4926.03,,0.88,1380.49,144.4
20100210,930955,红利低波100,4941.18,4958.13,4917.05,4958.13,,0.65,1119.67,134.24
20100211,930955,红利低波100,4960.53,4971.77,4946.33,4951.1,,-0.14,1061.55,125.35
20100212,930955,红利低波100,4961.49,4998.04,4961.49,4998.04,,0.95,1036.43,121.89
20100222,930955,红利低波100,5000.2,5030.83,4982.45,4993.82,,-0.08,1220.17,144.31
20100223,930955,红利低波100,4989.8,5014.08,4924.04,5014.08,,0.41,1468.29,223.91
20100224,930955,红利低波100,4992.16,5102.72,4992.16,5102.72,,1.77,1608.07,193.61
20100225,930955,红利低波100,5112.04,5160.45,5112.04,5156.44,,1.05,2181.84,257.73
20100226,930955,红利低波100,5147.46,5168.72,5138.63,5144.45,,-0.23,1639.15,201.33
20100301,930955,红利低波100,5143.23,5196.54,5143.23,5187.73,,0.84,1853.22,228.94
20100302,930955,红利低波100,5194.9,5204.19,5140.18,5162.33,,-0.49,1493.52,187.96
20100303,930955,红利低波100,5167.95,5219.9,5167.95,5219.9,,1.12,1890.67,214.1
20100304,930955,红利低波100,5224.52,5234.14,5049.04,5066.44,,-2.94,2051.9,236.71
20100305,930955,红利低波100,5063.92,5101.06,5035.2,5082.16,,0.31,1366.61,160.04
20100308,930955,红利低波100,5090.62,5129.27,5088.97,5118.11,,0.71,1255.36,149.46
20100309,930955,红利低波100,5112.86,5127.47,5079.89,5114.57,,-0.07,1377.34,166.79
20100310,930955,红利低波100,5122.09,5130.7,5045.24,5072.56,,-0.82,1434.39,169.21
20100311,930955,红利低波100,5073.18,5087.35,5018.37,5063.83,,-0.17,1404.58,165.07
20100312,930955,红利低波100,5070.39,5070.39,4981.96,4981.96,,-1.62,1209.17,143.87
20100315,930955,红利低波100,4980.22,4980.22,4914.86,4933.79,,-0.97,1123.56,135.63
20100316,930955,红利低波100,4934.01,4961.53,4911.68,4961.53,,0.56,1047.97,124.45
20100317,930955,红利低波100,4985.34,5067.87,4980.39,5067.87,,2.14,1460.22,188.46
20100318,930955,红利低波100,5070.63,5077.56,5048.95,5059.4,,-0.17,1223.63,154.13
20100319,930955,红利低波100,5060.77,5095.11,5040.62,5095.11,,0.71,1226.2,152.04
20100322,930955,红利低波100,5100.53,5107.45,5074.2,5102.28,,0.14,1482.73,177.44
20100323,930955,红利低波100,5107.26,5107.26,5069.37,5079.48,,-0.45,1477.39,166.41
20100324,930955,红利低波100,5087.26,5111.1,5086.22,5091.86,,0.24,1708.41,180.54
20100325,930955,红利低波100,5087.57,5087.57,5031.5,5039.69,,-1.02,1532.01,177.58
20100326,930955,红利低波100,5039.45,5121.14,5039.45,5112.45,,1.44,1786.22,210.66
20100329,930955,红利低波100,5129.45,5170.06,5129.04,5170.06,,1.13,2541.62,305.66
20100330,930955,红利低波100,5171.1,5174.75,5150.54,5172.21,,0.04,1603.17,200.05
20100331,930955,红利低波100,5172.85,5172.85,5145.56,5154.99,,-0.33,1815.49,215.6
20100401,930955,红利低波100,5157.82,5222.0,5157.82,5222.0,,1.3,2233.99,284.11
20100402,930955,红利低波100,5227.76,5227.76,5209.29,5226.34,,0.08,2032.81,265.13
20100406,930955,红利低波100,5240.98,5240.98,5196.78,5223.93,,-0.05,1860.34,242.28
20100407,930955,红利低波100,5223.34,5231.25,5190.01,5212.49,,-0.22,1665.47,218.76
20100408,930955,红利低波100,5208.37,5213.62,5186.06,5192.74,,-0.38,1788.42,237.35
20100409,930955,红利低波100,5199.32,5242.78,5199.32,5242.78,,0.96,1642.91,224.32
20100412,930955,红利低波100,5248.84,5254.81,5217.39,5250.87,,0.15,2151.35,291.5
20100413,930955,红利低波100,5252.94,5286.29,5179.25,5266.45,,0.3,2574.18,359.29
20100414,930955,红利低波100,5263.5,5289.73,5257.11,5289.73,,0.44,1727.35,230.27
20100415,930955,红利低波100,5294.25,5294.25,5220.86,5244.7,,-0.85,1689.74,228.51
20100416,930955,红利低波100,5238.87,5244.12,5201.39,5211.97,,-0.62,1389.78,177.37
20100419,930955,红利低波100,5178.37,5178.37,4999.17,5000.35,,-4.06,2747.78,328.69
20100420,930955,红利低波100,4997.03,5036.03,4956.09,5036.03,,0.71,1944.49,248.97
20100421,930955,红利低波100,5046.51,5155.19,5046.51,5154.9,,2.36,2063.4,275.63
20100422,930955,红利低波100,5144.97,5158.91,5101.43,5132.22,,-0.44,2252.2,282.27
20100423,930955,红利低波100,5144.85,5147.0,5067.92,5088.01,,-0.86,1809.87,235.39
20100426,930955,红利低波100,5092.8,5106.18,5072.9,5084.18,,-0.08,1612.26,209.22
20100427,930955,红利低波100,5069.1,5069.1,4910.48,4979.78,,-2.05,2088.71,241.11
20100428,930955,红利低波100,4911.1,4985.43,4911.1,4961.2,,-0.37,1368.22,156.88
20100429,930955,红利低波100,4989.08,4993.37,4870.67,4870.76,,-1.82,1449.23,181.53
20100430,930955,红利低波100,4862.37,4862.37,4755.07,4828.78,,-0.86,1652.63,198.44
20100504,930955,红利低波100,4746.52,4830.18,4746.52,4795.09,,-0.7,1225.02,148.89
20100505,930955,红利低波100,4769.84,4866.97,4742.46,4866.97,,1.5,1815.12,239.3
20100506,930955,红利低波100,4837.03,4852.05,4695.66,4695.72,,-3.52,1713.52,217.41
20100507,930955,红利低波100,4601.98,4676.61,4577.93,4603.04,,-1.97,1967.98,232.27
20100510,930955,红利低波100,4601.15,4630.89,4506.98,4594.89,,-0.18,1421.78,179.19
20100511,930955,红利低波100,4669.09,4669.09,4491.26,4498.82,,-2.09,1689.01,202.48
20100512,930955,红利低波100,4465.39,4522.77,4419.27,4484.35,,-0.32,1558.93,194.04
20100513,930955,红利低波100,4483.13,4581.03,4457.04,4581.03,,2.16,1772.7,210.2
20100514,930955,红利低波100,4553.02,4610.58,4545.32,4590.38,,0.2,1259.94,151.58
20100517,930955,红利低波100,4541.77,4541.77,4350.03,4350.03,,-5.24,1507.52,167.98
20100518,930955,红利低波100,4341.41,4409.24,4284.96,4401.03,,1.17,1450.87,167.51
20100519,930955,红利低波100,4378.92,4439.05,4341.04,4385.78,,-0.35,1328.09,141.38
20100520,930955,红利低波100,4359.92,4425.86,4334.34,4334.34,,-1.17,1206.5,134.51
20100521,930955,红利低波100,4236.41,4383.25,4231.19,4383.25,,1.13,1562.59,159.59
20100524,930955,红利低波100,4400.18,4522.73,4400.18,4520.67,,3.14,2036.86,229.84
20100525,930955,红利低波100,4498.86,4511.67,4440.39,4463.63,,-1.26,1553.81,168.84
20100526,930955,红利低波100,4456.0,4490.91,4444.82,4470.36,,0.15,1086.29,117.24
20100527,930955,红利低波100,4460.41,4529.03,4419.21,4522.93,,1.18,1328.82,143.85
20100528,930955,红利低波100,4560.54,4566.34,4524.04,4543.9,,0.46,1483.75,158.12
20100531,930955,红利低波100,4530.41,4564.28,4455.96,4456.52,,-1.92,1366.59,146.33
20100601,930955,红利低波100,4420.39,4428.27,4325.05,4383.22,,-1.65,1408.3,141.44
20100602,930955,红利低波100,4355.88,4395.68,4308.87,4395.68,,0.28,1274.38,123.65
20100603,930955,红利低波100,4408.01,4441.24,4367.72,4367.72,,-0.64,1191.01,128.82
20100604,930955,红利低波100,4346.56,4377.47,4334.2,4377.47,,0.22,855.72,94.88
20100607,930955,红利低波100,4297.68,4343.07,4296.84,4334.58,,-0.98,1110.9,125.47
20100608,930955,红利低波100,4326.07,4362.16,4320.71,4352.23,,0.41,946.05,108.47
20100609,930955,红利低波100,4365.72,4452.89,4349.21,4452.89,,2.31,1682.37,196.86
20100610,930955,红利低波100,4429.06,4463.92,4423.45,4437.56,,-0.34,1207.29,133.56
20100611,930955,红利低波100,4453.12,4465.44,4424.38,4428.47,,-0.21,1037.08,124.19
20100617,930955,红利低波100,4451.65,4451.65,4384.2,4384.68,,-0.99,879.34,103.43
20100618,930955,红利低波100,4376.24,4382.71,4260.72,4281.22,,-2.36,1227.42,138.43
20100621,930955,红利低波100,4276.62,4391.44,4257.04,4391.44,,2.58,1653.61,193.82
20100622,930955,红利低波100,4379.27,4413.03,4379.19,4405.24,,0.31,1054.27,118.37
20100623,930955,红利低波100,4387.99,4413.22,4343.89,4379.67,,-0.58,898.17,104.55
20100624,930955,红利低波100,4371.77,4397.56,4349.98,4372.73,,-0.16,839.98,92.95
20100625,930955,红利低波100,4359.86,4360.95,4309.93,4336.43,,-0.83,965.53,101.5
20100628,930955,红利低波100,4330.33,4341.69,4292.94,4304.62,,-0.73,867.09,93.96
20100629,930955,红利低波100,4306.0,4306.91,4121.02,4121.02,,-4.27,1464.82,139.4
20100630,930955,红利低波100,4101.28,4101.28,4049.18,4085.54,,-0.86,1115.02,99.18
20100701,930955,红利低波100,4073.73,4097.77,4044.44,4044.44,,-1.01,809.25,73.62
20100702,930955,红利低波100,4042.64,4058.79,3931.42,4042.19,,-0.06,1079.19,96.35
20100705,930955,红利低波100,4010.3,4028.37,3972.47,4022.11,,-0.5,834.91,72.8
20100706,930955,红利低波100,4008.35,4098.99,4008.35,4098.99,,1.91,1064.27,91.03
20100707,930955,红利低波100,4095.17,4120.75,4064.85,4120.75,,0.53,858.03,79.48
20100708,930955,红利低波100,4131.73,4134.33,4085.24,4110.63,,-0.25,842.07,77.12
20100709,930955,红利低波100,4114.79,4212.64,4089.49,4203.7,,2.26,1411.36,135.54
20100712,930955,红利低波100,4201.41,4256.01,4201.41,4244.18,,0.96,1541.43,151.44
20100713,930955,红利低波100,4211.97,4211.97,4148.88,4168.22,,-1.79,1033.6,100.56
20100714,930955,红利低波100,4173.45,4230.57,4173.45,4212.18,,1.05,1180.41,116.05
20100715,930955,红利低波100,4207.79,4233.43,4132.44,4132.44,,-1.89,1045.56,100.67
20100716,930955,红利低波100,4119.36,4148.17,4086.11,4148.17,,0.38,862.5,83.47
20100719,930955,红利低波100,4117.98,4235.74,4117.57,4227.28,,1.91,1211.93,120.39
20100720,930955,红利低波100,4229.55,4323.84,4229.55,4323.84,,2.28,1717.03,166.65
20100721,930955,红利低波100,4324.38,4378.8,4320.67,4353.39,,0.68,1856.5,162.61
20100722,930955,红利低波100,4335.65,4393.73,4335.65,4393.73,,0.93,1581.78,144.42
20100723,930955,红利低波100,4400.93,4403.63,4360.54,4392.79,,-0.02,1721.47,167.72
20100726,930955,红利低波100,4401.26,4430.49,4385.91,4430.49,,0.86,1265.57,122.36
20100727,930955,红利低波100,4425.66,4442.55,4413.03,4425.58,,-0.11,1393.58,136.78
20100728,930955,红利低波100,4423.1,4518.73,4407.43,4518.73,,2.11,2076.42,195.95
20100729,930955,红利低波100,4523.16,4542.2,4507.3,4539.54,,0.46,2007.29,193.95
20100730,930955,红利低波100,4535.88,4542.89,4498.9,4535.7,,-0.09,1330.17,130.85
20100802,930955,红利低波100,4538.45,4616.67,4538.45,4616.28,,1.78,1807.52,178.49
20100803,930955,红利低波100,4621.23,4621.23,4533.29,4533.29,,-1.8,1915.46,186.27
20100804,930955,红利低波100,4519.3,4555.51,4470.31,4555.51,,0.49,1553.24,157.8
20100805,930955,红利低波100,4555.41,4578.15,4521.62,4549.42,,-0.13,1626.52,176.84
20100806,930955,红利低波100,4544.59,4640.84,4541.73,4640.84,,2.01,1888.97,191.86
20100809,930955,红利低波100,4644.05,4680.7,4644.05,4675.27,,0.74,1742.67,193.98
20100810,930955,红利低波100,4676.71,4676.71,4529.87,4530.64,,-3.09,1756.08,181.74
20100811,930955,红利低波100,4517.06,4571.88,4517.06,4559.55,,0.64,1302.65,133.16
20100812,930955,红利低波100,4516.41,4567.93,4508.28,4508.42,,-1.12,1425.53,145.25
20100813,930955,红利低波100,4507.0,4570.17,4495.56,4570.17,,1.37,1376.57,142.61
20100816,930955,红利低波100,4573.38,4677.24,4573.38,4674.13,,2.28,2019.27,199.8
20100817,930955,红利低波100,4680.31,4704.44,4665.55,4698.23,,0.52,1858.87,181.9
20100818,930955,红利低波100,4705.47,4721.41,4674.65,4702.44,,0.09,1787.02,183.0
20100819,930955,红利低波100,4702.65,4734.61,4677.64,4714.26,,0.25,2004.73,207.18
20100820,930955,红利低波100,4703.43,4722.45,4647.44,4647.44,,-1.42,1970.07,209.22
20100823,930955,红利低波100,4649.39,4692.84,4649.39,4680.54,,0.71,1460.92,149.27
20100824,930955,红利低波100,4682.03,4752.97,4658.62,4736.45,,1.2,1578.81,147.25
20100825,930955,红利低波100,4714.28,4714.28,4625.16,4625.16,,-2.35,1692.25,149.64
20100826,930955,红利低波100,4632.81,4654.35,4612.98,4637.88,,0.28,1324.35,119.25
20100827,930955,红利低波100,4632.91,4654.52,4615.39,4653.6,,0.34,1175.43,109.85
20100830,930955,红利低波100,4676.89,4745.27,4676.89,4740.99,,1.88,1711.28,177.55
20100831,930955,红利低波100,4727.89,4736.38,4709.7,4731.09,,-0.21,1658.99,172.26
20100901,930955,红利低波100,4737.49,4755.64,4663.6,4698.36,,-0.69,1916.4,193.85
20100902,930955,红利低波100,4729.68,4751.47,4711.62,4745.37,,1.0,1762.57,216.61
20100903,930955,红利低波100,4751.98,4751.98,4695.8,4743.87,,-0.03,1723.66,194.08
20100906,930955,红利低波100,4766.35,4796.66,4750.19,4794.94,,1.08,2214.82,239.6
20100907,930955,红利低波100,4798.33,4811.87,4768.99,4811.87,,0.35,1750.42,183.17
20100908,930955,红利低波100,4795.14,4809.01,4776.48,4809.01,,-0.06,1661.27,180.55
20100909,930955,红利低波100,4816.78,4826.22,4744.01,4749.69,,-1.23,1858.95,204.61
20100910,930955,红利低波100,4752.47,4795.59,4702.74,4792.33,,0.9,1506.86,172.75
20100913,930955,红利低波100,4786.52,4845.64,4786.52,4844.31,,1.09,1739.24,203.55
20100914,930955,红利低波100,4851.56,4851.56,4812.36,4833.49,,-0.22,1742.91,190.87
20100915,930955,红利低波100,4825.76,4825.76,4744.94,4754.82,,-1.63,1633.48,178.34
20100916,930955,红利低波100,4753.32,4770.11,4622.62,4658.47,,-2.03,1878.39,203.63
20100917,930955,红利低波100,4667.9,4678.02,4639.3,4652.05,,-0.14,1230.95,140.1
20100920,930955,红利低波100,4657.82,4657.82,4592.06,4605.34,,-1.0,1110.7,129.73
20100921,930955,红利低波100,4620.88,4631.84,4590.19,4623.22,,0.39,796.03,94.72
20100927,930955,红利低波100,4638.27,4706.36,4637.14,4706.36,,1.8,1224.29,137.66
20100928,930955,红利低波100,4699.86,4699.86,4647.16,4650.61,,-1.19,1257.08,142.77
20100929,930955,红利低波100,4648.66,4658.23,4616.1,4618.38,,-0.69,1307.9,138.45
20100930,930955,红利低波100,4600.35,4688.4,4600.35,4688.4,,1.52,1388.47,159.1
20101008,930955,红利低波100,4713.4,4806.14,4713.4,4795.3,,2.28,2390.38,262.07
20101011,930955,红利低波100,4825.28,4927.84,4825.28,4927.84,,2.76,4231.56,479.06
20101012,930955,红利低波100,4912.86,4954.96,4895.56,4948.82,,0.43,3323.91,361.24
20101013,930955,红利低波100,4957.48,4983.36,4929.79,4982.79,,0.69,3728.42,411.82
20101014,930955,红利低波100,5002.74,5019.56,4945.33,4946.6,,-0.73,4984.74,533.91
20101015,930955,红利低波100,4930.63,5061.58,4930.63,5061.58,,2.32,5703.29,600.18
20101018,930955,红利低波100,5095.06,5169.16,5084.8,5116.78,,1.09,6629.73,695.04
20101019,930955,红利低波100,5113.13,5155.84,5065.84,5155.84,,0.76,3751.35,388.79
20101020,930955,红利低波100,5058.99,5148.92,5054.15,5115.2,,-0.79,4768.92,563.45
20101021,930955,红利低波100,5128.99,5144.94,5066.5,5114.23,,-0.02,3412.84,396.24
20101022,930955,红利低波100,5109.11,5120.63,5077.68,5098.2,,-0.31,2779.11,319.9
20101025,930955,红利低波100,5109.17,5208.44,5097.58,5208.44,,2.16,3798.81,447.56
20101026,930955,红利低波100,5227.51,5227.51,5167.35,5197.49,,-0.21,3870.79,463.61
20101027,930955,红利低波100,5188.77,5238.24,5155.57,5157.41,,-0.77,3592.2,411.01
20101028,930955,红利低波100,5147.74,5181.75,5112.22,5150.64,,-0.13,3007.06,336.45
20101029,930955,红利低波100,5149.35,5150.46,5091.18,5138.88,,-0.23,3015.3,338.93
20101101,930955,红利低波100,5150.67,5247.25,5150.67,5247.25,,2.11,3349.32,368.0
20101102,930955,红利低波100,5259.48,5302.07,5233.61,5260.28,,0.25,4148.67,477.82
20101103,930955,红利低波100,5266.86,5279.66,5220.47,5220.47,,-0.76,3600.87,415.76
20101104,930955,红利低波100,5230.62,5296.65,5214.83,5296.65,,1.46,3442.38,375.45
20101105,930955,红利低波100,5334.91,5373.35,5320.34,5373.35,,1.45,4428.26,476.95
20101108,930955,红利低波100,5397.29,5465.9,5393.16,5465.9,,1.72,4298.41,479.17
20101109,930955,红利低波100,5465.97,5465.97,5389.83,5415.42,,-0.92,3570.98,410.64
20101110,930955,红利低波100,5400.42,5400.42,5338.77,5372.44,,-0.79,3657.56,448.75
20101111,930955,红利低波100,5357.09,5432.29,5357.09,5369.78,,-0.05,4218.66,481.79
20101112,930955,红利低波100,5344.18,5345.13,5068.2,5068.88,,-5.6,4979.99,547.7
20101115,930955,红利低波100,5083.29,5154.63,5048.74,5154.63,,1.69,3562.62,359.31
20101116,930955,红利低波100,5151.2,5151.2,4963.48,4979.55,,-3.4,2910.89,338.74
20101117,930955,红利低波100,4938.3,4968.27,4882.09,4890.03,,-1.8,2314.8,279.7
20101118,930955,红利低波100,4922.38,4940.82,4865.5,4921.48,,0.64,1763.35,202.15
20101119,930955,红利低波100,4947.73,4979.94,4852.72,4979.94,,1.19,2294.97,257.87
20101122,930955,红利低波100,4942.01,5004.77,4942.01,4983.96,,0.08,2326.09,250.74
20101123,930955,红利低波100,4968.7,4968.7,4828.63,4879.33,,-2.1,2218.07,252.64
20101124,930955,红利低波100,4837.66,4960.43,4837.66,4960.43,,1.66,2437.87,275.64
20101125,930955,红利低波100,4984.0,5023.95,4966.17,5023.95,,1.28,2554.1,277.92
20101126,930955,红利低波100,5016.22,5016.22,4946.9,4982.91,,-0.82,1871.59,225.6
20101129,930955,红利低波100,4974.62,4998.36,4954.15,4989.18,,0.13,1603.14,206.23
20101130,930955,红利低波100,4986.8,4999.83,4800.7,4871.22,,-2.36,2420.94,287.69
20101201,930955,红利低波100,4865.52,4908.64,4859.87,4905.42,,0.7,1294.1,139.76
20101202,930955,红利低波100,4964.54,4968.69,4929.34,4932.43,,0.55,1727.62,200.03
20101203,930955,红利低波100,4935.74,4937.9,4885.57,4918.36,,-0.29,1416.19,169.91
20101206,930955,红利低波100,4923.84,4923.84,4869.57,4898.6,,-0.4,1741.16,215.17
20101207,930955,红利低波100,4892.15,4940.65,4836.83,4931.17,,0.67,1548.27,179.49
20101208,930955,红利低波100,4938.84,4952.56,4897.32,4905.98,,-0.51,1502.13,201.81
20101209,930955,红利低波100,4892.88,4912.05,4851.0,4851.0,,-1.12,1659.77,180.56
20101210,930955,红利低波100,4833.5,4892.42,4833.5,4889.47,,0.79,1528.79,171.57
20101213,930955,红利低波100,4906.58,5012.18,4906.58,5012.18,,2.51,2783.43,301.74
20101214,930955,红利低波100,5026.38,5029.47,5001.89,5029.47,,0.35,2586.69,259.91
20101215,930955,红利低波100,5029.41,5053.43,5010.21,5015.72,,-0.27,2130.16,238.23
20101216,930955,红利低波100,5015.29,5023.07,4987.41,4994.55,,-0.42,1827.56,198.45
20101217,930955,红利低波100,4994.23,4999.29,4974.4,4994.71,,0.0,1244.25,159.83
20101220,930955,红利低波100,5009.25,5009.7,4852.83,4923.72,,-1.42,1945.88,237.18
20101221,930955,红利低波100,4931.15,4995.24,4911.41,4994.21,,1.43,2168.93,260.96
20101222,930955,红利低波100,4999.96,5004.95,4953.66,4953.66,,-0.81,1803.34,209.94
20101223,930955,红利低波100,4951.8,4960.42,4905.61,4909.83,,-0.89,1673.64,176.7
20101224,930955,红利低波100,4897.15,4907.03,4855.66,4880.4,,-0.6,1447.46,159.76
20101227,930955,红利低波100,4892.43,4920.72,4784.91,4784.91,,-1.96,1995.88,216.01
20101228,930955,红利低波100,4770.64,4770.64,4695.51,4695.51,,-1.87,1552.22,182.39
20101229,930955,红利低波100,4695.77,4722.46,4687.77,4722.46,,0.57,1346.79,140.16
20101230,930955,红利低波100,4723.01,4732.7,4683.91,4718.03,,-0.09,1618.14,170.14
20101231,930955,红利低波100,4719.09,4791.01,4719.09,4791.01,,1.55,1654.66,180.8
20110104,930955,红利低波100,4814.56,4849.97,4776.08,4849.97,,1.23,2444.56,272.43
20110105,930955,红利低波100,4833.2,4856.77,4823.61,4840.43,,-0.2,2168.72,259.87
20110106,930955,红利低波100,4841.03,4859.68,4822.36,4828.64,,-0.24,1687.66,228.85
20110107,930955,红利低波100,4824.51,4895.49,4812.16,4864.4,,0.74,2987.22,362.52
20110110,930955,红利低波100,4858.49,4882.01,4800.14,4801.39,,-1.3,2326.99,260.03
20110111,930955,红利低波100,4786.59,4840.44,4783.07,4840.44,,0.81,1944.76,223.38
20110112,930955,红利低波100,4845.17,4874.16,4825.23,4871.21,,0.64,2044.34,219.2
20110113,930955,红利低波100,4881.64,4884.04,4859.23,4874.25,,0.06,1794.47,196.04
20110114,930955,红利低波100,4861.87,4861.87,4814.26,4827.97,,-0.95,1620.02,174.08
20110117,930955,红利低波100,4803.01,4803.31,4679.9,4679.9,,-3.07,2133.75,227.36
20110118,930955,红利低波100,4669.85,4694.0,4655.99,4692.88,,0.28,1359.77,149.44
20110119,930955,红利低波100,4693.85,4767.25,4683.22,4767.25,,1.59,1472.46,165.07
20110120,930955,红利低波100,4758.58,4758.58,4650.16,4650.54,,-2.45,1646.89,176.16
20110121,930955,红利低波100,4645.57,4757.82,4645.57,4721.09,,1.52,2001.5,221.04
20110124,930955,红利低波100,4722.62,4749.16,4697.54,4707.99,,-0.28,1870.26,202.02
20110125,930955,红利低波100,4702.43,4722.61,4677.21,4699.43,,-0.18,1616.23,167.77
20110126,930955,红利低波100,4697.57,4752.7,4697.57,4747.07,,1.01,1284.88,139.94
20110127,930955,红利低波100,4718.46,4798.89,4700.79,4798.65,,1.09,2373.94,257.6
20110128,930955,红利低波100,4785.53,4801.59,4777.19,4798.76,,0.0,1708.69,198.39
20110131,930955,红利低波100,4795.24,4856.79,4795.24,4856.79,,1.21,1937.75,225.26
20110201,930955,红利低波100,4856.46,4856.46,4823.96,4844.82,,-0.25,1379.35,160.88
20110209,930955,红利低波100,4817.31,4848.37,4817.13,4817.13,,-0.57,1705.2,202.54
20110210,930955,红利低波100,4808.67,4879.13,4802.36,4879.13,,1.29,1796.25,214.35
20110211,930955,红利低波100,4872.91,4917.36,4870.23,4911.51,,0.66,2167.19,248.93
20110214,930955,红利低波100,4924.88,5031.78,4924.88,5025.14,,2.31,3785.62,403.39
20110215,930955,红利低波100,5026.85,5057.3,5007.92,5008.22,,-0.34,3133.03,348.73
20110216,930955,红利低波100,4997.68,5043.97,4995.61,5043.97,,0.71,2595.09,284.12
20110217,930955,红利低波100,5050.81,5071.38,5017.22,5053.42,,0.19,2560.41,297.75
20110218,930955,红利低波100,5049.4,5049.61,5005.51,5021.15,,-0.64,2027.85,230.01
20110221,930955,红利低波100,4996.41,5087.93,4996.41,5087.93,,1.33,2559.09,276.06
20110222,930955,红利低波100,5094.68,5094.68,4959.6,4960.41,,-2.51,3308.46,387.85
20110223,930955,红利低波100,4947.56,4994.61,4947.56,4983.48,,0.47,2031.72,234.76
20110224,930955,红利低波100,4978.6,5004.57,4967.34,5004.57,,0.42,2025.01,229.14
20110225,930955,红利低波100,5001.57,5010.21,4956.81,5000.4,,-0.08,1727.95,194.86
20110228,930955,红利低波100,5002.36,5058.25,4978.05,5058.25,,1.16,2081.09,241.33
20110301,930955,红利低波100,5060.66,5090.06,5041.97,5076.18,,0.35,2566.23,289.47
20110302,930955,红利低波100,5053.0,5074.19,5022.81,5065.53,,-0.21,2772.68,322.22
20110303,930955,红利低波100,5070.52,5110.74,5063.28,5063.4,,-0.04,4159.47,460.58
20110304,930955,红利低波100,5062.36,5132.03,5056.98,5131.15,,1.34,2951.78,333.01
20110307,930955,红利低波100,5143.42,5191.57,5143.42,5191.57,,1.18,3698.98,432.12
20110308,930955,红利低波100,5194.27,5209.15,5176.33,5209.15,,0.34,2831.23,341.25
20110309,930955,红利低波100,5218.61,5230.93,5203.87,5217.7,,0.16,2535.42,298.13
20110310,930955,红利低波100,5208.56,5208.56,5158.92,5159.64,,-1.11,2624.62,321.72
20110311,930955,红利低波100,5135.17,5175.67,5122.02,5123.22,,-0.71,2141.88,251.78
20110314,930955,红利低波100,5112.04,5136.68,5100.64,5136.68,,0.26,1928.75,220.0
20110315,930955,红利低波100,5124.78,5124.78,4999.76,5071.11,,-1.28,2849.44,331.88
20110316,930955,红利低波100,5067.42,5120.6,5067.42,5117.76,,0.92,2105.28,243.78
20110317,930955,红利低波100,5082.16,5115.68,5045.86,5060.19,,-1.13,2695.6,302.71
20110318,930955,红利低波100,5092.06,5097.53,5068.67,5069.8,,0.19,1903.16,224.21
20110321,930955,红利低波100,5076.22,5091.68,5040.25,5059.79,,-0.2,1743.79,198.08
20110322,930955,红利低波100,5071.98,5081.59,5022.74,5077.13,,0.34,1821.92,204.35
20110323,930955,红利低波100,5075.94,5138.22,5070.09,5137.64,,1.19,2372.72,245.23
20110324,930955,红利低波100,5136.81,5138.31,5113.74,5119.66,,-0.35,1945.71,205.28
20110325,930955,红利低波100,5123.31,5180.14,5123.31,5170.39,,0.99,2865.65,322.73
20110328,930955,红利低波100,5182.29,5198.23,5168.05,5173.3,,0.06,3196.07,356.37
20110329,930955,红利低波100,5165.54,5190.98,5137.29,5137.29,,-0.7,3468.13,367.93
20110330,930955,红利低波100,5132.05,5149.22,5098.94,5136.43,,-0.02,2645.55,277.89
20110331,930955,红利低波100,5135.6,5140.27,5078.9,5088.01,,-0.94,1820.83,197.21
20110401,930955,红利低波100,5089.66,5142.37,5088.93,5142.37,,1.07,2270.01,238.12
20110406,930955,红利低波100,5133.15,5195.58,5133.15,5194.36,,1.01,3720.69,411.11
20110407,930955,红利低波100,5200.09,5210.72,5185.59,5204.13,,0.19,2661.65,271.67
20110408,930955,红利低波100,5199.65,5236.79,5193.86,5236.79,,0.63,2400.11,230.09
20110411,930955,红利低波100,5246.02,5271.25,5225.2,5226.59,,-0.2,3578.37,363.7
20110412,930955,红利低波100,5214.03,5317.89,5214.03,5289.83,,1.21,4017.12,339.67
20110413,930955,红利低波100,5271.46,5337.59,5271.46,5337.59,,0.9,3121.24,306.36
20110414,930955,红利低波100,5347.15,5362.11,5322.21,5330.85,,-0.13,3163.71,319.24
20110415,930955,红利低波100,5326.18,5353.58,5289.36,5353.58,,0.43,2790.75,276.98
20110418,930955,红利低波100,5338.33,5388.29,5338.33,5388.29,,0.65,3001.24,300.62
20110419,930955,红利低波100,5356.55,5370.56,5306.38,5314.92,,-1.36,2610.39,252.53
20110420,930955,红利低波100,5322.98,5354.76,5317.19,5331.6,,0.31,2078.45,221.44
20110421,930955,红利低波100,5361.1,5394.94,5361.1,5380.2,,0.91,2272.15,219.53
20110422,930955,红利低波100,5382.47,5395.78,5361.12,5372.32,,-0.15,2190.72,205.97
20110425,930955,红利低波100,5364.24,5364.24,5311.09,5311.09,,-1.14,2285.9,237.88
20110426,930955,红利低波100,5282.91,5291.86,5231.52,5244.13,,-1.26,2165.0,222.74
20110427,930955,红利低波100,5241.04,5267.82,5196.78,5217.44,,-0.51,2378.47,233.59
20110428,930955,红利低波100,5226.3,5233.96,5121.85,5121.85,,-1.83,2432.3,252.48
20110429,930955,红利低波100,5119.56,5194.83,5105.42,5194.83,,1.43,2552.44,243.66
20110503,930955,红利低波100,5191.01,5265.74,5174.58,5265.3,,1.36,2510.44,219.9
20110504,930955,红利低波100,5237.43,5259.32,5166.04,5179.43,,-1.63,2894.62,269.37
20110505,930955,红利低波100,5157.71,5216.45,5157.71,5203.95,,0.47,2063.2,199.4
20110506,930955,红利低波100,5162.85,5216.93,5162.85,5197.46,,-0.13,1998.2,188.55
20110509,930955,红利低波100,5206.05,5230.02,5196.95,5219.63,,0.43,1760.94,162.02
20110510,930955,红利低波100,5230.81,5248.57,5208.07,5248.57,,0.55,1587.09,142.2
20110511,930955,红利低波100,5246.75,5252.23,5201.91,5225.42,,-0.44,1612.54,142.49
20110512,930955,红利低波100,5193.31,5221.03,5158.93,5158.93,,-1.27,1896.53,168.84
20110513,930955,红利低波100,5160.3,5192.85,5136.02,5192.85,,0.66,1895.06,168.84
20110516,930955,红利低波100,5182.54,5193.46,5146.94,5153.55,,-0.76,1737.54,157.56
20110517,930955,红利低波100,5148.35,5162.86,5102.76,5137.6,,-0.31,1711.54,165.95
20110518,930955,红利低波100,5128.72,5173.45,5128.72,5168.22,,0.6,1341.85,142.56
20110519,930955,红利低波100,5185.11,5185.11,5140.01,5143.33,,-0.48,1503.61,159.73
20110520,930955,红利低波100,5133.83,5141.08,5111.98,5121.99,,-0.42,1236.51,121.87
20110523,930955,红利低波100,5111.87,5111.87,4952.61,4952.61,,-3.31,2055.0,193.96
20110524,930955,红利低波100,4943.82,4952.72,4918.07,4949.53,,-0.06,1312.77,125.56
20110525,930955,红利低波100,4945.59,4949.17,4891.66,4895.4,,-1.09,1310.41,118.17
20110526,930955,红利低波100,4914.59,4928.16,4873.28,4873.91,,-0.44,1067.8,108.2
20110527,930955,红利低波100,4877.46,4878.75,4824.4,4824.4,,-1.02,1420.92,131.07
20110530,930955,红利低波100,4812.96,4842.66,4789.93,4805.74,,-0.39,1250.34,115.97
20110531,930955,红利低波100,4816.96,4872.26,4805.77,4872.26,,1.38,1274.88,126.5
20110601,930955,红利低波100,4865.63,4871.23,4849.8,4871.23,,-0.02,1273.06,125.31
20110602,930955,红利低波100,4827.71,4834.98,4762.38,4793.85,,-1.59,2015.98,190.41
20110603,930955,红利低波100,4790.48,4836.82,4790.48,4834.09,,0.84,1134.95,110.79
20110607,930955,红利低波100,4819.16,4850.96,4819.16,4850.96,,0.35,1000.82,96.16
20110608,930955,红利低波100,4848.98,4855.74,4791.96,4855.4,,0.09,1386.35,127.98
20110609,930955,红利低波100,4841.23,4841.23,4765.84,4765.84,,-1.85,1222.78,119.37
20110610,930955,红利低波100,4755.23,4782.03,4732.77,4781.76,,0.33,1172.2,109.28
20110613,930955,红利低波100,4753.76,4760.85,4715.91,4756.69,,-0.52,1105.4,102.85
20110614,930955,红利低波100,4751.13,4805.44,4751.13,4798.42,,0.88,1596.9,145.1
20110615,930955,红利低波100,4783.73,4809.21,4763.66,4763.66,,-0.73,1224.36,113.72
20110616,930955,红利低波100,4730.85,4730.85,4669.7,4669.7,,-1.97,1164.73,98.17
20110617,930955,红利低波100,4668.66,4684.21,4633.49,4633.49,,-0.78,1117.51,107.13
20110620,930955,红利低波100,4625.23,4625.35,4574.65,4589.24,,-0.96,1183.42,106.19
20110621,930955,红利低波100,4592.46,4626.24,4581.44,4626.24,,0.81,1194.4,106.92
20110622,930955,红利低波100,4629.67,4635.4,4599.13,4612.58,,-0.3,1092.5,97.04
20110623,930955,红利低波100,4595.77,4660.7,4571.21,4659.88,,1.03,1408.64,122.94
20110624,930955,红利低波100,4639.93,4766.23,4639.93,4750.05,,1.94,2405.55,224.65
20110627,930955,红利低波100,4747.97,4772.16,4734.3,4761.81,,0.25,1781.14,158.86
20110628,930955,红利低波100,4767.55,4767.55,4725.81,4756.4,,-0.11,1309.68,124.93
20110629,930955,红利低波100,4755.27,4760.85,4703.58,4704.0,,-1.1,1708.49,150.21
20110630,930955,红利低波100,4707.23,4764.88,4707.23,4752.62,,1.03,1858.55,178.08
20110701,930955,红利低波100,4758.37,4770.54,4738.38,4757.52,,0.1,1745.22,160.79
20110704,930955,红利低波100,4773.37,4843.8,4773.37,4843.8,,1.81,2318.6,218.71
20110705,930955,红利低波100,4844.05,4844.46,4818.85,4841.52,,-0.05,1766.42,163.95
20110706,930955,红利低波100,4833.8,4833.8,4787.33,4833.41,,-0.17,1765.73,168.56
20110707,930955,红利低波100,4836.22,4852.86,4818.14,4818.57,,-0.31,2052.59,203.62
20110708,930955,红利低波100,4823.3,4837.59,4815.15,4828.78,,0.21,1558.64,149.62
20110711,930955,红利低波100,4825.1,4847.68,4812.79,4842.86,,0.29,1491.21,145.38
20110712,930955,红利低波100,4798.68,4804.57,4761.71,4761.71,,-1.68,1566.41,154.44
20110713,930955,红利低波100,4763.22,4819.04,4763.22,4819.04,,1.2,1391.18,138.42
20110714,930955,红利低波100,4820.9,4829.32,4797.09,4829.32,,0.21,1528.03,143.84
20110715,930955,红利低波100,4818.06,4845.68,4799.49,4845.68,,0.34,1723.43,153.78
20110718,930955,红利低波100,4844.92,4853.46,4829.26,4843.24,,-0.05,1600.54,155.87
20110719,930955,红利低波100,4824.93,4824.93,4797.05,4803.51,,-0.82,1508.01,143.54
20110720,930955,红利低波100,4826.35,4826.35,4783.83,4805.73,,0.05,1292.55,126.25
20110721,930955,红利低波100,4808.79,4808.79,4765.3,4765.3,,-0.84,1457.58,146.2
20110722,930955,红利低波100,4769.28,4779.22,4757.14,4765.84,,0.01,1051.25,115.99
20110725,930955,红利低波100,4747.51,4747.51,4613.77,4621.97,,-3.02,1933.29,175.71
20110726,930955,红利低波100,4617.47,4633.54,4610.47,4632.1,,0.22,1136.41,102.81
20110727,930955,红利低波100,4614.96,4659.2,4598.49,4659.17,,0.58,1387.02,136.52
20110728,930955,红利低波100,4620.84,4629.03,4598.05,4621.14,,-0.82,1290.71,127.36
20110729,930955,红利低波100,4633.27,4650.99,4601.34,4632.79,,0.25,1663.17,151.59
20110801,930955,红利低波100,4608.53,4647.89,4608.53,4638.59,,0.13,1070.49,95.28
20110802,930955,红利低波100,4620.54,4620.54,4557.83,4595.56,,-0.93,1097.68,97.68
20110803,930955,红利低波100,4561.24,4608.24,4559.74,4595.49,,0.0,983.21,88.38
20110804,930955,红利低波100,4601.28,4621.71,4595.39,4606.81,,0.25,826.92,77.72
20110805,930955,红利低波100,4505.41,4529.53,4503.17,4506.71,,-2.17,1505.95,142.14
20110808,930955,红利低波100,4463.27,4476.34,4251.43,4301.92,,-4.54,2061.92,179.09
20110809,930955,红利低波100,4202.24,4304.73,4173.23,4293.43,,-0.2,2167.3,184.47
20110810,930955,红利低波100,4353.01,4373.14,4331.54,4334.34,,0.95,1766.93,157.16
20110811,930955,红利低波100,4263.72,4404.22,4263.72,4404.22,,1.61,1707.9,161.61
20110812,930955,红利低波100,4423.42,4453.21,4422.78,4444.37,,0.91,1623.69,145.44
20110815,930955,红利低波100,4448.42,4500.04,4437.21,4500.04,,1.25,1753.91,159.02
20110816,930955,红利低波100,4503.98,4512.06,4453.23,4463.2,,-0.82,1531.71,142.19
20110817,930955,红利低波100,4454.95,4469.27,4442.38,4449.54,,-0.31,1125.02,93.57
20110818,930955,红利低波100,4448.33,4448.33,4380.81,4380.81,,-1.55,1089.87,104.67
20110819,930955,红利低波100,4310.67,4341.82,4308.17,4341.82,,-0.89,1231.82,115.8
20110822,930955,红利低波100,4340.12,4374.13,4311.21,4321.14,,-0.48,893.23,82.84
20110823,930955,红利低波100,4333.4,4385.34,4330.91,4385.34,,1.49,990.74,87.31
20110824,930955,红利低波100,4403.26,4414.38,4367.47,4370.01,,-0.35,1007.99,95.61
20110825,930955,红利低波100,4385.27,4488.77,4385.27,4488.77,,2.72,2643.5,228.86
20110826,930955,红利低波100,4467.88,4485.28,4457.46,4485.02,,-0.08,1542.64,133.7
20110829,930955,红利低波100,4459.87,4459.87,4423.87,4429.94,,-1.23,1588.21,147.04
20110830,930955,红利低波100,4452.66,4489.63,4414.03,4416.04,,-0.31,1533.16,138.41
20110831,930955,红利低波100,4415.29,4427.24,4384.51,4418.46,,0.06,1138.44,113.5
20110901,930955,红利低波100,4420.95,4446.24,4391.09,4403.09,,-0.35,1109.51,107.21
20110902,930955,红利低波100,4399.78,4403.4,4341.64,4353.12,,-1.14,932.37,83.7
20110905,930955,红利低波100,4322.43,4322.43,4284.25,4284.45,,-1.58,1011.32,90.37
20110906,930955,红利低波100,4261.06,4285.91,4256.71,4267.16,,-0.4,912.01,84.62
20110907,930955,红利低波100,4282.22,4353.84,4282.22,4353.84,,2.03,1089.44,95.56
20110908,930955,红利低波100,4364.45,4364.45,4324.84,4325.1,,-0.66,863.77,73.49
20110909,930955,红利低波100,4334.55,4368.19,4314.62,4324.19,,-0.02,934.25,82.85
20110913,930955,红利低波100,4263.76,4289.15,4257.78,4285.61,,-0.89,866.33,76.78
20110914,930955,红利低波100,4297.76,4311.79,4239.98,4311.79,,0.61,977.65,91.26
20110915,930955,红利低波100,4311.72,4331.29,4301.6,4301.92,,-0.23,935.39,80.52
20110916,930955,红利低波100,4317.82,4333.0,4297.71,4301.36,,-0.01,854.83,76.84
20110919,930955,红利低波100,4283.99,4283.99,4234.27,4234.27,,-1.56,890.83,74.81
20110920,930955,红利低波100,4228.48,4262.44,4223.66,4251.6,,0.41,724.04,60.73
20110921,930955,红利低波100,4253.4,4350.29,4233.22,4345.12,,2.2,1492.97,128.66
20110922,930955,红利低波100,4315.83,4324.78,4241.34,4241.34,,-2.39,1343.35,113.28
20110923,930955,红利低波100,4190.67,4226.98,4177.61,4217.91,,-0.55,1299.44,125.31
20110926,930955,红利低波100,4194.63,4226.16,4144.15,4150.4,,-1.6,1205.2,121.98
20110927,930955,红利低波100,4173.31,4192.88,4156.85,4180.49,,0.73,994.94,89.67
20110928,930955,红利低波100,4199.04,4199.04,4127.94,4129.97,,-1.21,879.57,78.34
20110929,930955,红利低波100,4114.95,4121.62,4081.3,4086.82,,-1.05,1052.08,89.86
20110930,930955,红利低波100,4089.29,4106.64,4069.12,4085.51,,-0.03,1060.64,91.59
20111010,930955,红利低波100,4089.47,4090.2,4070.2,4074.02,,-0.28,847.3,64.39
20111011,930955,红利低波100,4158.61,4158.61,4074.17,4096.27,,0.55,1410.57,114.6
20111012,930955,红利低波100,4081.67,4214.96,4071.83,4214.04,,2.88,1888.09,150.03
20111013,930955,红利低波100,4200.48,4254.68,4200.48,4247.8,,0.8,1602.97,122.63
20111014,930955,红利低波100,4234.48,4239.55,4200.78,4234.55,,-0.31,978.69,77.47
20111017,930955,红利低波100,4239.19,4262.74,4221.55,4241.12,,0.16,1068.42,90.77
20111018,930955,红利低波100,4216.77,4216.77,4142.52,4143.79,,-2.3,1092.42,85.27
20111019,930955,红利低波100,4150.68,4178.23,4140.87,4142.33,,-0.04,858.31,75.37
20111020,930955,红利低波100,4127.15,4127.15,4046.82,4067.53,,-1.81,1105.58,86.79
20111021,930955,红利低波100,4071.36,4092.43,4063.48,4065.34,,-0.05,954.7,77.8
20111024,930955,红利低波100,4071.07,4155.99,4058.1,4155.99,,2.23,1491.44,126.55
20111025,930955,红利低波100,4145.18,4216.24,4137.15,4215.07,,1.42,1684.33,141.35
20111026,930955,红利低波100,4196.07,4264.31,4196.07,4238.43,,0.55,1924.5,156.28
20111027,930955,红利低波100,4247.25,4287.36,4247.25,4262.4,,0.57,1586.56,125.0
20111028,930955,红利低波100,4299.86,4339.59,4297.64,4322.16,,1.4,2216.23,192.63
20111031,930955,红利低波100,4314.82,4328.21,4293.95,4316.43,,-0.13,1525.52,123.52
20111101,930955,红利低波100,4286.78,4348.85,4286.78,4319.04,,0.06,1608.2,136.55
20111102,930955,红利低波100,4271.62,4377.18,4267.77,4377.18,,1.35,1731.06,145.07
20111103,930955,红利低波100,4382.24,4411.99,4375.56,4375.56,,-0.04,2096.18,184.23
20111104,930955,红利低波100,4398.66,4409.63,4378.09,4399.87,,0.56,1534.58,129.6
20111107,930955,红利低波100,4386.92,4415.32,4379.01,4379.54,,-0.46,1157.83,98.1
20111108,930955,红利低波100,4385.12,4396.43,4363.98,4367.48,,-0.28,1326.99,102.37
20111109,930955,红利低波100,4378.54,4393.04,4339.1,4391.92,,0.56,1360.79,108.11
20111110,930955,红利低波100,4353.83,4362.27,4324.3,4324.4,,-1.54,1573.88,124.73
20111111,930955,红利低波100,4323.89,4340.67,4315.65,4320.03,,-0.1,968.02,75.32
20111114,930955,红利低波100,4346.93,4395.51,4346.93,4395.51,,1.75,1331.99,111.47
20111115,930955,红利低波100,4389.77,4401.04,4381.22,4395.05,,-0.01,1085.41,87.68
20111116,930955,红利低波100,4395.99,4395.99,4279.66,4292.64,,-2.33,1459.39,124.76
20111117,930955,红利低波100,4294.72,4313.49,4282.27,4282.63,,-0.23,999.04,81.5
20111118,930955,红利低波100,4262.95,4262.95,4203.11,4207.39,,-1.76,1192.4,104.49
20111121,930955,红利低波100,4213.66,4222.52,4197.45,4220.68,,0.32,824.73,72.03
20111122,930955,红利低波100,4198.86,4227.68,4194.38,4227.68,,0.17,895.79,75.07
20111123,930955,红利低波100,4235.62,4239.2,4210.9,4211.52,,-0.38,877.81,71.65
20111124,930955,红利低波100,4194.07,4235.76,4183.32,4220.42,,0.21,880.89,73.01
20111125,930955,红利低波100,4214.36,4223.43,4186.02,4191.28,,-0.69,734.07,60.48
20111128,930955,红利低波100,4196.45,4216.24,4186.61,4202.84,,0.28,744.92,61.42
20111129,930955,红利低波100,4219.94,4242.84,4208.8,4242.83,,0.95,819.76,72.8
20111130,930955,红利低波100,4234.19,4234.19,4094.78,4110.44,,-3.12,1254.43,97.87
20111201,930955,红利低波100,4205.29,4244.96,4173.88,4185.35,,1.82,2282.3,196.81
20111202,930955,红利低波100,4169.39,4169.39,4119.85,4133.92,,-1.23,1043.98,83.87
20111205,930955,红利低波100,4135.06,4135.06,4082.55,4085.73,,-1.17,1161.81,91.66
20111206,930955,红利低波100,4079.24,4090.16,4065.38,4082.17,,-0.09,808.39,67.89
20111207,930955,红利低波100,4080.76,4102.34,4071.5,4096.01,,0.34,800.71,69.61
20111208,930955,红利低波100,4093.86,4119.07,4060.7,4101.4,,0.13,811.21,69.8
20111209,930955,红利低波100,4082.33,4103.93,4082.33,4092.45,,-0.22,680.23,57.5
20111212,930955,红利低波100,4086.87,4091.48,4059.68,4063.9,,-0.7,707.91,55.37
20111213,930955,红利低波100,4053.91,4055.9,3998.52,3999.63,,-1.58,1095.96,89.2
20111214,930955,红利低波100,3991.51,4022.84,3972.65,3976.77,,-0.57,808.65,62.18
20111215,930955,红利低波100,3960.69,3971.17,3917.84,3917.84,,-1.48,1165.0,85.78
20111216,930955,红利低波100,3917.82,3984.22,3898.79,3984.22,,1.69,1128.9,87.13
20111219,930955,红利低波100,3959.98,3973.59,3896.57,3973.38,,-0.27,1239.65,90.72
20111220,930955,红利低波100,3961.69,3998.71,3961.69,3961.95,,-0.29,1143.97,87.73
20111221,930955,红利低波100,3985.98,3992.07,3921.11,3923.23,,-0.98,991.54,79.94
20111222,930955,红利低波100,3907.81,3920.67,3843.51,3903.23,,-0.51,1189.25,88.88
20111223,930955,红利低波100,3898.14,3961.51,3896.11,3935.92,,0.84,1094.83,79.55
20111226,930955,红利低波100,3923.75,3959.4,3916.15,3930.18,,-0.15,887.88,62.21
20111227,930955,红利低波100,3924.7,3929.18,3883.25,3883.32,,-1.19,832.77,62.56
20111228,930955,红利低波100,3866.21,3869.84,3814.63,3867.29,,-0.41,1006.1,76.41
20111229,930955,红利低波100,3848.59,3875.34,3848.59,3863.41,,-0.1,894.91,64.65
20111230,930955,红利低波100,3868.44,3904.94,3868.44,3902.9,,1.02,1102.44,81.03
20120104,930955,红利低波100,3924.2,3924.2,3850.72,3851.69,,-1.31,1076.51,83.04
20120105,930955,红利低波100,3842.1,3862.92,3811.45,3811.68,,-1.04,1717.44,128.96
20120106,930955,红利低波100,3809.02,3839.56,3790.27,3839.56,,0.73,1278.37,95.29
20120109,930955,红利低波100,3840.9,3943.96,3821.44,3943.96,,2.72,2036.2,156.73
20120110,930955,红利低波100,3937.47,4042.43,3937.47,4042.43,,2.5,2357.93,179.91
20120111,930955,红利低波100,4038.16,4041.71,4004.91,4017.47,,-0.62,1467.72,115.28
20120112,930955,红利低波100,4007.82,4050.93,4006.11,4016.06,,-0.04,1428.23,113.81
20120113,930955,红利低波100,4019.51,4019.51,3928.12,3945.34,,-1.76,1344.89,103.68
20120116,930955,红利低波100,3923.25,3934.59,3895.4,3895.93,,-1.25,945.94,76.53
20120117,930955,红利低波100,3892.73,4050.78,3884.47,4050.78,,3.98,2057.19,161.25
20120118,930955,红利低波100,4049.35,4063.68,3975.98,3987.45,,-1.56,1613.56,125.07
20120119,930955,红利低波100,3989.38,4057.93,3987.67,4042.29,,1.38,1712.33,138.99
20120120,930955,红利低波100,4049.97,4093.21,4045.21,4088.04,,1.13,1801.28,157.88
20120130,930955,红利低波100,4092.75,4092.75,4022.59,4022.59,,-1.6,1517.87,123.54
20120131,930955,红利低波100,4022.29,4034.38,4007.34,4028.13,,0.14,988.12,84.11
20120201,930955,红利低波100,4023.02,4044.03,3990.15,3991.03,,-0.92,1050.51,89.38
20120202,930955,红利低波100,3998.45,4060.11,3993.83,4060.11,,1.73,1486.74,128.56
20120203,930955,红利低波100,4051.2,4101.17,4043.12,4094.46,,0.85,1769.48,150.97
20120206,930955,红利低波100,4098.88,4106.77,4077.2,4093.3,,-0.03,1475.48,122.87
20120207,930955,红利低波100,4076.74,4076.74,4007.9,4022.13,,-1.74,1298.03,105.98
20120208,930955,红利低波100,4018.41,4109.85,4018.26,4109.85,,2.18,1644.31,128.64
20120209,930955,红利低波100,4105.17,4133.91,4091.67,4118.8,,0.22,1712.6,138.91
20120210,930955,红利低波100,4111.18,4157.27,4110.25,4127.61,,0.21,1772.21,139.75
20120213,930955,红利低波100,4095.41,4144.12,4085.39,4125.54,,-0.05,1495.6,122.23
20120214,930955,红利低波100,4120.26,4120.26,4093.41,4113.08,,-0.3,1295.49,107.16
20120215,930955,红利低波100,4107.15,4170.88,4100.47,4163.81,,1.23,1664.76,133.78
20120216,930955,红利低波100,4158.63,4172.63,4127.87,4156.98,,-0.16,1679.41,127.51
20120217,930955,红利低波100,4169.54,4169.68,4133.72,4151.08,,-0.14,1123.72,91.47
20120220,930955,红利低波100,4195.29,4195.29,4151.06,4151.17,,0.0,1546.32,135.93
20120221,930955,红利低波100,4155.13,4171.04,4118.77,4171.04,,0.48,1259.39,102.2
20120222,930955,红利低波100,4168.77,4224.81,4166.69,4224.81,,1.29,2223.97,178.98
20120223,930955,红利低波100,4219.28,4244.43,4217.48,4240.57,,0.37,2007.89,158.4
20120224,930955,红利低波100,4241.39,4306.79,4237.11,4306.79,,1.56,2835.2,223.24
20120227,930955,红利低波100,4328.09,4387.67,4328.09,4338.88,,0.75,3353.41,263.96
20120228,930955,红利低波100,4334.78,4369.39,4320.8,4359.82,,0.48,2548.78,195.11
20120229,930955,红利低波100,4342.5,4342.5,4295.14,4295.25,,-1.48,1820.55,137.56
20120301,930955,红利低波100,4282.86,4318.19,4282.86,4303.73,,0.2,1334.54,102.62
20120302,930955,红利低波100,4309.45,4371.99,4309.45,4371.99,,1.59,2140.64,163.48
20120305,930955,红利低波100,4381.33,4382.38,4340.59,4341.78,,-0.69,2445.52,186.58
20120306,930955,红利低波100,4331.81,4331.81,4275.81,4282.24,,-1.37,2159.86,184.6
20120307,930955,红利低波100,4246.82,4294.6,4246.82,4262.88,,-0.45,1691.05,136.97
20120308,930955,红利低波100,4272.77,4313.55,4272.77,4300.82,,0.89,1657.41,141.09
20120309,930955,红利低波100,4308.08,4334.62,4289.11,4334.62,,0.79,1527.49,124.11
20120312,930955,红利低波100,4333.65,4339.99,4298.69,4323.18,,-0.26,1845.05,157.86
20120313,930955,红利低波100,4319.16,4361.23,4317.14,4360.56,,0.86,1573.68,131.98
20120314,930955,红利低波100,4375.63,4395.57,4218.34,4227.69,,-3.05,3119.4,244.92
20120315,930955,红利低波100,4226.89,4246.02,4178.91,4192.25,,-0.84,1952.88,149.49
20120316,930955,红利低波100,4197.01,4263.02,4196.14,4262.09,,1.67,1723.4,140.2
20120319,930955,红利低波100,4255.14,4277.5,4232.31,4276.56,,0.34,1529.7,129.2
20120320,930955,红利低波100,4266.25,4266.34,4214.39,4214.39,,-1.45,1529.86,122.35
20120321,930955,红利低波100,4228.36,4238.05,4185.99,4218.39,,0.1,1358.02,110.21
20120322,930955,红利低波100,4216.8,4234.13,4198.72,4220.02,,0.04,1257.48,95.82
20120323,930955,红利低波100,4207.05,4207.05,4153.65,4162.73,,-1.36,1188.99,90.04
20120326,930955,红利低波100,4162.53,4170.11,4142.73,4157.89,,-0.12,778.84,66.02
20120327,930955,红利低波100,4168.78,4178.26,4152.97,4155.54,,-0.06,907.46,75.54
20120328,930955,红利低波100,4149.27,4149.27,4042.74,4044.71,,-2.67,1465.57,112.73
20120329,930955,红利低波100,4033.34,4040.33,3979.11,3994.41,,-1.24,1394.36,108.22
20120330,930955,红利低波100,4000.81,4020.56,3993.96,4020.56,,0.66,1205.52,90.91
20120405,930955,红利低波100,4013.4,4093.44,4013.4,4093.44,,1.81,1616.45,130.26
20120406,930955,红利低波100,4087.61,4101.09,4074.6,4094.22,,0.02,1216.9,101.05
20120409,930955,红利低波100,4085.99,4093.84,4058.67,4058.67,,-0.87,904.65,69.12
20120410,930955,红利低波100,4049.66,4095.67,4013.63,4095.67,,0.91,966.87,79.4
20120411,930955,红利低波100,4061.83,4118.96,4057.05,4103.11,,0.18,1189.04,94.68
20120412,930955,红利低波100,4106.09,4173.91,4102.02,4173.91,,1.73,1665.96,138.02
20120413,930955,红利低波100,4179.89,4206.02,4170.94,4187.47,,0.33,1515.1,130.41
20120416,930955,红利低波100,4168.51,4206.26,4167.59,4196.84,,0.22,1059.34,84.8
20120417,930955,红利低波100,4193.09,4215.02,4149.54,4151.1,,-1.09,1084.77,87.32
20120418,930955,红利低波100,4162.32,4229.2,4154.03,4229.2,,1.88,1601.14,131.95
20120419,930955,红利低波100,4223.91,4234.09,4205.04,4218.21,,-0.26,1310.56,135.76
20120420,930955,红利低波100,4217.45,4270.8,4214.49,4270.8,,1.25,1925.81,173.12
20120423,930955,红利低波100,4271.7,4287.56,4249.32,4253.24,,-0.41,1711.74,146.96
20120424,930955,红利低波100,4237.39,4300.53,4188.59,4255.34,,0.05,2719.71,238.45
20120425,930955,红利低波100,4245.27,4304.19,4245.27,4301.58,,1.09,2212.82,181.05
20120426,930955,红利低波100,4304.47,4304.47,4269.09,4276.69,,-0.58,1927.76,160.71
20120427,930955,红利低波100,4276.21,4276.21,4253.81,4256.42,,-0.47,1491.02,129.05
20120502,930955,红利低波100,4303.55,4333.03,4287.81,4321.37,,1.53,2606.07,229.96
20120503,930955,红利低波100,4314.09,4319.1,4293.12,4313.74,,-0.18,1653.22,160.02
20120504,930955,红利低波100,4307.85,4334.56,4295.33,4334.56,,0.48,1897.6,171.54
20120507,930955,红利低波100,4314.67,4341.54,4313.69,4341.54,,0.16,2074.21,191.91
20120508,930955,红利低波100,4340.31,4340.31,4305.47,4326.17,,-0.35,1876.11,164.03
20120509,930955,红利低波100,4300.75,4300.75,4252.25,4252.25,,-1.71,1577.98,138.29
20120510,930955,红利低波100,4251.85,4266.27,4247.46,4253.22,,0.02,1340.76,111.61
20120511,930955,红利低波100,4246.65,4264.27,4230.17,4230.17,,-0.54,1022.38,92.38
20120514,930955,红利低波100,4260.71,4260.71,4216.59,4216.99,,-0.31,1513.0,136.33
20120515,930955,红利低波100,4193.91,4215.61,4176.6,4215.61,,-0.03,1343.15,126.87
20120516,930955,红利低波100,4206.56,4206.56,4165.11,4166.29,,-1.17,1346.32,115.56
20120517,930955,红利低波100,4168.98,4236.74,4165.26,4231.15,,1.56,1329.31,116.4
20120518,930955,红利低波100,4207.39,4234.04,4185.62,4194.89,,-0.86,1523.43,121.73
20120521,930955,红利低波100,4190.9,4203.25,4161.27,4186.07,,-0.21,1210.84,99.12
20120522,930955,红利低波100,4198.31,4228.17,4198.31,4228.17,,1.01,1287.04,116.27
20120523,930955,红利低波100,4221.79,4231.98,4196.21,4213.72,,-0.34,1149.46,105.48
20120524,930955,红利低波100,4208.56,4220.84,4172.6,4177.91,,-0.85,1164.99,110.39
20120525,930955,红利低波100,4176.95,4180.34,4137.35,4148.69,,-0.7,1130.83,97.12
20120528,930955,红利低波100,4134.78,4199.66,4112.3,4199.66,,1.23,1474.6,121.06
20120529,930955,红利低波100,4197.89,4239.23,4191.27,4237.75,,0.91,1660.91,145.68
20120530,930955,红利低波100,4235.87,4246.46,4224.7,4231.5,,-0.15,1464.43,121.54
20120531,930955,红利低波100,4209.6,4224.87,4196.98,4212.94,,-0.44,1175.88,105.07
20120601,930955,红利低波100,4211.05,4231.15,4201.58,4215.81,,0.07,1164.49,104.6
20120604,930955,红利低波100,4170.08,4170.08,4101.9,4101.9,,-2.7,1619.6,143.12
20120605,930955,红利低波100,4107.05,4130.65,4099.55,4113.2,,0.28,1256.94,105.94
20120606,930955,红利低波100,4116.68,4128.2,4095.96,4105.33,,-0.19,1119.07,90.94
20120607,930955,红利低波100,4132.75,4137.09,4082.95,4088.74,,-0.4,1120.32,92.09
20120608,930955,红利低波100,4113.78,4113.78,4071.95,4077.45,,-0.28,1823.94,147.54
20120611,930955,红利低波100,4072.0,4114.97,4065.02,4112.98,,0.87,1327.45,104.8
20120612,930955,红利低波100,4094.0,4097.01,4070.21,4084.95,,-0.68,1289.49,106.97
20120613,930955,红利低波100,4082.47,4140.21,4082.47,4140.21,,1.35,1638.69,144.36
20120614,930955,红利低波100,4127.24,4144.44,4109.14,4110.8,,-0.71,1555.74,131.62
20120615,930955,红利低波100,4120.41,4144.42,4103.16,4135.18,,0.59,1551.95,140.49
20120618,930955,红利低波100,4143.71,4160.25,4143.08,4150.71,,0.38,1212.5,100.14
20120619,930955,红利低波100,4148.21,4148.21,4121.53,4122.88,,-0.67,1073.17,92.25
20120620,930955,红利低波100,4128.34,4136.34,4116.82,4119.54,,-0.08,1029.94,85.96
20120621,930955,红利低波100,4113.71,4113.71,4061.59,4079.94,,-0.96,1096.19,92.29
20120625,930955,红利低波100,4064.88,4069.8,4022.7,4022.7,,-1.4,1275.5,104.27
20120626,930955,红利低波100,4006.15,4020.71,3983.93,4015.76,,-0.17,1013.38,84.04
20120627,930955,红利低波100,4013.01,4030.39,4003.08,4004.05,,-0.29,907.84,65.99
20120628,930955,红利低波100,4012.84,4016.46,3971.03,3971.03,,-0.83,917.85,81.51
20120629,930955,红利低波100,3964.73,4006.64,3956.58,4006.45,,0.89,1215.99,108.69
20120702,930955,红利低波100,4018.31,4018.31,3993.88,4011.22,,0.12,1190.84,117.79
20120703,930955,红利低波100,4012.51,4037.09,4003.87,4016.23,,0.13,1171.68,121.79
20120704,930955,红利低波100,4021.66,4027.05,4005.78,4016.45,,0.01,1050.2,95.25
20120705,930955,红利低波100,4007.19,4007.19,3960.19,3966.88,,-1.23,1067.69,99.03
20120706,930955,红利低波100,3973.24,4015.01,3952.86,4015.01,,1.21,1779.78,183.03
20120709,930955,红利低波100,3993.45,3995.83,3933.38,3933.38,,-2.03,1808.6,165.49
20120710,930955,红利低波100,3928.72,3939.54,3908.11,3918.1,,-0.39,1261.06,111.95
20120711,930955,红利低波100,3910.21,3934.56,3910.21,3934.56,,0.42,1267.43,115.56
20120712,930955,红利低波100,3928.48,3952.11,3899.89,3943.39,,0.22,1976.48,195.58
20120713,930955,红利低波100,3932.27,3951.49,3921.45,3938.13,,-0.13,1161.38,118.1
20120716,930955,红利低波100,3939.15,3939.15,3856.36,3856.36,,-2.08,1263.15,118.7
20120717,930955,红利低波100,3850.53,3880.85,3850.53,3878.79,,0.58,1022.04,101.87
20120718,930955,红利低波100,3877.63,3896.17,3850.77,3896.03,,0.44,1253.55,113.22
20120719,930955,红利低波100,3881.74,3925.13,3878.72,3910.79,,0.38,1483.05,137.68
20120720,930955,红利低波100,3902.36,3909.84,3879.4,3885.31,,-0.65,1197.21,99.68
20120723,930955,红利低波100,3862.77,3862.77,3827.88,3836.72,,-1.25,1107.88,96.82
20120724,930955,红利低波100,3823.19,3852.77,3823.19,3847.07,,0.27,1017.66,89.55
20120725,930955,红利低波100,3833.91,3843.45,3815.43,3817.74,,-0.76,780.31,66.45
20120726,930955,红利低波100,3817.87,3834.11,3802.66,3803.46,,-0.37,928.49,80.25
20120727,930955,红利低波100,3814.71,3819.52,3796.52,3804.42,,0.03,1105.93,102.7
20120730,930955,红利低波100,3804.54,3816.69,3782.43,3784.83,,-0.52,1088.28,91.56
20120731,930955,红利低波100,3784.26,3796.63,3777.16,3781.87,,-0.08,1141.95,98.59
20120801,930955,红利低波100,3780.69,3824.39,3780.69,3817.02,,0.93,1018.68,87.92
20120802,930955,红利低波100,3814.91,3825.38,3794.23,3798.18,,-0.49,1090.01,91.95
20120803,930955,红利低波100,3801.45,3831.48,3795.26,3831.48,,0.88,883.04,83.11
20120806,930955,红利低波100,3823.63,3865.17,3823.63,3864.51,,0.86,1150.3,96.73
20120807,930955,红利低波100,3862.64,3871.07,3851.49,3871.07,,0.17,1159.36,91.7
20120808,930955,红利低波100,3870.71,3875.68,3853.5,3867.14,,-0.1,1080.59,91.26
20120809,930955,红利低波100,3864.81,3891.79,3847.74,3890.69,,0.61,938.61,91.75
20120810,930955,红利低波100,3888.85,3895.71,3880.93,3888.92,,-0.05,1062.83,100.71
20120813,930955,红利低波100,3882.46,3882.46,3832.57,3832.99,,-1.44,1350.81,135.59
20120814,930955,红利低波100,3834.43,3843.68,3807.93,3839.43,,0.17,1052.77,96.86
20120815,930955,红利低波100,3833.54,3833.54,3800.66,3801.29,,-0.99,902.04,77.16
20120816,930955,红利低波100,3798.41,3806.92,3794.61,3794.83,,-0.17,675.65,59.26
20120817,930955,红利低波100,3793.61,3799.91,3773.98,3794.92,,0.0,748.92,67.24
20120820,930955,红利低波100,3776.87,3780.22,3754.19,3778.45,,-0.43,787.15,65.98
20120821,930955,红利低波100,3778.6,3806.4,3772.49,3801.02,,0.6,1015.11,82.88
20120822,930955,红利低波100,3798.95,3798.95,3769.86,3784.6,,-0.43,904.32,77.01
20120823,930955,红利低波100,3782.98,3795.9,3775.19,3792.25,,0.2,996.94,78.0
20120824,930955,红利低波100,3783.09,3783.09,3755.33,3755.35,,-0.97,902.77,69.15
20120827,930955,红利低波100,3746.93,3746.93,3695.05,3695.05,,-1.61,1131.68,90.93
20120828,930955,红利低波100,3708.18,3742.39,3705.8,3731.37,,0.98,1218.5,89.45
20120829,930955,红利低波100,3723.1,3735.14,3705.16,3705.16,,-0.7,931.31,69.58
20120830,930955,红利低波100,3695.74,3711.95,3674.44,3702.58,,-0.07,1129.69,95.15
20120831,930955,红利低波100,3692.35,3705.9,3688.32,3696.52,,-0.16,793.82,64.37
20120903,930955,红利低波100,3688.67,3714.73,3688.2,3708.38,,0.32,1238.94,100.88
20120904,930955,红利低波100,3705.4,3707.16,3662.45,3667.82,,-1.09,1082.71,82.09
20120905,930955,红利低波100,3661.48,3671.13,3643.92,3662.79,,-0.14,1227.78,92.55
20120906,930955,红利低波100,3668.79,3685.09,3662.3,3685.09,,0.61,1070.86,78.6
20120907,930955,红利低波100,3701.22,3827.36,3701.22,3802.94,,3.2,2974.25,232.36
20120910,930955,红利低波100,3799.62,3809.64,3785.77,3808.32,,0.14,1666.35,128.61
20120911,930955,红利低波100,3795.59,3795.59,3767.34,3785.64,,-0.6,1150.07,92.89
20120912,930955,红利低波100,3796.42,3806.58,3767.46,3789.81,,0.11,1293.67,98.52
20120913,930955,红利低波100,3788.16,3795.25,3762.79,3764.43,,-0.67,1050.03,78.91
20120914,930955,红利低波100,3784.45,3796.7,3764.81,3782.64,,0.48,1565.71,121.31
20120917,930955,红利低波100,3776.41,3776.41,3699.29,3699.29,,-2.2,1209.52,94.65
20120918,930955,红利低波100,3691.88,3691.88,3663.35,3671.39,,-0.75,859.92,64.47
20120919,930955,红利低波100,3671.67,3682.79,3666.51,3681.65,,0.28,959.65,72.86
20120920,930955,红利低波100,3674.29,3674.29,3607.55,3607.55,,-2.01,1247.15,92.03
20120921,930955,红利低波100,3601.96,3628.83,3601.96,3611.01,,0.1,1134.52,78.94
20120924,930955,红利低波100,3595.0,3617.7,3569.55,3608.19,,-0.08,1073.68,77.09
20120925,930955,红利低波100,3601.75,3613.87,3590.6,3602.94,,-0.15,835.96,63.76
20120926,930955,红利低波100,3599.55,3601.06,3557.33,3558.35,,-1.24,760.05,56.63
20120927,930955,红利低波100,3557.37,3651.08,3557.37,3638.75,,2.26,1613.11,126.35
20120928,930955,红利低波100,3618.17,3689.49,3618.02,3689.32,,1.39,1852.55,145.73
20121008,930955,红利低波100,3689.72,3700.46,3651.69,3664.94,,-0.66,1051.8,75.27
20121009,930955,红利低波100,3676.88,3738.67,3676.88,3738.67,,2.01,1479.93,110.85
20121010,930955,红利低波100,3730.26,3755.61,3723.08,3753.46,,0.4,1033.72,73.23
20121011,930955,红利低波100,3747.15,3748.53,3726.03,3726.17,,-0.73,1065.56,76.96
20121012,930955,红利低波100,3733.1,3760.19,3715.55,3730.07,,0.11,1094.51,80.4
20121015,930955,红利低波100,3731.74,3731.74,3695.91,3715.48,,-0.39,764.03,57.15
20121016,930955,红利低波100,3710.68,3731.44,3702.96,3714.32,,-0.03,969.34,78.16
20121017,930955,红利低波100,3721.34,3730.79,3701.7,3723.78,,0.26,1046.77,80.91
20121018,930955,红利低波100,3729.93,3779.86,3729.93,3770.58,,1.26,1369.78,106.7
20121019,930955,红利低波100,3768.13,3774.38,3762.0,3762.6,,-0.21,957.53,75.95
20121022,930955,红利低波100,3750.17,3771.74,3740.14,3769.32,,0.18,980.56,76.46
20121023,930955,红利低波100,3776.61,3781.32,3751.64,3751.64,,-0.47,953.52,76.54
20121024,930955,红利低波100,3743.84,3770.82,3743.84,3767.56,,0.43,974.39,68.48
20121025,930955,红利低波100,3765.41,3799.78,3754.36,3755.16,,-0.33,1223.26,78.31
20121026,930955,红利低波100,3751.46,3751.46,3671.58,3681.36,,-1.97,1251.71,90.26
20121029,930955,红利低波100,3674.21,3684.99,3665.24,3677.5,,-0.1,877.2,73.54
20121030,930955,红利低波100,3676.51,3699.47,3671.06,3679.0,,0.04,1016.71,76.65
20121031,930955,红利低波100,3674.44,3692.04,3664.02,3690.95,,0.33,1029.31,83.72
20121101,930955,红利低波100,3689.12,3749.28,3689.12,3742.99,,1.41,1573.58,132.98
20121102,930955,红利低波100,3744.32,3766.75,3734.3,3765.51,,0.6,1293.96,105.58
20121105,930955,红利低波100,3762.82,3772.7,3753.67,3767.94,,0.07,1280.11,104.37
20121106,930955,红利低波100,3767.28,3767.28,3711.08,3751.64,,-0.43,1161.03,95.88
20121107,930955,红利低波100,3745.12,3756.04,3731.86,3752.21,,0.02,942.61,71.87
20121108,930955,红利低波100,3730.85,3730.85,3692.28,3693.07,,-1.58,1025.03,77.21
20121109,930955,红利低波100,3684.49,3698.69,3679.57,3689.82,,-0.09,899.35,62.6
20121112,930955,红利低波100,3690.82,3711.7,3688.22,3711.7,,0.59,1130.36,84.64
20121113,930955,红利低波100,3709.6,3709.6,3655.02,3660.63,,-1.38,1090.02,83.65
20121114,930955,红利低波100,3658.85,3671.82,3653.6,3671.46,,0.3,853.17,66.08
20121115,930955,红利低波100,3657.26,3663.54,3622.18,3623.29,,-1.31,873.17,68.11
20121116,930955,红利低波100,3616.21,3616.51,3583.2,3599.8,,-0.65,980.21,75.69
20121119,930955,红利低波100,3598.96,3613.51,3577.36,3613.51,,0.38,942.58,79.39
20121120,930955,红利低波100,3617.39,3620.14,3600.99,3606.54,,-0.19,772.86,65.05
20121121,930955,红利低波100,3607.38,3641.64,3589.0,3641.64,,0.97,893.54,71.53
20121122,930955,红利低波100,3629.66,3629.66,3610.81,3617.17,,-0.67,723.79,59.36
20121123,930955,红利低波100,3624.14,3644.81,3618.43,3637.06,,0.55,1043.26,86.03
20121126,930955,红利低波100,3630.76,3634.52,3615.62,3620.03,,-0.47,759.8,59.02
20121127,930955,红利低波100,3615.01,3615.01,3571.25,3572.11,,-1.32,1208.46,84.26
20121128,930955,红利低波100,3558.89,3558.89,3530.42,3536.97,,-0.98,1034.09,73.23
20121129,930955,红利低波100,3535.21,3547.74,3529.83,3529.83,,-0.2,996.58,70.13
20121130,930955,红利低波100,3530.27,3561.84,3530.27,3561.84,,0.91,1096.24,78.31
20121203,930955,红利低波100,3558.49,3560.73,3521.59,3522.64,,-1.1,1256.84,97.71
20121204,930955,红利低波100,3517.93,3553.33,3508.46,3552.82,,0.86,1116.35,87.56
20121205,930955,红利低波100,3550.01,3660.12,3547.98,3645.76,,2.62,2973.82,236.21
20121206,930955,红利低波100,3640.18,3655.67,3629.91,3644.67,,-0.03,1765.14,140.62
20121207,930955,红利低波100,3642.53,3702.26,3637.7,3701.95,,1.57,2778.19,228.07
20121210,930955,红利低波100,3713.69,3740.47,3705.27,3736.35,,0.93,2680.6,212.0
20121211,930955,红利低波100,3726.79,3734.68,3710.93,3713.74,,-0.61,1718.64,135.18
20121212,930955,红利低波100,3711.79,3731.48,3700.2,3720.03,,0.17,1662.01,130.07
20121213,930955,红利低波100,3711.88,3717.18,3686.16,3687.06,,-0.89,1544.97,118.66
20121214,930955,红利低波100,3688.02,3834.26,3688.02,3834.26,,3.99,4129.21,329.28
20121217,930955,红利低波100,3840.02,3862.66,3840.02,3850.21,,0.42,3167.73,260.54
20121218,930955,红利低波100,3845.56,3877.58,3830.59,3846.14,,-0.11,2745.12,226.87
20121219,930955,红利低波100,3843.65,3862.55,3839.75,3849.41,,0.09,1998.43,169.97
20121220,930955,红利低波100,3839.63,3859.74,3821.2,3859.54,,0.26,1985.47,167.68
20121221,930955,红利低波100,3865.13,3884.72,3836.35,3842.97,,-0.43,2093.31,178.01
20121224,930955,红利低波100,3839.24,3866.06,3839.24,3853.91,,0.29,1698.78,156.01
20121225,930955,红利低波100,3847.46,3954.9,3842.43,3949.35,,2.48,3191.89,269.46
20121226,930955,红利低波100,3944.75,3962.97,3938.98,3962.97,,0.35,2218.37,182.56
20121227,930955,红利低波100,3970.36,3982.27,3937.05,3937.47,,-0.64,2313.44,192.28
20121228,930955,红利低波100,3940.73,3973.25,3938.63,3973.25,,0.91,2145.12,187.47
20121231,930955,红利低波100,3978.14,4024.16,3978.14,4024.16,,1.28,2985.8,263.39
20130104,930955,红利低波100,4057.16,4057.16,4007.99,4038.01,,0.34,3421.66,252.07
20130107,930955,红利低波100,4032.32,4060.92,4032.32,4056.68,,0.46,2512.97,197.21
20130108,930955,红利低波100,4055.71,4063.58,4021.31,4047.06,,-0.24,2239.22,176.74
20130109,930955,红利低波100,4040.76,4058.21,4022.39,4042.28,,-0.12,2028.26,164.01
20130110,930955,红利低波100,4039.47,4072.57,4038.44,4055.54,,0.33,2176.8,163.56
20130111,930955,红利低波100,4057.63,4057.63,3972.35,3978.39,,-1.9,2247.66,171.71
20130114,930955,红利低波100,3966.05,4099.25,3966.05,4093.37,,2.89,2925.09,236.6
20130115,930955,红利低波100,4095.03,4134.54,4095.03,4125.11,,0.78,2695.99,203.81
20130116,930955,红利低波100,4120.8,4121.99,4047.57,4087.17,,-0.92,2558.44,197.4
20130117,930955,红利低波100,4079.38,4084.98,4042.65,4059.48,,-0.68,2100.67,161.33
20130118,930955,红利低波100,4074.09,4119.52,4068.77,4118.8,,1.46,2598.87,201.1
20130121,930955,红利低波100,4126.4,4149.93,4110.59,4149.93,,0.76,2746.28,222.12
20130122,930955,红利低波100,4148.29,4155.15,4111.31,4125.79,,-0.58,3398.94,272.36
20130123,930955,红利低波100,4114.74,4141.61,4091.32,4128.4,,0.06,2365.66,186.42
20130124,930955,红利低波100,4129.53,4186.15,4069.66,4082.41,,-1.11,3548.58,293.33
20130125,930955,红利低波100,4081.4,4094.22,4066.33,4067.91,,-0.36,1687.88,134.9
20130128,930955,红利低波100,4075.78,4157.05,4075.78,4157.05,,2.19,3001.31,262.8
20130129,930955,红利低波100,4163.07,4173.2,4146.9,4167.7,,0.26,3148.45,270.27
20130130,930955,红利低波100,4171.71,4210.41,4157.16,4210.41,,1.03,3179.65,250.43
20130131,930955,红利低波100,4212.49,4213.39,4186.52,4210.36,,0.0,3028.74,225.6
20130201,930955,红利低波100,4200.0,4251.63,4192.62,4251.63,,0.98,3132.07,264.15
20130204,930955,红利低波100,4259.67,4283.49,4252.11,4269.14,,0.41,3970.78,341.55
20130205,930955,红利低波100,4250.25,4303.14,4250.13,4301.33,,0.75,4294.32,322.13
20130206,930955,红利低波100,4299.57,4307.91,4283.29,4290.79,,-0.25,2737.78,219.47
20130207,930955,红利低波100,4288.22,4288.22,4230.23,4268.01,,-0.53,3368.46,301.93
20130208,930955,红利低波100,4264.35,4313.51,4264.35,4300.76,,0.77,2901.39,253.48
20130218,930955,红利低波100,4316.45,4322.65,4291.23,4303.25,,0.06,2747.37,222.78
20130219,930955,红利低波100,4304.61,4305.81,4235.95,4243.98,,-1.38,2602.53,202.63
20130220,930955,红利低波100,4244.89,4272.04,4227.64,4271.96,,0.66,2540.51,217.11
20130221,930955,红利低波100,4244.77,4244.77,4133.16,4154.86,,-2.74,3731.34,315.64
20130222,930955,红利低波100,4150.41,4165.72,4132.43,4137.35,,-0.42,2150.91,188.18
20130225,930955,红利低波100,4167.22,4182.43,4154.96,4168.52,,0.75,1919.71,160.29
20130226,930955,红利低波100,4152.56,4175.47,4096.27,4096.67,,-1.72,3104.14,274.57
20130227,930955,红利低波100,4102.06,4138.1,4091.87,4114.33,,0.43,2168.58,184.0
20130228,930955,红利低波100,4127.98,4198.77,4116.1,4198.77,,2.05,2934.86,256.34
20130301,930955,红利低波100,4203.34,4206.71,4161.51,4206.44,,0.18,2469.11,223.11
20130304,930955,红利低波100,4166.39,4166.39,4063.53,4075.42,,-3.12,3864.11,307.2
20130305,930955,红利低波100,4077.03,4159.38,4077.03,4159.38,,2.06,3205.36,275.33
20130306,930955,红利低波100,4169.27,4204.38,4164.06,4204.38,,1.08,3152.98,273.55
20130307,930955,红利低波100,4198.63,4214.83,4150.39,4165.27,,-0.93,2989.4,252.0
20130308,930955,红利低波100,4170.6,4184.99,4158.58,4163.48,,-0.04,1924.74,170.99
20130311,930955,红利低波100,4165.2,4168.56,4134.48,4150.33,,-0.32,1637.81,133.81
20130312,930955,红利低波100,4149.34,4173.03,4061.7,4092.03,,-1.41,2586.69,201.57
20130313,930955,红利低波100,4084.73,4087.28,4035.65,4052.21,,-0.97,1836.93,145.04
20130314,930955,红利低波100,4039.72,4069.45,4039.72,4060.23,,0.2,1595.07,133.84
20130315,930955,红利低波100,4063.12,4133.52,4043.53,4089.4,,0.72,2847.15,241.72
20130318,930955,红利低波100,4072.23,4080.79,4032.8,4035.39,,-1.32,2006.56,160.52
20130319,930955,红利低波100,4041.22,4061.55,4027.03,4061.07,,0.64,1793.04,141.85
20130320,930955,红利低波100,4064.25,4155.68,4064.25,4155.68,,2.33,3116.66,268.82
20130321,930955,红利低波100,4157.68,4181.98,4157.68,4174.95,,0.46,2402.94,200.29
20130322,930955,红利低波100,4173.23,4192.56,4167.71,4191.86,,0.4,1976.7,158.56
20130325,930955,红利低波100,4200.64,4209.52,4183.7,4196.44,,0.11,1946.2,161.63
20130326,930955,红利低波100,4186.17,4186.26,4132.5,4155.11,,-0.99,2193.04,185.92
20130327,930955,红利低波100,4157.56,4195.24,4143.7,4163.4,,0.2,1821.75,162.0
20130328,930955,红利低波100,4122.68,4122.68,4057.17,4059.7,,-2.49,3631.06,318.54
20130329,930955,红利低波100,4068.43,4080.44,4056.32,4071.53,,0.29,1969.4,177.47
20130401,930955,红利低波100,4063.24,4080.65,4063.17,4072.97,,0.04,1561.01,122.5
20130402,930955,红利低波100,4077.85,4100.74,4050.69,4058.45,,-0.36,1724.12,136.5
20130403,930955,红利低波100,4073.15,4079.86,4044.94,4054.91,,-0.09,1552.33,124.89
20130408,930955,红利低波100,4010.33,4030.31,3978.53,4030.23,,-0.61,1959.47,168.0
20130409,930955,红利低波100,4036.29,4058.76,4036.29,4050.82,,0.51,1690.17,141.63
20130410,930955,红利低波100,4048.26,4048.26,4018.74,4039.9,,-0.27,1483.15,125.04
20130411,930955,红利低波100,4057.69,4057.69,4024.78,4025.48,,-0.36,1433.83,115.24
20130412,930955,红利低波100,4021.94,4025.66,3995.07,3998.34,,-0.67,1264.59,104.32
20130415,930955,红利低波100,3987.58,3990.12,3945.22,3952.87,,-1.14,1545.73,110.41
20130416,930955,红利低波100,3935.93,3978.69,3934.16,3978.69,,0.65,1911.71,148.54
20130417,930955,红利低波100,3979.34,3979.34,3945.14,3966.1,,-0.32,1499.24,116.4
20130418,930955,红利低波100,3949.87,3981.44,3949.87,3976.22,,0.26,1599.66,128.42
20130419,930955,红利低波100,3978.8,4060.61,3978.8,4056.8,,2.03,2647.83,219.21
20130422,930955,红利低波100,4039.28,4055.82,4039.28,4053.89,,-0.07,1784.78,150.68
20130423,930955,红利低波100,4054.15,4054.15,3949.3,3950.85,,-2.54,1877.21,162.14
20130424,930955,红利低波100,3956.49,4005.88,3953.23,4002.47,,1.31,1689.35,144.89
20130425,930955,红利低波100,3994.54,4005.67,3962.85,3972.51,,-0.75,1485.43,122.59
20130426,930955,红利低波100,3983.08,3983.08,3937.07,3939.11,,-0.84,1315.99,104.24
20130502,930955,红利低波100,3928.19,3942.64,3923.38,3938.78,,-0.01,1433.5,111.92
20130503,930955,红利低波100,3946.84,4017.96,3946.84,3995.1,,1.43,1900.61,155.66
20130506,930955,红利低波100,4002.26,4036.34,4002.26,4031.44,,0.91,1703.08,132.49
20130507,930955,红利低波100,4027.94,4042.67,4018.2,4040.97,,0.24,1520.95,117.28
20130508,930955,红利低波100,4048.35,4063.76,4039.32,4050.58,,0.24,1650.02,134.23
20130509,930955,红利低波100,4050.79,4050.79,4008.48,4026.79,,-0.59,1551.8,125.46
20130510,930955,红利低波100,4020.89,4057.2,4020.89,4057.2,,0.76,1508.37,121.04
20130513,930955,红利低波100,4058.96,4058.96,4033.3,4048.96,,-0.2,1567.04,132.93
20130514,930955,红利低波100,4044.68,4044.68,3990.83,4005.49,,-1.07,1539.36,130.73
20130515,930955,红利低波100,4006.24,4022.34,4004.96,4022.34,,0.42,1122.04,95.37
20130516,930955,红利低波100,4016.57,4065.03,4005.06,4065.03,,1.06,2027.71,177.12
20130517,930955,红利低波100,4063.17,4120.42,4062.24,4115.77,,1.25,2432.66,189.69
20130520,930955,红利低波100,4117.34,4154.68,4117.34,4142.6,,0.65,2558.58,215.2
20130521,930955,红利低波100,4138.23,4164.67,4130.74,4164.67,,0.53,1974.46,164.97
20130522,930955,红利低波100,4161.44,4165.07,4132.25,4143.24,,-0.52,1989.32,157.24
20130523,930955,红利低波100,4125.34,4133.89,4088.24,4088.31,,-1.33,1967.14,153.4
20130524,930955,红利低波100,4096.92,4112.34,4077.22,4105.52,,0.42,1485.19,115.39
20130527,930955,红利低波100,4103.61,4120.24,4103.12,4112.36,,0.17,1488.33,117.27
20130528,930955,红利低波100,4113.6,4163.69,4095.43,4163.69,,1.25,2186.02,176.35
20130529,930955,红利低波100,4168.44,4185.63,4165.69,4170.35,,0.16,2064.73,165.61
20130530,930955,红利低波100,4159.81,4173.02,4154.92,4167.56,,-0.07,1706.95,136.36
20130531,930955,红利低波100,4172.87,4180.22,4149.95,4151.79,,-0.38,1735.01,140.28
20130603,930955,红利低波100,4154.9,4176.68,4152.75,4161.35,,0.23,1743.92,138.03
20130604,930955,红利低波100,4150.96,4150.96,4093.97,4101.04,,-1.45,1705.25,131.04
20130605,930955,红利低波100,4094.65,4105.73,4084.37,4100.69,,-0.01,1339.47,111.43
20130606,930955,红利低波100,4088.34,4088.34,4047.92,4051.1,,-1.21,1543.07,125.54
20130607,930955,红利低波100,4050.22,4060.61,3978.58,3988.46,,-1.55,1629.76,125.84
20130613,930955,红利低波100,3952.96,3952.96,3853.71,3882.95,,-2.65,2294.02,164.31
20130614,930955,红利低波100,3884.78,3904.5,3877.5,3904.5,,0.56,1662.78,117.8
20130617,930955,红利低波100,3907.73,3908.09,3878.25,3893.96,,-0.27,1405.53,106.53
20130618,930955,红利低波100,3892.8,3897.08,3871.24,3893.66,,-0.01,1333.21,98.97
20130619,930955,红利低波100,3883.3,3883.3,3823.74,3865.84,,-0.71,1408.84,106.8
20130620,930955,红利低波100,3850.69,3850.69,3762.19,3762.19,,-2.68,1646.46,125.21
20130621,930955,红利低波100,3716.67,3743.34,3692.95,3737.77,,-0.65,1790.86,129.62
20130624,930955,红利低波100,3732.33,3732.33,3551.14,3561.66,,-4.71,2762.99,195.58
20130625,930955,红利低波100,3540.52,3554.68,3361.09,3543.48,,-0.51,3368.25,222.62
20130626,930955,红利低波100,3543.05,3543.05,3488.63,3532.02,,-0.32,2406.79,159.93
20130627,930955,红利低波100,3539.8,3578.58,3518.78,3525.08,,-0.2,2286.02,146.76
20130628,930955,红利低波100,3515.44,3578.12,3514.36,3558.43,,0.95,2358.64,158.87
20130701,930955,红利低波100,3544.43,3579.01,3526.55,3579.01,,0.58,1580.85,87.47
20130702,930955,红利低波100,3578.56,3598.8,3555.14,3598.3,,0.54,1522.38,88.57
20130703,930955,红利低波100,3585.33,3585.33,3528.9,3574.46,,-0.66,1696.65,91.12
20130704,930955,红利低波100,3565.05,3629.74,3550.18,3609.07,,0.97,1627.36,95.7
20130705,930955,红利低波100,3608.42,3631.76,3602.9,3609.92,,0.02,1388.36,76.93
20130708,930955,红利低波100,3576.94,3576.94,3500.89,3500.89,,-3.02,1348.05,74.13
20130709,930955,红利低波100,3494.98,3521.16,3489.81,3519.12,,0.52,1142.27,63.89
20130710,930955,红利低波100,3515.56,3594.91,3515.56,3594.91,,2.15,1455.36,80.36
20130711,930955,红利低波100,3601.94,3738.99,3601.94,3712.13,,3.26,3152.86,188.04
20130712,930955,红利低波100,3711.91,3711.91,3654.56,3654.95,,-1.54,2128.37,123.62
20130715,930955,红利低波100,3659.45,3704.35,3648.41,3680.0,,0.69,1612.46,96.92
20130716,930955,红利低波100,3671.64,3699.6,3648.94,3699.19,,0.52,1496.27,89.05
20130717,930955,红利低波100,3694.28,3712.95,3666.58,3666.58,,-0.88,1571.5,94.84
20130718,930955,红利低波100,3655.62,3655.62,3621.38,3625.51,,-1.12,1416.23,84.43
20130719,930955,红利低波100,3625.72,3636.02,3566.62,3567.77,,-1.59,1576.67,92.33
20130722,930955,红利低波100,3545.86,3586.3,3545.86,3586.07,,0.51,1342.0,75.78
20130723,930955,红利低波100,3587.82,3658.75,3587.82,3653.78,,1.89,1787.82,101.64
20130724,930955,红利低波100,3639.9,3645.47,3594.42,3636.23,,-0.48,1617.28,94.25
20130725,930955,红利低波100,3643.99,3650.87,3612.61,3619.86,,-0.45,1512.5,83.57
20130726,930955,红利低波100,3601.98,3616.1,3587.05,3604.37,,-0.43,1035.31,62.11
20130729,930955,红利低波100,3591.41,3591.41,3541.09,3547.56,,-1.58,1217.29,71.19
20130730,930955,红利低波100,3555.92,3600.22,3541.88,3581.17,,0.95,1230.63,73.23
20130731,930955,红利低波100,3589.88,3617.24,3579.14,3586.65,,0.15,1029.81,64.67
20130801,930955,红利低波100,3594.91,3641.53,3594.91,3641.53,,1.53,1323.32,78.91
20130802,930955,红利低波100,3653.73,3662.89,3639.24,3641.84,,0.01,1283.3,74.73
20130805,930955,红利低波100,3642.24,3675.98,3632.48,3675.98,,0.94,1156.38,70.33
20130806,930955,红利低波100,3666.58,3711.73,3653.88,3705.98,,0.82,1542.53,94.2
20130807,930955,红利低波100,3700.0,3715.11,3676.45,3681.16,,-0.67,1525.08,89.37
20130808,930955,红利低波100,3675.54,3692.55,3666.14,3676.08,,-0.14,1126.79,69.15
20130809,930955,红利低波100,3685.61,3701.69,3650.4,3687.71,,0.32,1423.49,83.62
20130812,930955,红利低波100,3697.64,3769.91,3697.64,3769.91,,2.23,2144.35,133.57
20130813,930955,红利低波100,3769.16,3781.67,3764.77,3781.67,,0.31,1571.11,96.99
20130814,930955,红利低波100,3788.36,3801.93,3760.51,3770.92,,-0.28,1583.2,97.71
20130815,930955,红利低波100,3772.8,3793.92,3750.99,3752.82,,-0.48,1552.23,95.97
20130816,930955,红利低波100,3740.75,3837.81,3723.27,3723.69,,-0.78,3179.11,185.6
20130819,930955,红利低波100,3706.42,3753.64,3706.42,3751.33,,0.74,1549.7,96.03
20130820,930955,红利低波100,3751.49,3768.95,3720.49,3727.1,,-0.65,1806.49,113.77
20130821,930955,红利低波100,3733.69,3736.87,3712.44,3736.09,,0.24,1119.34,72.72
20130822,930955,红利低波100,3730.67,3750.52,3719.99,3728.27,,-0.21,1177.26,72.82
20130823,930955,红利低波100,3746.45,3759.36,3679.96,3722.06,,-0.17,1678.73,109.7
20130826,930955,红利低波100,3730.39,3813.75,3728.77,3813.75,,2.46,1967.84,129.31
20130827,930955,红利低波100,3815.71,3854.98,3815.71,3854.98,,1.08,1983.24,129.92
20130828,930955,红利低波100,3844.1,3897.72,3839.1,3878.92,,0.62,2643.35,159.22
20130829,930955,红利低波100,3895.41,3895.41,3872.13,3886.94,,0.21,2159.17,129.21
20130830,930955,红利低波100,3899.55,3969.47,3899.55,3949.53,,1.61,2722.12,165.1
20130902,930955,红利低波100,3986.89,3986.89,3903.66,3934.41,,-0.38,2943.48,181.26
20130903,930955,红利低波100,3928.72,3970.21,3927.35,3968.21,,0.86,2499.04,150.22
20130904,930955,红利低波100,3974.98,4010.27,3973.62,4002.09,,0.85,2522.45,150.07
20130905,930955,红利低波100,3994.36,3997.13,3969.17,3994.54,,-0.19,2104.47,133.86
20130906,930955,红利低波100,3993.37,4061.45,3993.37,4058.64,,1.61,2782.03,187.29
20130909,930955,红利低波100,4088.39,4188.53,4088.39,4173.91,,2.84,5528.79,359.99
20130910,930955,红利低波100,4179.58,4271.73,4179.58,4267.91,,2.25,5908.81,424.84
20130911,930955,红利低波100,4285.36,4308.99,4266.52,4282.95,,0.35,5203.38,348.02
20130912,930955,红利低波100,4267.06,4313.09,4251.81,4300.72,,0.42,5010.97,375.63
20130913,930955,红利低波100,4290.82,4305.46,4227.64,4253.59,,-1.1,3695.68,272.41
20130916,930955,红利低波100,4255.85,4268.92,4234.98,4242.64,,-0.26,3116.19,245.79
20130917,930955,红利低波100,4234.87,4234.87,4128.16,4128.16,,-2.7,3063.73,219.7
20130918,930955,红利低波100,4126.33,4167.26,4126.33,4162.51,,0.83,2431.15,177.46
20130923,930955,红利低波100,4173.92,4228.2,4173.92,4228.2,,1.58,2559.65,193.96
20130924,930955,红利低波100,4222.8,4250.18,4180.54,4238.35,,0.24,3249.0,243.07
20130925,930955,红利低波100,4235.55,4292.8,4225.3,4236.03,,-0.06,3061.96,241.62
20130926,930955,红利低波100,4214.86,4214.86,4120.8,4121.91,,-2.69,2763.22,212.22
20130927,930955,红利低波100,4092.47,4123.39,4089.55,4113.44,,-0.21,2092.7,164.53
20130930,930955,红利低波100,4119.2,4142.93,4119.2,4139.83,,0.64,1629.43,126.17
20131008,930955,红利低波100,4138.35,4189.19,4123.92,4189.19,,1.19,2471.28,178.42
20131009,930955,红利低波100,4181.43,4215.34,4179.28,4215.34,,0.62,2305.62,167.84
20131010,930955,红利低波100,4220.45,4220.45,4172.31,4179.84,,-0.84,2404.71,181.86
20131011,930955,红利低波100,4198.32,4270.46,4198.32,4270.46,,2.17,2675.18,209.46
20131014,930955,红利低波100,4283.67,4331.5,4281.33,4320.48,,1.17,3321.76,260.05
20131015,930955,红利低波100,4323.09,4329.7,4291.05,4329.7,,0.21,2736.21,194.87
20131016,930955,红利低波100,4316.22,4316.22,4220.17,4237.28,,-2.13,2399.31,179.8
20131017,930955,红利低波100,4251.83,4276.68,4224.32,4234.26,,-0.07,1943.68,148.8
20131018,930955,红利低波100,4248.69,4256.68,4231.96,4245.52,,0.27,1506.72,113.71
20131021,930955,红利低波100,4256.36,4314.29,4242.75,4314.17,,1.62,2239.85,174.32
20131022,930955,红利低波100,4311.58,4321.47,4277.41,4287.56,,-0.62,2342.31,179.66
20131023,930955,红利低波100,4287.18,4308.18,4211.6,4220.54,,-1.56,2436.5,176.39
20131024,930955,红利低波100,4215.5,4223.26,4191.94,4195.25,,-0.6,1842.63,139.79
20131025,930955,红利低波100,4197.11,4201.44,4120.78,4130.07,,-1.55,1970.46,157.1
20131028,930955,红利低波100,4131.77,4144.69,4112.45,4133.17,,0.08,1447.57,118.22
20131029,930955,红利低波100,4132.64,4166.54,4024.27,4085.75,,-1.15,2919.19,210.56
20131030,930955,红利低波100,4084.01,4166.98,4084.01,4166.49,,1.98,2830.45,188.29
20131031,930955,红利低波100,4159.9,4160.46,4132.44,4137.39,,-0.7,2341.83,161.38
20131101,930955,红利低波100,4133.05,4165.66,4120.26,4151.29,,0.34,1739.09,128.07
20131104,930955,红利低波100,4164.91,4173.32,4152.5,4157.57,,0.15,1477.21,105.85
20131105,930955,红利低波100,4141.53,4175.67,4107.74,4175.67,,0.44,1860.34,133.14
20131106,930955,红利低波100,4161.76,4186.15,4145.07,4145.32,,-0.73,1930.95,139.06
20131107,930955,红利低波100,4136.35,4149.52,4115.3,4124.54,,-0.5,1409.03,101.22
20131108,930955,红利低波100,4114.57,4125.81,4074.65,4078.17,,-1.12,1435.76,103.52
20131111,930955,红利低波100,4073.68,4097.63,4051.5,4083.84,,0.14,1329.71,102.01
20131112,930955,红利低波100,4086.5,4116.71,4083.51,4114.65,,0.76,1491.31,127.64
20131113,930955,红利低波100,4094.53,4094.53,4031.43,4031.43,,-2.02,1682.06,122.39
20131114,930955,红利低波100,4032.5,4055.1,4017.92,4054.23,,0.57,1390.21,102.55
20131115,930955,红利低波100,4056.08,4147.49,4056.08,4119.27,,1.6,2369.96,188.82
20131118,930955,红利低波100,4138.26,4219.46,4138.26,4219.46,,2.43,3184.21,276.55
20131119,930955,红利低波100,4227.24,4237.07,4210.6,4227.79,,0.2,2410.44,209.35
20131120,930955,红利低波100,4241.84,4256.6,4219.39,4256.6,,0.68,1928.01,162.71
20131121,930955,红利低波100,4243.66,4256.75,4225.45,4256.75,,0.0,2243.21,183.55
20131122,930955,红利低波100,4259.72,4260.83,4218.89,4233.32,,-0.55,1940.92,156.82
20131125,930955,红利低波100,4215.75,4255.2,4215.75,4229.38,,-0.09,1858.72,145.36
20131126,930955,红利低波100,4227.77,4238.7,4214.06,4225.56,,-0.09,1537.79,113.33
20131127,930955,红利低波100,4226.55,4255.86,4216.98,4255.86,,0.72,1970.67,152.6
20131128,930955,红利低波100,4262.31,4315.95,4262.31,4297.5,,0.98,2272.74,167.07
20131129,930955,红利低波100,4298.4,4298.4,4279.65,4291.26,,-0.15,1652.26,123.56
20131202,930955,红利低波100,4252.72,4294.48,4185.7,4233.79,,-1.34,3453.72,248.69
20131203,930955,红利低波100,4224.34,4303.11,4224.34,4296.94,,1.49,2303.31,170.74
20131204,930955,红利低波100,4291.16,4388.32,4291.16,4374.23,,1.8,3311.35,240.37
20131205,930955,红利低波100,4379.89,4392.58,4359.97,4378.92,,0.11,2485.55,181.14
20131206,930955,红利低波100,4376.52,4377.12,4358.46,4372.93,,-0.14,1938.42,154.87
20131209,930955,红利低波100,4382.5,4387.84,4371.87,4378.84,,0.14,1726.65,149.17
20131210,930955,红利低波100,4383.22,4411.84,4382.33,4392.1,,0.3,1988.34,165.77
20131211,930955,红利低波100,4379.17,4379.17,4308.28,4325.45,,-1.52,2117.66,165.12
20131212,930955,红利低波100,4316.71,4342.53,4315.64,4325.04,,-0.01,1589.62,125.37
20131213,930955,红利低波100,4298.98,4324.09,4298.98,4311.78,,-0.31,1650.01,131.92
20131216,930955,红利低波100,4316.76,4316.76,4254.64,4254.64,,-1.33,1605.41,126.67
20131217,930955,红利低波100,4255.22,4256.52,4236.34,4241.34,,-0.31,1218.76,93.54
20131218,930955,红利低波100,4243.01,4251.45,4224.58,4232.41,,-0.21,998.94,77.96
20131219,930955,红利低波100,4243.3,4246.48,4201.18,4201.18,,-0.74,1190.88,89.63
20131220,930955,红利低波100,4203.61,4203.61,4114.07,4114.07,,-2.07,1765.49,134.5
20131223,930955,红利低波100,4127.07,4137.71,4092.65,4126.59,,0.3,1074.01,81.21
20131224,930955,红利低波100,4138.8,4170.37,4120.86,4145.7,,0.46,1089.59,83.49
20131225,930955,红利低波100,4147.17,4160.99,4135.64,4159.68,,0.34,921.22,70.06
20131226,930955,红利低波100,4156.84,4156.84,4093.33,4097.1,,-1.51,1325.33,95.3
20131227,930955,红利低波100,4099.45,4160.09,4097.65,4148.38,,1.25,1322.12,101.1
20131230,930955,红利低波100,4162.3,4162.3,4134.01,4136.91,,-0.28,1457.66,103.46
20131231,930955,红利低波100,4124.2,4179.14,4124.2,4175.86,,0.94,1576.2,134.74
20140102,930955,红利低波100,4166.3,4166.3,4143.19,4155.18,,-0.5,1175.48,85.72
20140103,930955,红利低波100,4138.9,4139.84,4090.82,4100.55,,-1.32,1402.25,102.33
20140106,930955,红利低波100,4095.39,4095.39,4007.23,4018.3,,-2.01,1744.16,127.79
20140107,930955,红利低波100,3998.34,4018.91,3996.46,4012.16,,-0.15,1024.19,75.17
20140108,930955,红利低波100,4014.63,4032.22,3992.21,4001.29,,-0.27,1222.4,87.63
20140109,930955,红利低波100,3988.96,4004.94,3953.76,3953.76,,-1.19,1123.51,89.52
20140110,930955,红利低波100,3946.91,3946.91,3908.55,3916.92,,-0.93,1167.91,78.58
20140113,930955,红利低波100,3922.02,3944.2,3910.47,3923.31,,0.16,1082.52,83.66
20140114,930955,红利低波100,3923.25,3965.6,3914.68,3965.6,,1.08,1092.7,77.1
20140115,930955,红利低波100,3959.16,3959.88,3932.67,3949.39,,-0.41,972.98,66.41
20140116,930955,红利低波100,3949.26,3966.21,3932.86,3955.37,,0.15,1093.78,93.87
20140117,930955,红利低波100,3944.21,3944.21,3907.13,3907.74,,-1.2,1123.31,85.69
20140120,930955,红利低波100,3900.54,3909.75,3883.55,3899.01,,-0.22,838.49,70.79
20140121,930955,红利低波100,3899.97,3938.53,3899.97,3937.53,,0.99,866.2,72.71
20140122,930955,红利低波100,3936.12,4018.78,3936.12,4018.78,,2.06,1445.74,115.07
20140123,930955,红利低波100,4016.22,4019.0,3993.66,4000.35,,-0.46,1231.06,100.11
20140124,930955,红利低波100,3995.79,4036.99,3995.79,4023.71,,0.58,1358.89,106.98
20140127,930955,红利低波100,4003.89,4006.09,3984.84,3991.16,,-0.81,1409.79,125.75
20140128,930955,红利低波100,3997.15,4012.5,3982.7,4000.1,,0.22,1072.29,84.63
20140129,930955,红利低波100,4006.68,4022.46,4001.88,4019.46,,0.48,987.66,79.3
20140130,930955,红利低波100,4013.58,4013.58,3986.6,3988.84,,-0.76,794.29,66.61
20140207,930955,红利低波100,3970.7,4009.76,3963.45,4009.76,,0.52,958.67,79.03
20140210,930955,红利低波100,4015.95,4091.34,4015.95,4091.34,,2.04,1753.12,130.7
20140211,930955,红利低波100,4088.16,4123.16,4080.04,4115.02,,0.58,2386.7,168.94
20140212,930955,红利低波100,4115.47,4141.24,4112.3,4140.72,,0.62,1823.65,127.6
20140213,930955,红利低波100,4141.51,4164.88,4125.99,4125.99,,-0.36,2519.14,167.41
20140214,930955,红利低波100,4122.46,4169.01,4122.46,4169.01,,1.04,1810.32,135.63
20140217,930955,红利低波100,4182.72,4207.04,4169.64,4207.04,,0.91,2260.46,174.41
20140218,930955,红利低波100,4203.93,4203.93,4181.29,4196.86,,-0.24,2088.02,162.48
20140219,930955,红利低波100,4193.57,4248.35,4190.2,4231.93,,0.84,2545.89,187.81
20140220,930955,红利低波100,4248.74,4271.71,4214.62,4219.68,,-0.29,3049.07,216.37
20140221,930955,红利低波100,4209.78,4209.78,4142.64,4164.63,,-1.3,2025.05,146.62
20140224,930955,红利低波100,4148.87,4148.87,4081.36,4111.68,,-1.27,2227.05,165.77
20140225,930955,红利低波100,4119.37,4135.75,4022.17,4031.53,,-1.95,2175.37,171.31
20140226,930955,红利低波100,4019.74,4044.85,3998.41,4044.85,,0.33,1710.81,117.46
20140227,930955,红利低波100,4048.66,4079.63,4035.82,4051.58,,0.17,2565.07,174.5
20140228,930955,红利低波100,4043.23,4068.86,4004.96,4068.86,,0.43,1954.15,138.91
20140303,930955,红利低波100,4057.57,4109.78,4057.5,4108.84,,0.98,2606.99,162.19
20140304,930955,红利低波100,4091.02,4095.56,4056.95,4093.17,,-0.38,1951.25,129.64
20140305,930955,红利低波100,4098.2,4098.2,4063.15,4066.74,,-0.65,1692.15,120.16
20140306,930955,红利低波100,4058.15,4078.77,4017.16,4074.29,,0.19,1642.36,116.13
20140307,930955,红利低波100,4073.93,4091.28,4043.51,4057.69,,-0.41,1653.22,117.02
20140310,930955,红利低波100,4031.45,4031.45,3935.42,3935.42,,-3.01,1919.18,130.5
20140311,930955,红利低波100,3928.37,3954.69,3918.86,3951.11,,0.4,1526.82,109.05
20140312,930955,红利低波100,3945.44,3967.91,3908.53,3950.18,,-0.02,1879.52,130.47
20140313,930955,红利低波100,3951.67,4003.53,3951.67,3998.47,,1.22,2054.17,142.73
20140314,930955,红利低波100,3981.94,3987.99,3952.37,3973.82,,-0.62,1552.69,111.01
20140317,930955,红利低波100,3978.52,4006.37,3965.75,4006.03,,0.81,1649.05,91.2
20140318,930955,红利低波100,4007.42,4025.81,4001.72,4008.52,,0.06,1563.29,105.74
20140319,930955,红利低波100,3998.32,4010.51,3972.95,4010.51,,0.05,1391.36,82.8
20140320,930955,红利低波100,4006.44,4024.12,3960.73,3960.73,,-1.24,1770.52,97.7
20140321,930955,红利低波100,3950.11,4072.53,3950.11,4070.27,,2.77,3190.01,162.56
20140324,930955,红利低波100,4078.11,4129.28,4076.17,4122.96,,1.3,3183.54,160.66
20140325,930955,红利低波100,4111.18,4138.31,4102.94,4116.85,,-0.15,2534.72,133.54
20140326,930955,红利低波100,4119.12,4122.3,4095.86,4104.0,,-0.31,1570.12,90.55
20140327,930955,红利低波100,4099.11,4130.04,4079.44,4082.85,,-0.52,1928.77,105.05
20140328,930955,红利低波100,4081.23,4109.06,4072.16,4076.42,,-0.16,2040.87,111.33
20140331,930955,红利低波100,4081.79,4094.45,4061.36,4073.79,,-0.06,1652.53,86.29
20140401,930955,红利低波100,4070.6,4111.97,4070.6,4107.16,,0.82,1335.96,76.46
20140402,930955,红利低波100,4110.77,4148.92,4110.46,4144.66,,0.91,1891.8,105.31
20140403,930955,红利低波100,4153.64,4153.64,4086.69,4095.34,,-1.19,2244.93,107.86
20140404,930955,红利低波100,4082.15,4120.37,4082.15,4120.37,,0.61,1199.1,65.78
20140408,930955,红利低波100,4112.93,4193.21,4112.93,4186.65,,1.61,2879.72,155.24
20140409,930955,红利低波100,4189.98,4195.5,4178.84,4187.77,,0.03,1844.85,101.21
20140410,930955,红利低波100,4188.86,4250.25,4172.0,4237.65,,1.19,3610.93,202.43
20140411,930955,红利低波100,4228.38,4254.32,4223.61,4244.78,,0.17,2968.04,183.98
20140414,930955,红利低波100,4234.76,4242.08,4218.14,4242.08,,-0.06,1725.07,106.28
20140415,930955,红利低波100,4229.18,4229.18,4169.11,4172.61,,-1.64,1735.03,100.1
20140416,930955,红利低波100,4165.14,4191.29,4164.27,4186.01,,0.32,1301.67,73.47
20140417,930955,红利低波100,4190.81,4192.31,4172.23,4174.25,,-0.28,1309.38,74.13
20140418,930955,红利低波100,4161.49,4171.46,4143.47,4169.45,,-0.11,1297.03,69.77
20140421,930955,红利低波100,4146.03,4165.11,4103.57,4103.57,,-1.58,1453.28,78.07
20140422,930955,红利低波100,4097.74,4115.4,4073.61,4113.68,,0.25,1423.94,75.71
20140423,930955,红利低波100,4106.93,4124.93,4101.01,4114.97,,0.03,1208.16,71.8
20140424,930955,红利低波100,4109.82,4128.36,4098.64,4100.81,,-0.34,1245.75,68.05
20140425,930955,红利低波100,4099.37,4108.76,4051.5,4051.5,,-1.2,1785.8,112.84
20140428,930955,红利低波100,4046.84,4046.84,3997.83,3999.01,,-1.3,1915.2,107.09
20140429,930955,红利低波100,3996.07,4034.7,3996.07,4034.31,,0.88,1371.34,74.3
20140430,930955,红利低波100,4035.92,4043.24,4030.5,4039.17,,0.12,1133.22,60.28
20140505,930955,红利低波100,4035.08,4043.33,4008.8,4043.33,,0.1,1406.68,74.84
20140506,930955,红利低波100,4031.88,4056.65,4029.56,4041.42,,-0.05,1333.39,70.13
20140507,930955,红利低波100,4030.6,4037.07,4009.6,4012.39,,-0.72,1347.28,73.32
20140508,930955,红利低波100,4005.77,4062.03,4005.77,4027.63,,0.38,1368.08,75.04
20140509,930955,红利低波100,4031.83,4041.4,4016.57,4036.8,,0.23,1377.69,77.27
20140512,930955,红利低波100,4059.46,4147.87,4049.69,4145.5,,2.69,2532.71,141.57
20140513,930955,红利低波100,4154.7,4154.7,4114.21,4129.85,,-0.38,1945.77,109.89
20140514,930955,红利低波100,4118.44,4123.06,4103.26,4108.03,,-0.53,1316.99,78.66
20140515,930955,红利低波100,4097.32,4105.59,4063.77,4064.24,,-1.07,1321.67,73.83
20140516,930955,红利低波100,4057.68,4074.93,4046.45,4073.43,,0.23,1263.74,70.45
20140519,930955,红利低波100,4062.68,4062.68,4019.18,4035.14,,-0.94,1228.55,74.32
20140520,930955,红利低波100,4046.75,4055.51,4030.12,4036.66,,0.04,1039.15,60.88
20140521,930955,红利低波100,4023.93,4073.85,4007.33,4073.44,,0.91,1112.31,63.84
20140522,930955,红利低波100,4071.81,4095.87,4057.44,4057.7,,-0.39,1290.07,72.66
20140523,930955,红利低波100,4054.65,4075.23,4048.68,4075.23,,0.43,960.35,53.63
20140526,930955,红利低波100,4088.87,4094.58,4079.89,4089.17,,0.34,991.86,55.81
20140527,930955,红利低波100,4086.8,4090.51,4073.67,4073.72,,-0.38,1033.25,56.75
20140528,930955,红利低波100,4073.8,4097.04,4062.54,4097.04,,0.57,1169.3,66.32
20140529,930955,红利低波100,4097.56,4101.41,4066.78,4067.6,,-0.72,1164.62,65.72
20140530,930955,红利低波100,4067.27,4086.75,4064.23,4072.13,,0.11,1137.97,61.94
20140603,930955,红利低波100,4076.18,4096.25,4072.61,4072.61,,0.01,1215.24,63.56
20140604,930955,红利低波100,4070.71,4070.71,4024.03,4035.35,,-0.92,1253.8,62.89
20140605,930955,红利低波100,4030.58,4069.69,4023.26,4069.69,,0.85,1116.55,60.3
20140606,930955,红利低波100,4068.22,4068.22,4034.37,4046.91,,-0.56,1023.54,56.64
20140609,930955,红利低波100,4038.14,4067.47,4038.14,4047.14,,0.01,1016.51,55.41
20140610,930955,红利低波100,4051.29,4083.91,4045.11,4083.91,,0.91,1350.71,75.71
20140611,930955,红利低波100,4078.71,4089.38,4071.78,4089.13,,0.13,1186.27,65.07
20140612,930955,红利低波100,4077.51,4082.48,4065.83,4072.59,,-0.4,1117.7,58.71
20140613,930955,红利低波100,4064.91,4109.51,4064.91,4105.02,,0.8,1778.23,95.01
20140616,930955,红利低波100,4106.12,4131.23,4105.59,4131.23,,0.64,2028.3,120.54
20140617,930955,红利低波100,4120.43,4120.43,4089.1,4092.01,,-0.95,1491.13,85.99
20140618,930955,红利低波100,4089.12,4089.12,4069.4,4075.45,,-0.41,1543.05,81.98
20140619,930955,红利低波100,4074.49,4077.94,4004.89,4014.82,,-1.49,1506.96,85.96
20140620,930955,红利低波100,4002.66,4022.16,4002.66,4022.16,,0.18,1199.44,66.32
20140623,930955,红利低波100,4020.17,4030.91,4014.21,4016.12,,-0.15,1149.16,66.59
20140624,930955,红利低波100,4015.61,4037.48,4014.13,4036.27,,0.5,1021.47,61.21
20140625,930955,红利低波100,4033.21,4033.21,4015.54,4025.45,,-0.27,1050.29,58.38
20140626,930955,红利低波100,4026.94,4050.8,4026.94,4049.62,,0.6,1242.37,68.84
20140627,930955,红利低波100,4035.51,4056.73,4028.55,4045.75,,-0.1,1383.1,76.07
20140630,930955,红利低波100,4046.33,4070.44,4046.33,4064.22,,0.46,1379.94,78.03
20140701,930955,红利低波100,4070.18,4071.35,4057.12,4069.46,,0.13,1357.28,75.4
20140702,930955,红利低波100,4067.98,4087.73,4059.48,4087.45,,0.44,1360.39,75.6
20140703,930955,红利低波100,4087.63,4109.29,4082.77,4103.72,,0.4,1711.04,92.1
20140704,930955,红利低波100,4101.11,4106.16,4092.25,4097.0,,-0.16,1454.63,81.41
20140707,930955,红利低波100,4092.09,4101.27,4078.28,4096.7,,-0.01,1349.08,74.82
20140708,930955,红利低波100,4092.78,4110.02,4080.25,4109.75,,0.32,1407.59,76.92
20140709,930955,红利低波100,4108.14,4108.14,4062.84,4062.84,,-1.14,1722.21,98.01
20140710,930955,红利低波100,4050.41,4075.42,4050.41,4064.04,,0.03,1551.13,85.96
20140711,930955,红利低波100,4048.37,4086.39,4048.37,4075.93,,0.29,1632.25,90.22
20140714,930955,红利低波100,4075.39,4118.06,4074.34,4118.06,,1.03,1962.13,119.27
20140715,930955,红利低波100,4115.54,4131.85,4112.51,4131.85,,0.34,2269.7,132.51
20140716,930955,红利低波100,4130.65,4164.95,4130.65,4155.83,,0.58,3196.01,156.72
20140717,930955,红利低波100,4150.77,4150.77,4127.87,4140.45,,-0.37,2247.26,120.35
20140718,930955,红利低波100,4125.46,4179.06,4125.46,4160.88,,0.49,2321.63,129.82
20140721,930955,红利低波100,4162.84,4165.64,4149.29,4153.6,,-0.18,1885.79,108.75
20140722,930955,红利低波100,4145.3,4210.97,4145.3,4203.06,,1.19,2527.52,150.14
20140723,930955,红利低波100,4201.91,4230.39,4201.7,4219.03,,0.38,2893.88,163.22
20140724,930955,红利低波100,4219.78,4276.17,4219.78,4272.54,,1.27,3976.43,231.21
20140725,930955,红利低波100,4279.87,4324.63,4279.87,4324.63,,1.22,3201.97,194.08
20140728,930955,红利低波100,4337.66,4437.34,4337.66,4424.58,,2.31,6304.23,363.26
20140729,930955,红利低波100,4428.38,4446.04,4411.82,4427.84,,0.07,4568.97,262.9
20140730,930955,红利低波100,4409.79,4435.1,4397.05,4399.54,,-0.64,4034.56,233.31
20140731,930955,红利低波100,4393.34,4452.14,4391.44,4452.14,,1.2,3476.69,192.02
20140801,930955,红利低波100,4434.69,4495.98,4425.16,4425.16,,-0.61,4533.57,250.23
20140804,930955,红利低波100,4432.73,4512.27,4432.73,4512.27,,1.97,3966.57,223.03
20140805,930955,红利低波100,4518.12,4530.43,4489.59,4515.79,,0.08,3259.29,194.29
20140806,930955,红利低波100,4501.49,4534.84,4472.12,4525.37,,0.21,3480.97,199.6
20140807,930955,红利低波100,4520.03,4521.84,4454.03,4454.03,,-1.58,3169.01,187.5
20140808,930955,红利低波100,4449.35,4467.04,4434.28,4454.79,,0.02,2520.77,145.45
20140811,930955,红利低波100,4461.24,4518.55,4457.62,4516.98,,1.4,2535.07,158.68
20140812,930955,红利低波100,4510.43,4510.43,4481.36,4501.94,,-0.33,2286.32,141.17
20140813,930955,红利低波100,4503.26,4519.6,4472.54,4510.35,,0.19,2909.55,180.78
20140814,930955,红利低波100,4503.55,4520.27,4472.36,4472.36,,-0.84,2673.74,174.91
20140815,930955,红利低波100,4469.37,4509.22,4466.04,4504.67,,0.72,2299.64,154.92
20140818,930955,红利低波100,4510.27,4533.37,4510.27,4531.95,,0.61,2578.28,165.43
20140819,930955,红利低波100,4533.54,4535.76,4507.71,4535.49,,0.08,2787.6,171.35
20140820,930955,红利低波100,4524.41,4537.81,4514.82,4524.72,,-0.24,2382.07,148.25
20140821,930955,红利低波100,4524.02,4524.02,4461.76,4496.82,,-0.62,2636.93,160.39
20140822,930955,红利低波100,4492.09,4517.9,4483.89,4516.9,,0.45,2270.79,140.25
20140825,930955,红利低波100,4517.3,4517.3,4473.13,4487.26,,-0.66,2781.69,158.57
20140826,930955,红利低波100,4477.86,4496.42,4421.71,4433.29,,-1.2,2493.06,147.7
20140827,930955,红利低波100,4430.18,4449.52,4428.24,4436.69,,0.08,1732.72,104.12
20140828,930955,红利低波100,4434.85,4450.71,4405.45,4405.45,,-0.7,2055.18,120.98
20140829,930955,红利低波100,4409.7,4454.2,4405.0,4454.2,,1.11,1669.51,98.17
20140901,930955,红利低波100,4456.96,4486.1,4455.98,4485.34,,0.7,2062.4,124.7
20140902,930955,红利低波100,4495.57,4547.55,4484.07,4547.55,,1.39,3208.2,192.5
20140903,930955,红利低波100,4549.88,4593.21,4549.88,4589.25,,0.92,3763.09,223.54
20140904,930955,红利低波100,4590.93,4627.45,4581.29,4627.45,,0.83,3197.14,193.08
20140905,930955,红利低波100,4634.43,4659.35,4621.68,4658.84,,0.68,3450.12,214.34
20140909,930955,红利低波100,4660.35,4669.6,4649.47,4664.33,,0.12,3310.53,189.69
20140910,930955,红利低波100,4648.88,4657.35,4627.99,4651.01,,-0.28,2904.82,168.48
20140911,930955,红利低波100,4647.21,4699.74,4622.87,4632.26,,-0.4,3531.01,209.25
20140912,930955,红利低波100,4626.7,4678.98,4619.5,4678.98,,1.01,3072.63,170.55
20140915,930955,红利低波100,4673.1,4699.82,4667.31,4699.79,,0.45,3646.11,215.0
20140916,930955,红利低波100,4701.9,4731.67,4624.77,4626.14,,-1.57,6140.97,316.31
20140917,930955,红利低波100,4630.56,4667.26,4620.68,4665.79,,0.86,4111.39,213.01
20140918,930955,红利低波100,4656.85,4694.91,4651.23,4689.0,,0.5,3947.94,216.39
20140919,930955,红利低波100,4685.14,4706.33,4661.11,4702.73,,0.29,2920.73,165.91
20140922,930955,红利低波100,4689.9,4689.9,4612.66,4619.88,,-1.76,3224.49,185.46
20140923,930955,红利低波100,4617.42,4658.98,4617.42,4657.65,,0.82,2445.86,143.65
20140924,930955,红利低波100,4643.49,4723.0,4643.49,4720.73,,1.35,4230.11,243.14
20140925,930955,红利低波100,4738.17,4758.02,4705.71,4722.89,,0.05,4039.24,235.35
20140926,930955,红利低波100,4710.38,4742.58,4708.93,4737.69,,0.31,2594.69,155.82
20140929,930955,红利低波100,4745.0,4764.04,4743.4,4764.04,,0.56,3633.39,220.62
20140930,930955,红利低波100,4773.87,4786.43,4767.68,4783.49,,0.41,3344.01,197.44
20141008,930955,红利低波100,4792.65,4815.91,4769.48,4815.91,,0.68,3788.59,231.93
20141009,930955,红利低波100,4815.45,4829.53,4780.78,4828.06,,0.25,4222.14,247.17
20141010,930955,红利低波100,4813.83,4817.25,4773.55,4791.07,,-0.77,3881.42,228.41
20141013,930955,红利低波100,4773.6,4776.49,4723.84,4776.49,,-0.3,3616.79,213.28
20141014,930955,红利低波100,4765.74,4804.16,4745.68,4765.93,,-0.22,3404.94,198.91
20141015,930955,红利低波100,4763.04,4818.13,4757.49,4817.76,,1.09,4190.08,241.75
20141016,930955,红利低波100,4794.03,4858.12,4794.03,4796.65,,-0.44,5950.35,337.5
20141017,930955,红利低波100,4786.51,4800.74,4721.34,4770.36,,-0.55,4301.82,261.22
20141020,930955,红利低波100,4779.27,4799.2,4767.34,4799.2,,0.61,2946.11,193.88
20141021,930955,红利低波100,4792.37,4807.25,4760.67,4760.67,,-0.8,2900.0,180.63
20141022,930955,红利低波100,4759.18,4780.0,4730.97,4731.25,,-0.62,2633.53,166.16
20141023,930955,红利低波100,4726.38,4728.68,4663.13,4665.66,,-1.39,3285.83,193.17
20141024,930955,红利低波100,4664.78,4682.65,4649.25,4655.98,,-0.21,2285.58,138.43
20141027,930955,红利低波100,4640.9,4644.42,4618.96,4637.33,,-0.4,2607.06,154.11
20141028,930955,红利低波100,4643.64,4749.57,4643.64,4749.57,,2.42,3969.12,231.45
20141029,930955,红利低波100,4762.13,4842.54,4758.16,4827.1,,1.63,6326.96,355.89
20141030,930955,红利低波100,4820.01,4916.28,4820.01,4907.7,,1.67,8476.67,446.18
20141031,930955,红利低波100,4915.45,4991.57,4911.68,4983.76,,1.55,11143.63,607.63
20141103,930955,红利低波100,4989.47,5033.64,4988.27,5019.97,,0.73,8548.66,467.25
20141104,930955,红利低波100,5020.16,5071.03,5017.87,5065.29,,0.9,9734.9,533.65
20141105,930955,红利低波100,5082.85,5082.85,5041.42,5041.72,,-0.47,7464.27,433.47
20141106,930955,红利低波100,5038.06,5044.86,4991.44,5044.57,,0.06,5441.87,319.09
20141107,930955,红利低波100,5045.01,5094.5,4993.98,5008.22,,-0.72,7675.59,482.59
20141110,930955,红利低波100,5041.3,5150.34,5040.02,5150.34,,2.84,9843.38,594.18
20141111,930955,红利低波100,5167.1,5220.16,5059.11,5110.66,,-0.77,14304.5,828.73
20141112,930955,红利低波100,5081.96,5173.41,5081.96,5173.41,,1.23,7383.54,437.66
20141113,930955,红利低波100,5180.77,5192.45,5132.41,5160.47,,-0.25,8124.42,501.16
20141114,930955,红利低波100,5144.45,5149.83,5093.2,5136.52,,-0.46,5499.26,344.86
20141117,930955,红利低波100,5202.32,5202.32,5129.7,5130.92,,-0.11,5912.31,381.57
20141118,930955,红利低波100,5128.34,5128.34,5066.15,5076.42,,-1.06,5411.48,316.87
20141119,930955,红利低波100,5069.21,5076.35,5043.48,5060.8,,-0.31,3803.14,232.27
20141120,930955,红利低波100,5042.14,5068.95,5033.49,5060.62,,0.0,3432.09,222.95
20141121,930955,红利低波100,5062.76,5139.67,5054.76,5139.18,,1.55,5029.24,320.94
20141124,930955,红利低波100,5184.28,5275.52,5172.8,5241.49,,1.99,9790.83,630.8
20141125,930955,红利低波100,5241.91,5325.57,5241.91,5325.57,,1.6,8166.27,529.64
20141126,930955,红利低波100,5345.03,5384.4,5335.63,5384.4,,1.11,9826.23,666.1
20141127,930955,红利低波100,5411.66,5425.93,5374.75,5425.93,,0.77,10280.57,697.68
20141128,930955,红利低波100,5435.56,5552.9,5424.71,5552.9,,2.34,17290.07,1055.25
20141201,930955,红利低波100,5573.5,5653.64,5569.96,5599.43,,0.84,16910.62,1136.85
20141202,930955,红利低波100,5572.1,5799.36,5572.1,5771.71,,3.08,17398.28,1176.36
20141203,930955,红利低波100,5785.84,5915.99,5724.59,5801.98,,0.53,20482.74,1474.71
20141204,930955,红利低波100,5812.14,6020.74,5812.14,6020.74,,3.77,19286.89,1417.87
20141205,930955,红利低波100,6012.42,6120.28,5853.74,6000.55,,-0.33,24566.1,1860.71
20141208,930955,红利低波100,5941.29,6230.24,5927.26,6226.39,,3.76,23567.91,1798.31
20141209,930955,红利低波100,6193.6,6477.85,5963.42,5969.49,,-4.13,28794.19,2249.19
20141210,930955,红利低波100,5981.39,6230.39,5939.84,6217.21,,4.15,18265.3,1403.86
20141211,930955,红利低波100,6193.54,6326.71,6160.52,6265.77,,0.78,15425.33,1194.54
20141212,930955,红利低波100,6289.23,6306.07,6226.08,6277.99,,0.19,12368.14,971.13
20141215,930955,红利低波100,6267.32,6332.74,6172.92,6315.69,,0.6,13142.73,1091.12
20141216,930955,红利低波100,6310.63,6435.47,6291.78,6435.47,,1.9,16460.62,1530.97
20141217,930955,红利低波100,6447.11,6520.11,6357.51,6489.0,,0.83,24113.94,2196.31
20141218,930955,红利低波100,6490.59,6535.09,6430.08,6465.43,,-0.36,17109.76,1617.46
20141219,930955,红利低波100,6450.2,6689.44,6450.2,6689.44,,3.47,21314.93,1786.84
20141222,930955,红利低波100,6769.92,6944.74,6752.39,6828.99,,2.09,32573.02,2671.62
20141223,930955,红利低波100,6728.72,6804.57,6544.04,6544.04,,-4.17,21795.55,1870.74
20141224,930955,红利低波100,6553.29,6556.19,6361.18,6428.3,,-1.77,17309.14,1526.22
20141225,930955,红利低波100,6471.42,6679.26,6454.44,6679.26,,3.9,18069.36,1622.62
20141226,930955,红利低波100,6696.59,6851.44,6690.21,6842.57,,2.45,21875.66,2098.98
20141229,930955,红利低波100,6913.03,6971.98,6821.47,6874.59,,0.47,24245.83,2443.67
20141230,930955,红利低波100,6854.41,6900.49,6774.76,6835.32,,-0.57,17568.23,1712.47
20141231,930955,红利低波100,6841.0,6974.73,6809.46,6957.57,,1.79,19645.24,1835.68
20150105,930955,红利低波100,7001.37,7271.21,7001.37,7250.82,,4.22,24214.47,2271.79
20150106,930955,红利低波100,7216.76,7354.19,7168.33,7247.74,,-0.04,23466.57,2267.07
20150107,930955,红利低波100,7188.45,7266.0,7124.35,7256.46,,0.12,16858.44,1693.67
20150108,930955,红利低波100,7241.11,7241.11,7045.88,7046.07,,-2.9,15293.33,1491.61
20150109,930955,红利低波100,7001.8,7226.22,6972.35,6988.24,,-0.82,18712.66,1898.62
20150112,930955,红利低波100,6923.12,6923.12,6770.53,6809.99,,-2.55,12812.7,1367.07
20150113,930955,红利低波100,6797.84,6867.44,6787.99,6825.34,,0.23,8061.93,850.74
20150114,930955,红利低波100,6835.89,6877.69,6745.36,6792.51,,-0.48,9980.1,976.04
20150115,930955,红利低波100,6793.36,7016.67,6768.13,7016.67,,3.3,12385.72,1332.43
20150116,930955,红利低波100,7041.37,7104.63,7034.7,7070.01,,0.76,14737.19,1544.09
20150119,930955,红利低波100,6680.05,6818.97,6425.75,6457.53,,-8.66,17280.64,1588.44
20150120,930955,红利低波100,6463.23,6607.09,6454.25,6560.92,,1.6,14120.12,1439.53
20150121,930955,红利低波100,6586.95,6853.65,6564.46,6850.48,,4.41,16563.13,1628.86
20150122,930955,红利低波100,6847.08,6883.38,6799.36,6872.61,,0.32,12245.29,1244.64
20150123,930955,红利低波100,6901.34,6959.33,6845.8,6861.78,,-0.16,13275.78,1381.7
20150126,930955,红利低波100,6851.38,6940.95,6823.12,6940.95,,1.15,10053.38,1009.15
20150127,930955,红利低波100,6944.97,6944.97,6786.76,6890.5,,-0.73,13125.35,1345.87
20150128,930955,红利低波100,6838.71,6891.21,6801.25,6816.86,,-1.07,9567.88,960.51
20150129,930955,红利低波100,6730.36,6793.95,6723.66,6759.33,,-0.84,10725.56,999.26
20150130,930955,红利低波100,6774.18,6793.03,6659.52,6659.52,,-1.48,9302.56,893.82
20150202,930955,红利低波100,6540.98,6573.09,6482.13,6484.35,,-2.63,9058.52,836.0
20150203,930955,红利低波100,6538.37,6622.22,6490.78,6622.22,,2.13,9199.65,905.54
20150204,930955,红利低波100,6645.98,6682.79,6573.86,6573.86,,-0.73,8415.62,839.15
20150205,930955,红利低波100,6733.72,6733.72,6485.21,6485.21,,-1.35,12556.75,1199.67
20150206,930955,红利低波100,6447.24,6447.24,6291.93,6326.68,,-2.44,9080.98,806.28
20150209,930955,红利低波100,6301.05,6368.87,6264.34,6336.55,,0.16,7962.89,769.48
20150210,930955,红利低波100,6332.39,6458.57,6332.39,6458.57,,1.93,7467.81,697.2
20150211,930955,红利低波100,6467.35,6485.45,6453.76,6468.47,,0.15,5641.16,579.45
20150212,930955,红利低波100,6473.68,6509.65,6420.93,6499.28,,0.48,6129.21,594.18
20150213,930955,红利低波100,6533.29,6631.18,6533.29,6574.06,,1.15,9425.35,856.33
20150216,930955,红利低波100,6581.65,6606.79,6568.0,6606.02,,0.49,6331.4,620.15
20150217,930955,红利低波100,6621.13,6677.65,6621.13,6666.68,,0.92,6399.26,635.08
20150225,930955,红利低波100,6677.89,6695.12,6626.68,6647.43,,-0.29,7622.5,723.45
20150226,930955,红利低波100,6640.38,6826.13,6619.42,6824.24,,2.66,10972.5,1029.05
20150227,930955,红利低波100,6823.16,6842.06,6794.0,6820.14,,-0.06,9363.89,866.74
20150302,930955,红利低波100,6872.34,6889.0,6831.12,6888.56,,1.0,10266.0,996.66
20150303,930955,红利低波100,6853.75,6853.75,6735.1,6735.1,,-2.23,11401.65,1077.8
20150304,930955,红利低波100,6734.09,6765.73,6706.06,6762.14,,0.4,8245.82,755.28
20150305,930955,红利低波100,6733.68,6739.38,6629.63,6675.3,,-1.28,9478.65,863.02
20150306,930955,红利低波100,6672.77,6717.74,6656.97,6679.76,,0.07,7077.1,641.27
20150309,930955,红利低波100,6656.82,6812.15,6600.05,6812.15,,1.98,12717.23,1167.33
20150310,930955,红利低波100,6784.35,6841.38,6777.84,6799.08,,-0.19,9175.26,851.16
20150311,930955,红利低波100,6802.33,6881.23,6789.18,6811.56,,0.18,9153.78,843.35
20150312,930955,红利低波100,6864.96,6950.54,6848.98,6939.81,,1.88,15371.28,1507.48
20150313,930955,红利低波100,6959.0,7031.37,6959.0,6991.05,,0.74,13555.52,1331.38
20150316,930955,红利低波100,7027.15,7148.4,7027.15,7148.4,,2.25,5479.22,528.19
20150317,930955,红利低波100,7169.47,7243.04,7149.94,7233.04,,1.18,7461.99,674.21
20150318,930955,红利低波100,7243.55,7390.54,7243.55,7390.54,,2.18,8149.14,716.73
20150319,930955,红利低波100,7393.12,7409.06,7342.41,7404.31,,0.19,7645.99,671.99
20150320,930955,红利低波100,7419.17,7449.59,7391.84,7441.85,,0.51,7433.15,672.96
20150323,930955,红利低波100,7483.44,7575.91,7483.44,7575.91,,1.8,8271.5,748.38
20150324,930955,红利低波100,7586.5,7606.7,7420.74,7606.3,,0.4,10792.55,898.66
20150325,930955,红利低波100,7599.92,7618.55,7543.49,7588.34,,-0.24,9061.66,756.67
20150326,930955,红利低波100,7558.22,7644.25,7537.41,7623.56,,0.46,7197.88,684.86
20150327,930955,红利低波100,7629.76,7689.91,7626.08,7664.87,,0.54,5757.85,553.2
20150330,930955,红利低波100,7709.52,7850.05,7709.52,7841.98,,2.31,9425.62,886.42
20150331,930955,红利低波100,7879.73,7879.73,7729.24,7741.31,,-1.28,9135.37,887.51
20150401,930955,红利低波100,7745.32,7885.16,7736.23,7876.67,,1.75,6636.13,657.11
20150402,930955,红利低波100,7922.93,8000.28,7889.69,8000.28,,1.57,7359.63,750.61
20150403,930955,红利低波100,7974.19,8132.9,7974.19,8132.9,,1.66,6562.48,659.0
20150407,930955,红利低波100,8193.55,8361.15,8193.55,8361.15,,2.81,9815.04,934.41
20150408,930955,红利低波100,8400.92,8438.09,8215.88,8327.99,,-0.4,9458.99,972.01
20150409,930955,红利低波100,8315.25,8315.25,8030.97,8162.21,,-1.99,8786.18,855.39
20150410,930955,红利低波100,8137.35,8331.98,8137.35,8331.98,,2.08,7197.97,738.27
20150413,930955,红利低波100,8390.85,8605.71,8390.85,8604.44,,3.27,11337.4,1073.39
20150414,930955,红利低波100,8616.4,8747.56,8600.78,8694.4,,1.05,11059.67,1092.66
20150415,930955,红利低波100,8694.44,8696.5,8445.77,8472.61,,-2.55,12183.29,1103.0
20150416,930955,红利低波100,8404.09,8687.43,8346.8,8673.54,,2.37,10449.94,1056.72
20150417,930955,红利低波100,8739.27,8788.42,8668.26,8744.16,,0.81,13165.17,1381.12
20150420,930955,红利低波100,8713.0,8790.46,8517.26,8538.15,,-2.36,15093.84,1492.34
20150421,930955,红利低波100,8529.23,8780.12,8529.23,8780.12,,2.83,9559.08,1013.68
20150422,930955,红利低波100,8838.83,9004.9,8838.83,9004.9,,2.56,10352.99,1159.08
20150423,930955,红利低波100,9038.29,9055.25,8940.31,9021.65,,0.19,9551.92,1107.51
20150424,930955,红利低波100,8886.11,8985.41,8837.6,8954.4,,-0.75,8909.39,1033.13
20150427,930955,红利低波100,9005.83,9115.04,9003.32,9100.02,,1.63,10320.32,1208.8
20150428,930955,红利低波100,9083.33,9083.33,8816.93,8867.31,,-2.56,12910.2,1369.7
20150429,930955,红利低波100,8837.65,8977.66,8816.88,8968.34,,1.14,7716.9,856.9
20150430,930955,红利低波100,8985.64,9021.62,8925.51,8925.51,,-0.48,8390.32,901.8
20150504,930955,红利低波100,8938.56,9097.13,8886.59,9097.13,,1.92,7341.67,819.91
20150505,930955,红利低波100,9102.11,9108.73,8729.43,8738.2,,-3.95,10386.33,1089.53
20150506,930955,红利低波100,8750.74,8851.87,8512.63,8552.25,,-2.13,7707.53,825.92
20150507,930955,红利低波100,8515.09,8515.16,8334.9,8334.9,,-2.54,5953.44,613.18
20150508,930955,红利低波100,8406.39,8551.26,8377.1,8551.26,,2.6,5616.4,597.76
20150511,930955,红利低波100,8620.35,8823.65,8576.43,8823.65,,3.19,7159.32,790.38
20150512,930955,红利低波100,8847.9,8929.24,8815.7,8929.24,,1.2,7414.69,816.01
20150513,930955,红利低波100,8938.97,9030.16,8916.53,8967.29,,0.43,7402.06,844.65
20150514,930955,红利低波100,8980.14,8994.87,8905.73,8988.45,,0.24,6571.62,742.55
20150515,930955,红利低波100,8972.81,8972.81,8780.58,8832.49,,-1.74,6118.98,690.54
20150518,930955,红利低波100,8787.61,8917.13,8787.61,8875.79,,0.49,5264.25,635.12
20150519,930955,红利低波100,8890.24,9151.09,8890.24,9151.09,,3.1,6121.27,742.25
20150520,930955,红利低波100,9184.82,9356.98,9184.82,9212.69,,0.67,7183.3,906.89
20150521,930955,红利低波100,9237.71,9451.27,9228.99,9451.27,,2.59,6303.52,789.29
20150522,930955,红利低波100,9561.21,9652.09,9461.26,9651.62,,2.12,8847.34,1079.52
20150525,930955,红利低波100,9662.71,9992.32,9662.71,9992.32,,3.53,9586.31,1190.83
20150526,930955,红利低波100,10081.29,10225.86,9985.87,10225.86,,2.34,9657.12,1239.37
20150527,930955,红利低波100,10274.35,10391.99,10096.28,10355.97,,1.27,9410.1,1232.69
20150528,930955,红利低波100,10361.71,10549.46,9761.15,9762.23,,-5.73,12371.76,1498.4
20150529,930955,红利低波100,9760.46,9976.88,9544.56,9852.53,,0.93,10197.74,1165.69
20150601,930955,红利低波100,9948.69,10434.06,9948.69,10434.06,,5.9,10902.6,1232.26
20150602,930955,红利低波100,10528.96,10730.64,10438.47,10730.64,,2.84,9506.2,1170.77
20150603,930955,红利低波100,10783.71,10812.24,10525.54,10773.7,,0.4,9646.53,1197.32
20150604,930955,红利低波100,10802.51,10802.51,10240.12,10800.27,,0.25,11457.26,1348.74
20150605,930955,红利低波100,10930.88,11046.65,10806.77,10976.21,,1.63,12208.19,1557.98
20150608,930955,红利低波100,10990.32,11095.24,10867.42,11078.12,,0.93,15373.59,1710.64
20150609,930955,红利低波100,11078.08,11078.08,10894.77,11019.05,,-0.53,12181.65,1431.98
20150610,930955,红利低波100,10942.74,11243.23,10912.07,11130.4,,1.01,9208.59,1216.55
20150611,930955,红利低波100,11136.52,11277.02,11097.87,11277.02,,1.32,7757.15,1049.55
20150612,930955,红利低波100,11350.26,11512.89,11336.02,11458.22,,1.61,9186.68,1267.96
20150615,930955,红利低波100,11484.75,11567.74,11396.98,11397.01,,-0.53,8050.54,1193.17
20150616,930955,红利低波100,11274.12,11274.12,10944.99,11018.82,,-3.32,6665.73,950.51
20150617,930955,红利低波100,11034.01,11150.83,10682.8,11150.83,,1.2,6477.92,890.37
20150618,930955,红利低波100,11113.18,11217.56,10813.72,10813.72,,-3.02,5768.48,787.65
20150619,930955,红利低波100,10608.15,10680.15,10111.44,10115.82,,-6.45,6018.43,772.22
20150623,930955,红利低波100,10124.67,10298.45,9676.85,10298.3,,1.8,6220.03,772.17
20150624,930955,红利低波100,10368.25,10566.14,10312.99,10566.14,,2.6,6448.87,866.16
20150625,930955,红利低波100,10601.6,10601.6,10080.52,10156.77,,-3.87,6354.16,823.9
20150626,930955,红利低波100,9915.21,9942.86,9327.41,9376.52,,-7.68,7633.48,924.24
20150629,930955,红利低波100,9633.07,9633.07,8823.39,9111.64,,-2.83,8741.33,1034.04
20150630,930955,红利低波100,9064.08,9608.65,8745.05,9608.65,,5.46,8615.27,990.13
20150701,930955,红利低波100,9504.22,9751.91,9193.17,9193.17,,-4.32,6498.71,809.56
20150702,930955,红利低波100,9242.72,9242.72,8682.68,8777.8,,-4.52,8470.17,909.0
20150703,930955,红利低波100,8593.97,8873.24,8151.44,8290.85,,-5.55,8411.07,886.2
20150706,930955,红利低波100,8959.33,8959.33,8023.74,8425.09,,1.62,15854.53,1515.2
20150707,930955,红利低波100,8168.34,8255.15,7893.61,8036.55,,-4.61,13699.09,1324.47
20150708,930955,红利低波100,7462.22,7749.09,7443.87,7565.52,,-5.86,16222.59,1563.56
20150709,930955,红利低波100,7460.89,8139.84,7460.89,8116.27,,7.28,11571.77,1039.57
20150710,930955,红利低波100,8286.47,8699.27,8286.47,8615.0,,6.15,12113.07,1232.34
20150713,930955,红利低波100,8805.9,9088.52,8743.59,9042.78,,4.97,10693.25,1166.77
20150714,930955,红利低波100,8998.6,9223.71,8882.98,8902.34,,-1.55,9217.97,1016.77
20150715,930955,红利低波100,8779.16,8813.7,8352.46,8438.28,,-5.21,8466.31,847.91
20150716,930955,红利低波100,8389.57,8742.17,8269.08,8622.17,,2.18,6258.99,627.85
20150717,930955,红利低波100,8665.66,9038.55,8658.93,8963.24,,3.96,5536.9,611.79
20150720,930955,红利低波100,8940.24,9069.44,8836.39,8931.73,,-0.35,5648.15,630.99
20150721,930955,红利低波100,8819.63,9061.64,8819.63,8996.59,,0.73,4892.99,538.47
20150722,930955,红利低波100,8976.76,9035.11,8836.2,8997.54,,0.01,4848.25,562.98
20150723,930955,红利低波100,8989.46,9212.13,8986.5,9209.47,,2.36,5579.28,643.99
20150724,930955,红利低波100,9214.2,9286.35,9034.06,9042.74,,-1.81,6027.01,699.53
20150727,930955,红利低波100,8865.84,8991.3,8295.32,8303.29,,-8.18,6355.05,679.09
20150728,930955,红利低波100,8050.05,8400.68,7878.67,8285.35,,-0.22,6236.17,654.63
20150729,930955,红利低波100,8336.49,8601.01,8216.78,8601.01,,3.81,3946.3,436.77
20150730,930955,红利低波100,8561.83,8649.25,8378.16,8378.16,,-2.59,3678.22,405.12
20150731,930955,红利低波100,8283.54,8462.88,8283.54,8415.35,,0.44,3301.22,353.84
20150803,930955,红利低波100,8334.68,8497.93,8295.83,8497.93,,0.98,4676.8,487.48
20150804,930955,红利低波100,8496.07,8790.5,8462.39,8790.5,,3.44,3453.89,395.81
20150805,930955,红利低波100,8760.81,8851.18,8630.23,8666.97,,-1.41,3242.4,365.92
20150806,930955,红利低波100,8532.11,8699.73,8532.11,8613.79,,-0.61,2334.52,265.43
20150807,930955,红利低波100,8661.21,8788.88,8661.21,8757.85,,1.67,2656.28,301.04
20150810,930955,红利低波100,8813.58,9124.54,8801.08,9095.24,,3.85,4845.19,532.87
20150811,930955,红利低波100,9094.83,9198.17,9063.34,9138.76,,0.48,5622.2,595.82
20150812,930955,红利低波100,9048.26,9171.41,9048.26,9073.32,,-0.72,4827.58,527.66
20150813,930955,红利低波100,9040.08,9203.4,8987.29,9203.4,,1.43,4056.59,453.96
20150814,930955,红利低波100,9258.51,9358.98,9244.13,9273.98,,0.77,4193.41,494.88
20150817,930955,红利低波100,9260.61,9447.19,9220.22,9447.19,,1.87,4497.13,543.44
20150818,930955,红利低波100,9436.05,9450.1,8771.18,8778.77,,-7.08,5698.73,643.91
20150819,930955,红利低波100,8568.35,9005.22,8408.56,8978.98,,2.28,4858.51,506.5
20150820,930955,红利低波100,8896.95,8994.72,8720.95,8720.95,,-2.87,3783.38,401.95
20150821,930955,红利低波100,8574.23,8659.89,8285.54,8294.88,,-4.89,4062.0,402.06
20150824,930955,红利低波100,7982.25,7982.25,7566.47,7577.39,,-8.65,5483.69,484.88
20150825,930955,红利低波100,7097.42,7430.31,7013.99,7040.44,,-7.09,5469.46,485.54
20150826,930955,红利低波100,7122.64,7413.32,6958.76,7109.39,,0.98,5443.74,470.69
20150827,930955,红利低波100,7242.58,7493.18,7181.46,7493.18,,5.4,4632.69,411.78
20150828,930955,红利低波100,7601.49,7874.57,7570.95,7852.9,,4.8,4843.83,470.07
20150831,930955,红利低波100,7767.83,7767.83,7582.93,7702.26,,-1.92,3799.58,366.56
20150901,930955,红利低波100,7634.8,7634.8,7395.54,7514.2,,-2.44,6122.24,491.77
20150902,930955,红利低波100,7226.09,7574.57,7226.09,7556.45,,0.56,6951.17,556.13
20150907,930955,红利低波100,7565.75,7718.49,7418.92,7427.28,,-1.71,4022.15,356.42
20150908,930955,红利低波100,7394.3,7678.28,7333.78,7678.28,,3.38,3124.6,286.28
20150909,930955,红利低波100,7697.15,7868.79,7697.15,7823.46,,1.89,4094.63,387.05
20150910,930955,红利低波100,7699.95,7790.6,7699.61,7700.27,,-1.58,2573.69,253.23
20150911,930955,红利低波100,7694.72,7754.08,7636.34,7740.89,,0.53,2086.45,228.36
20150914,930955,红利低波100,7769.02,7769.02,7419.96,7508.89,,-3.0,5608.52,552.93
20150915,930955,红利低波100,7374.25,7448.98,7237.6,7278.19,,-3.07,4395.87,388.18
20150916,930955,红利低波100,7285.17,7705.95,7267.64,7634.27,,4.89,3901.03,355.89
20150917,930955,红利低波100,7578.45,7682.17,7454.95,7454.95,,-2.35,3585.39,342.13
20150918,930955,红利低波100,7494.6,7516.76,7429.0,7470.23,,0.21,2392.78,219.43
20150921,930955,红利低波100,7406.49,7581.71,7406.49,7581.71,,1.49,3162.68,283.96
20150922,930955,红利低波100,7593.35,7668.52,7593.35,7637.93,,0.74,3157.36,300.05
20150923,930955,红利低波100,7537.36,7579.6,7473.65,7495.12,,-1.87,2739.32,256.17
20150924,930955,红利低波100,7516.03,7561.53,7496.68,7553.45,,0.78,2373.77,222.08
20150925,930955,红利低波100,7539.62,7570.76,7391.18,7445.83,,-1.43,3041.59,276.78
20150928,930955,红利低波100,7432.46,7491.04,7387.96,7490.39,,0.6,1901.13,177.49
20150929,930955,红利低波100,7392.99,7422.93,7337.83,7364.19,,-1.69,2294.9,214.75
20150930,930955,红利低波100,7410.88,7441.97,7382.15,7405.11,,0.56,2101.42,223.21
20151008,930955,红利低波100,7664.21,7696.3,7627.6,7642.3,,3.2,3365.42,359.54
20151009,930955,红利低波100,7652.8,7728.59,7643.95,7720.4,,1.02,2963.56,279.55
20151012,930955,红利低波100,7743.02,8003.84,7743.02,7955.97,,3.05,5063.74,505.6
20151013,930955,红利低波100,7898.32,7967.03,7891.06,7967.03,,0.14,3342.74,332.69
20151014,930955,红利低波100,7908.76,7944.51,7846.99,7846.99,,-1.51,2951.47,291.52
20151015,930955,红利低波100,7825.25,8001.74,7825.25,8001.74,,1.97,3477.8,336.99
20151016,930955,红利低波100,8039.34,8079.86,7980.37,8079.86,,0.98,4393.78,426.14
20151019,930955,红利低波100,8096.37,8123.39,8030.31,8073.85,,-0.07,4223.61,415.77
20151020,930955,红利低波100,8060.64,8125.18,8022.43,8125.18,,0.64,3550.67,346.72
20151021,930955,红利低波100,8121.15,8132.62,7805.21,7860.78,,-3.25,6994.04,604.01
20151022,930955,红利低波100,7818.95,7971.73,7816.55,7971.73,,1.41,4067.11,368.78
20151023,930955,红利低波100,7984.89,8127.11,7984.89,8118.84,,1.85,3983.69,409.62
20151026,930955,红利低波100,8188.74,8190.87,8090.74,8139.84,,0.26,4082.52,428.36
20151027,930955,红利低波100,8096.34,8122.44,7962.3,8121.76,,-0.22,3210.04,328.64
20151028,930955,红利低波100,8102.97,8142.05,8029.58,8029.58,,-1.14,3287.54,332.04
20151029,930955,红利低波100,8060.03,8123.78,8029.65,8088.34,,0.73,2729.33,274.36
20151030,930955,红利低波100,8079.34,8142.27,8026.84,8071.42,,-0.21,2986.37,302.79
20151102,930955,红利低波100,7988.98,8105.2,7977.01,7977.01,,-1.17,2866.0,305.98
20151103,930955,红利低波100,7993.57,8028.33,7945.37,7967.6,,-0.12,2437.79,256.53
20151104,930955,红利低波100,7981.93,8275.33,7981.93,8275.33,,3.86,4880.93,496.36
20151105,930955,红利低波100,8256.65,8473.77,8256.65,8372.0,,1.17,9021.79,890.4
20151106,930955,红利低波100,8375.44,8494.35,8375.44,8491.41,,1.43,5695.91,574.32
20151109,930955,红利低波100,8504.72,8687.34,8504.72,8636.29,,1.71,9394.25,904.03
20151110,930955,红利低波100,8571.49,8636.27,8548.99,8598.58,,-0.44,6189.08,623.14
20151111,930955,红利低波100,8590.09,8609.14,8545.02,8608.34,,0.11,4714.65,488.88
20151112,930955,红利低波100,8619.38,8619.38,8498.27,8549.0,,-0.69,4206.22,451.4
20151113,930955,红利低波100,8479.31,8524.55,8424.96,8436.52,,-1.32,3880.22,424.22
20151116,930955,红利低波100,8320.49,8518.55,8320.49,8518.55,,0.97,3618.86,390.64
20151117,930955,红利低波100,8570.39,8649.48,8511.37,8518.5,,0.0,5149.49,562.87
20151118,930955,红利低波100,8522.44,8552.39,8453.37,8463.37,,-0.65,4416.26,447.08
20151119,930955,红利低波100,8479.68,8576.47,8459.14,8576.47,,1.34,3619.81,374.04
20151120,930955,红利低波100,8578.49,8609.01,8557.32,8598.71,,0.26,4357.31,459.52
20151123,930955,红利低波100,8589.3,8648.35,8537.42,8554.47,,-0.52,3910.14,421.99
20151124,930955,红利低波100,8538.21,8575.55,8474.82,8575.55,,0.25,3536.44,372.29
20151125,930955,红利低波100,8571.72,8653.44,8562.45,8653.44,,0.91,3812.94,439.89
20151126,930955,红利低波100,8674.45,8732.07,8649.15,8658.22,,0.06,3976.98,465.04
20151127,930955,红利低波100,8613.54,8630.62,8190.95,8232.58,,-4.92,4821.64,529.28
20151130,930955,红利低波100,8237.02,8306.6,8034.02,8306.6,,0.9,4819.45,488.51
20151201,930955,红利低波100,8301.26,8391.79,8253.49,8361.27,,0.66,3919.68,437.59
20151202,930955,红利低波100,8342.73,8600.79,8332.31,8600.79,,2.87,7783.28,841.07
20151203,930955,红利低波100,8583.0,8715.23,8568.79,8715.23,,1.33,8319.94,776.22
20151204,930955,红利低波100,8650.08,8664.59,8577.9,8595.66,,-1.37,4886.54,514.28
20151207,930955,红利低波100,8602.95,8647.94,8575.88,8631.17,,0.41,3251.38,381.47
20151208,930955,红利低波100,8579.1,8579.1,8418.88,8420.57,,-2.44,3452.92,390.25
20151209,930955,红利低波100,8396.31,8490.05,8396.31,8458.19,,0.45,3006.03,371.12
20151210,930955,红利低波100,8456.52,8519.32,8425.95,8433.8,,-0.29,3055.85,368.95
20151211,930955,红利低波100,8403.31,8412.07,8351.51,8393.82,,-0.47,2891.12,330.17
20151214,930955,红利低波100,8326.42,8568.2,8326.42,8568.2,,2.08,3723.12,385.63
20151215,930955,红利低波100,8556.67,8592.9,8522.74,8547.7,,-0.24,2810.05,323.56
20151216,930955,红利低波100,8573.82,8599.27,8533.89,8555.52,,0.09,2604.67,291.18
20151217,930955,红利低波100,8600.82,8698.25,8600.82,8698.25,,1.67,3845.11,452.43
20151218,930955,红利低波100,8687.82,8776.28,8687.82,8718.44,,0.23,4965.06,548.57
20151221,930955,红利低波100,8697.73,9002.34,8697.73,8982.74,,3.03,6738.36,782.97
20151222,930955,红利低波100,8986.71,9005.88,8923.56,8991.41,,0.1,4447.79,546.25
20151223,930955,红利低波100,8993.74,9057.54,8964.55,8976.94,,-0.16,5227.78,590.16
20151224,930955,红利低波100,8977.54,8977.54,8846.67,8930.43,,-0.52,3869.22,425.27
20151225,930955,红利低波100,8941.02,8962.24,8910.67,8958.59,,0.31,2622.63,309.74
20151228,930955,红利低波100,8981.53,8981.53,8724.51,8724.51,,-2.61,3955.42,439.41
20151229,930955,红利低波100,8718.63,8812.87,8706.26,8812.87,,1.01,2530.72,286.33
20151230,930955,红利低波100,8821.1,8828.0,8758.38,8826.88,,0.16,2554.96,300.87
20151231,930955,红利低波100,8826.52,8848.3,8755.43,8764.78,,-0.7,2766.72,310.55
20160104,930955,红利低波100,8747.85,8747.85,8195.5,8197.38,,-6.47,2887.7,297.97
20160105,930955,红利低波100,8018.73,8288.82,8018.73,8213.94,,0.2,4005.61,405.0
20160106,930955,红利低波100,8226.56,8432.04,8226.56,8432.04,,2.66,3335.42,335.88
20160107,930955,红利低波100,8340.07,8340.07,7888.33,7905.95,,-6.24,1233.41,115.87
20160108,930955,红利低波100,8108.13,8206.73,7854.06,8119.88,,2.71,4655.35,458.83
20160111,930955,红利低波100,7998.71,8014.12,7679.86,7679.86,,-5.42,4378.9,413.79
20160112,930955,红利低波100,7688.01,7742.73,7608.69,7674.8,,-0.07,3066.73,287.76
20160113,930955,红利低波100,7716.27,7792.51,7548.68,7548.68,,-1.64,2718.1,260.34
20160114,930955,红利低波100,7386.71,7711.93,7386.71,7699.18,,1.99,3235.71,292.45
20160115,930955,红利低波100,7650.08,7669.95,7407.44,7436.2,,-3.42,2907.54,258.49
20160118,930955,红利低波100,7313.87,7499.03,7313.87,7449.94,,0.19,2373.48,206.91
20160119,930955,红利低波100,7449.35,7667.61,7449.35,7665.88,,2.9,2740.74,262.43
20160120,930955,红利低波100,7615.93,7643.63,7487.55,7549.04,,-1.52,2848.74,268.79
20160121,930955,红利低波100,7459.96,7627.35,7373.99,7373.99,,-2.32,2798.91,250.42
20160122,930955,红利低波100,7461.08,7465.83,7342.41,7463.64,,1.22,2265.57,205.69
20160125,930955,红利低波100,7513.76,7556.54,7471.13,7532.47,,0.92,2107.67,187.47
20160126,930955,红利低波100,7469.96,7469.96,7087.7,7091.2,,-5.86,3236.76,272.96
20160127,930955,红利低波100,7121.16,7122.68,6868.13,7073.92,,-0.24,3402.83,281.35
20160128,930955,红利低波100,7020.2,7086.99,6901.4,6905.65,,-2.38,2506.75,201.65
20160129,930955,红利低波100,6905.79,7134.35,6905.79,7094.71,,2.74,2875.65,230.62
20160201,930955,红利低波100,7076.24,7113.49,6949.22,7001.48,,-1.31,2253.37,184.52
20160202,930955,红利低波100,6994.88,7136.91,6994.88,7127.46,,1.8,2083.76,179.97
20160203,930955,红利低波100,7051.18,7092.19,6993.39,7086.54,,-0.57,1848.96,153.73
20160204,930955,红利低波100,7111.52,7198.1,7111.52,7178.09,,1.29,2140.3,184.69
20160205,930955,红利低波100,7185.43,7189.01,7135.34,7137.71,,-0.56,1752.06,151.98
20160215,930955,红利低波100,6965.75,7119.09,6965.75,7096.17,,-0.58,1971.55,159.19
20160216,930955,红利低波100,7121.77,7303.39,7121.77,7303.39,,2.92,2710.32,211.36
20160217,930955,红利低波100,7293.69,7365.65,7282.02,7365.65,,0.85,2628.0,218.35
20160218,930955,红利低波100,7404.95,7435.66,7371.89,7373.84,,0.11,2787.87,237.48
20160219,930955,红利低波100,7360.91,7383.35,7331.13,7360.26,,-0.18,2087.29,178.59
20160222,930955,红利低波100,7423.77,7538.65,7414.19,7528.87,,2.29,3179.09,270.31
20160223,930955,红利低波100,7522.97,7524.98,7425.87,7491.68,,-0.49,2592.2,225.24
20160224,930955,红利低波100,7456.93,7526.81,7420.7,7526.81,,0.47,2566.45,212.26
20160225,930955,红利低波100,7515.14,7515.14,7077.12,7092.68,,-5.77,3909.74,313.2
20160226,930955,红利低波100,7143.0,7220.9,7091.83,7192.48,,1.41,2638.54,217.89
20160229,930955,红利低波100,7176.97,7176.97,6928.74,7036.13,,-2.17,3632.01,284.23
20160301,930955,红利低波100,7042.94,7177.1,7026.22,7169.21,,1.89,2761.99,222.89
20160302,930955,红利低波100,7176.64,7478.39,7176.64,7471.45,,4.22,4370.04,359.13
20160303,930955,红利低波100,7470.39,7558.8,7470.39,7507.43,,0.48,4203.18,353.13
20160304,930955,红利低波100,7499.97,7598.89,7467.93,7580.24,,0.97,7645.74,606.92
20160307,930955,红利低波100,7607.82,7682.05,7595.09,7655.22,,0.99,3823.98,325.63
20160308,930955,红利低波100,7654.73,7654.73,7454.43,7637.05,,-0.24,3765.14,304.54
20160309,930955,红利低波100,7484.95,7519.39,7413.25,7519.39,,-1.54,3449.1,274.86
20160310,930955,红利低波100,7491.9,7524.19,7403.55,7403.55,,-1.54,2177.16,189.59
20160311,930955,红利低波100,7358.75,7428.14,7331.46,7416.91,,0.18,2278.88,200.16
20160314,930955,红利低波100,7460.85,7613.94,7460.85,7525.96,,1.47,3801.25,357.99
20160315,930955,红利低波100,7509.49,7556.96,7445.19,7556.96,,0.41,3447.56,304.71
20160316,930955,红利低波100,7537.95,7603.45,7532.24,7592.79,,0.47,5821.59,503.24
20160317,930955,红利低波100,7603.11,7682.33,7565.89,7657.47,,0.85,3903.59,369.25
20160318,930955,红利低波100,7679.03,7786.35,7679.03,7743.05,,1.12,6086.7,556.72
20160321,930955,红利低波100,7787.47,7867.8,7787.47,7846.39,,1.34,7368.92,735.17
20160322,930955,红利低波100,7810.21,7837.56,7786.18,7802.64,,-0.56,4233.96,445.39
20160323,930955,红利低波100,7786.74,7815.64,7769.13,7808.25,,0.07,3170.11,326.39
20160324,930955,红利低波100,7762.81,7770.76,7696.25,7696.25,,-1.43,3263.2,339.31
20160325,930955,红利低波100,7690.67,7749.35,7690.67,7740.88,,0.58,2192.57,239.18
20160328,930955,红利低波100,7761.11,7828.75,7710.43,7732.28,,-0.11,2850.31,311.3
20160329,930955,红利低波100,7734.22,7734.22,7626.48,7651.5,,-1.05,2706.53,266.19
20160330,930955,红利低波100,7702.8,7844.38,7702.8,7844.38,,2.52,3869.52,364.78
20160331,930955,红利低波100,7866.33,7886.57,7836.49,7864.68,,0.26,3553.95,347.84
20160401,930955,红利低波100,7850.02,7875.69,7759.87,7875.69,,0.14,3555.8,324.27
20160405,930955,红利低波100,7853.91,7966.49,7853.91,7956.58,,1.03,4201.53,394.12
20160406,930955,红利低波100,7923.87,7961.66,7908.42,7949.16,,-0.09,3134.45,307.07
20160407,930955,红利低波100,7970.65,7970.65,7843.92,7844.67,,-1.31,2947.75,302.83
20160408,930955,红利低波100,7801.82,7818.8,7746.61,7784.93,,-0.76,2716.48,270.66
20160411,930955,红利低波100,7830.75,7936.08,7830.75,7902.57,,1.51,3718.42,402.21
20160412,930955,红利低波100,7894.15,7902.02,7854.72,7891.58,,-0.14,2468.34,237.39
20160413,930955,红利低波100,7937.14,8081.47,7937.14,7999.08,,1.36,5522.57,529.34
20160414,930955,红利低波100,8037.57,8052.98,7983.22,8038.88,,0.5,2786.83,271.12
20160415,930955,红利低波100,8040.21,8058.22,8001.85,8021.77,,-0.21,2721.18,269.29
20160418,930955,红利低波100,7979.23,7979.23,7887.27,7902.33,,-1.49,2807.19,275.81
20160419,930955,红利低波100,7932.24,7932.24,7875.51,7908.85,,0.08,2072.83,210.86
20160420,930955,红利低波100,7923.88,7924.1,7634.58,7776.31,,-1.68,4927.77,466.52
20160421,930955,红利低波100,7737.72,7823.86,7720.47,7751.38,,-0.32,2908.16,288.82
20160422,930955,红利低波100,7714.95,7787.22,7714.95,7787.22,,0.46,2117.65,215.51
20160425,930955,红利低波100,7769.08,7792.24,7726.88,7784.61,,-0.03,2066.16,214.25
20160426,930955,红利低波100,7776.41,7819.61,7751.67,7817.69,,0.43,1789.7,188.99
20160427,930955,红利低波100,7820.3,7840.49,7791.03,7800.63,,-0.22,1874.77,194.15
20160428,930955,红利低波100,7791.77,7802.43,7712.6,7774.3,,-0.34,2180.96,217.88
20160429,930955,红利低波100,7763.65,7808.36,7763.65,7782.16,,0.1,2198.79,243.24
20160503,930955,红利低波100,7784.84,7921.07,7763.89,7919.42,,1.76,3341.15,362.49
20160504,930955,红利低波100,7896.42,7921.09,7872.1,7893.26,,-0.33,2358.31,250.77
20160505,930955,红利低波100,7882.49,7896.11,7852.44,7891.89,,-0.02,1890.73,195.36
20160506,930955,红利低波100,7889.65,7895.5,7684.97,7684.97,,-2.62,2871.1,290.91
20160509,930955,红利低波100,7659.61,7659.61,7512.05,7540.33,,-1.88,2886.53,269.3
20160510,930955,红利低波100,7511.95,7586.16,7511.95,7557.75,,0.23,2155.93,218.29
20160511,930955,红利低波100,7586.03,7665.31,7583.39,7627.66,,0.93,2502.62,282.99
20160512,930955,红利低波100,7574.23,7648.68,7525.64,7648.68,,0.28,2420.59,235.25
20160513,930955,红利低波100,7626.96,7681.35,7598.33,7617.2,,-0.41,2064.57,203.54
20160516,930955,红利低波100,7588.52,7661.9,7561.71,7661.9,,0.59,1802.45,181.26
20160517,930955,红利低波100,7673.07,7673.07,7610.82,7627.99,,-0.44,1761.56,177.99
20160518,930955,红利低波100,7589.42,7589.42,7489.35,7548.83,,-1.04,2658.04,253.84
20160519,930955,红利低波100,7530.79,7579.47,7525.88,7526.43,,-0.3,1484.39,145.73
20160520,930955,红利低波100,7496.91,7558.9,7496.91,7558.9,,0.43,1453.92,146.58
20160523,930955,红利低波100,7555.66,7594.98,7555.66,7592.97,,0.45,1574.64,159.54
20160524,930955,红利低波100,7592.12,7592.12,7521.23,7543.35,,-0.65,1695.97,149.75
20160525,930955,红利低波100,7571.6,7585.96,7523.94,7531.74,,-0.15,1515.17,142.21
20160526,930955,红利低波100,7533.56,7551.5,7466.43,7537.11,,0.07,1572.04,145.56
20160527,930955,红利低波100,7526.72,7565.33,7512.53,7545.36,,0.11,1369.98,122.59
20160530,930955,红利低波100,7533.1,7565.88,7498.03,7559.04,,0.18,1707.21,153.51
20160531,930955,红利低波100,7556.84,7766.78,7556.84,7766.78,,2.75,3881.83,376.4
20160601,930955,红利低波100,7760.46,7773.82,7741.63,7743.31,,-0.3,2431.42,237.89
20160602,930955,红利低波100,7741.76,7761.57,7726.67,7760.38,,0.22,1769.35,177.19
20160603,930955,红利低波100,7769.62,7852.71,7754.5,7836.61,,0.98,2436.36,285.38
20160606,930955,红利低波100,7837.15,7838.8,7801.43,7825.53,,-0.14,1886.76,203.54
20160607,930955,红利低波100,7832.99,7842.72,7816.0,7838.85,,0.17,1671.2,184.56
20160608,930955,红利低波100,7816.87,7816.87,7754.29,7788.69,,-0.64,1810.86,182.78
20160613,930955,红利低波100,7730.27,7743.99,7604.94,7604.94,,-2.36,2529.98,225.13
20160614,930955,红利低波100,7595.28,7643.07,7595.28,7643.07,,0.5,1808.95,164.65
20160615,930955,红利低波100,7588.12,7755.52,7588.12,7750.32,,1.4,2403.69,225.83
20160616,930955,红利低波100,7729.08,7745.51,7704.32,7715.61,,-0.45,2628.3,216.23
20160617,930955,红利低波100,7724.52,7795.79,7724.52,7771.29,,0.72,2524.21,220.51
20160620,930955,红利低波100,7776.78,7776.78,7733.95,7773.74,,0.03,1674.14,152.49
20160621,930955,红利低波100,7791.6,7819.16,7741.44,7750.97,,-0.29,2235.8,195.09
20160622,930955,红利低波100,7736.84,7809.15,7736.84,7809.15,,0.75,1784.16,155.14
20160623,930955,红利低波100,7787.95,7787.95,7740.23,7760.18,,-0.63,1861.53,154.4
20160624,930955,红利低波100,7741.33,7766.52,7624.6,7670.81,,-1.15,3207.24,252.93
20160627,930955,红利低波100,7645.5,7762.73,7645.5,7762.73,,1.2,2243.72,205.14
20160628,930955,红利低波100,7730.7,7774.9,7712.69,7774.9,,0.16,2144.61,196.13
20160629,930955,红利低波100,7781.97,7803.07,7776.7,7802.21,,0.35,2732.55,238.47
20160630,930955,红利低波100,7800.51,7824.95,7800.51,7813.09,,0.14,2214.87,213.31
20160701,930955,红利低波100,7816.31,7847.29,7816.31,7827.5,,0.18,2024.48,181.23
20160704,930955,红利低波100,7808.48,7956.51,7808.48,7955.53,,1.64,3638.48,315.66
20160705,930955,红利低波100,7949.52,7981.36,7949.52,7977.71,,0.28,3237.75,311.18
20160706,930955,红利低波100,7958.62,8029.1,7929.44,8028.86,,0.64,4630.06,515.08
20160707,930955,红利低波100,7985.31,8003.01,7959.97,7986.83,,-0.52,3152.72,357.62
20160708,930955,红利低波100,7940.11,7940.11,7897.29,7921.63,,-0.82,2375.0,267.14
20160711,930955,红利低波100,7928.62,8052.12,7928.62,7985.75,,0.81,4231.8,396.56
20160712,930955,红利低波100,7980.69,8168.98,7980.69,8168.98,,2.29,5233.85,511.91
20160713,930955,红利低波100,8159.48,8203.01,8154.87,8171.24,,0.03,5165.28,485.08
20160714,930955,红利低波100,8158.87,8158.87,8111.98,8137.38,,-0.41,2933.95,279.95
20160715,930955,红利低波100,8145.0,8170.22,8126.16,8159.0,,0.27,2698.44,268.39
20160718,930955,红利低波100,8144.98,8198.02,8138.49,8164.02,,0.06,3314.4,313.78
20160719,930955,红利低波100,8154.41,8154.41,8059.39,8097.77,,-0.81,2752.59,285.88
20160720,930955,红利低波100,8092.07,8116.95,8080.97,8086.82,,-0.14,2131.49,216.65
20160721,930955,红利低波100,8087.44,8167.12,8087.44,8127.16,,0.5,2522.52,262.15
20160722,930955,红利低波100,8120.48,8120.48,8024.98,8032.52,,-1.17,2462.68,254.91
20160725,930955,红利低波100,8021.75,8088.38,8021.75,8056.13,,0.29,2208.48,227.52
20160726,930955,红利低波100,8043.69,8171.66,8043.69,8171.66,,1.43,2573.61,268.68
20160727,930955,红利低波100,8168.02,8211.32,7997.96,8104.04,,-0.83,4927.77,471.05
20160728,930955,红利低波100,8069.18,8207.01,8066.29,8200.93,,1.2,3844.88,393.21
20160729,930955,红利低波100,8193.85,8256.13,8181.7,8183.14,,-0.22,3230.66,340.34
20160801,930955,红利低波100,8169.91,8169.91,8064.42,8109.59,,-0.9,3115.58,306.21
20160802,930955,红利低波100,8097.09,8138.84,8066.82,8138.84,,0.36,2141.81,226.93
20160803,930955,红利低波100,8110.72,8156.3,8104.83,8144.72,,0.07,2428.74,232.38
20160804,930955,红利低波100,8140.32,8142.9,8093.59,8142.9,,-0.02,2433.97,260.63
20160805,930955,红利低波100,8136.78,8168.59,8116.3,8132.36,,-0.13,2546.26,293.55
20160808,930955,红利低波100,8122.28,8204.96,8098.96,8204.96,,0.89,2594.53,299.04
20160809,930955,红利低波100,8200.58,8266.33,8199.41,8265.83,,0.74,2904.64,302.69
20160810,930955,红利低波100,8258.98,8262.18,8225.06,8225.61,,-0.49,2479.07,266.28
20160811,930955,红利低波100,8215.07,8287.47,8210.16,8210.16,,-0.19,3361.45,353.82
20160812,930955,红利低波100,8204.29,8337.75,8204.29,8337.75,,1.55,4391.06,452.64
20160815,930955,红利低波100,8350.17,8553.09,8350.17,8521.34,,2.2,6986.74,749.86
20160816,930955,红利低波100,8539.79,8555.16,8452.08,8459.07,,-0.73,7482.63,774.9
20160817,930955,红利低波100,8461.13,8479.49,8415.18,8455.27,,-0.04,3628.56,426.15
20160818,930955,红利低波100,8443.99,8476.61,8406.14,8421.65,,-0.4,4155.02,476.94
20160819,930955,红利低波100,8412.6,8423.07,8370.62,8405.86,,-0.19,2795.64,292.81
20160822,930955,红利低波100,8403.4,8410.03,8367.49,8373.42,,-0.39,2920.32,299.36
20160823,930955,红利低波100,8365.51,8413.05,8362.22,8383.28,,0.12,2813.81,297.04
20160824,930955,红利低波100,8383.76,8384.3,8350.27,8367.29,,-0.19,2229.19,247.32
20160825,930955,红利低波100,8340.28,8340.28,8269.1,8323.19,,-0.53,2834.14,299.21
20160826,930955,红利低波100,8322.56,8352.78,8303.82,8313.96,,-0.11,2152.31,228.1
20160829,930955,红利低波100,8309.44,8310.79,8276.72,8296.43,,-0.21,2523.03,264.04
20160830,930955,红利低波100,8301.31,8318.74,8294.14,8311.27,,0.18,2228.11,237.39
20160831,930955,红利低波100,8304.48,8333.7,8288.33,8333.7,,0.27,2365.47,280.28
20160901,930955,红利低波100,8331.81,8338.03,8282.11,8282.11,,-0.62,2442.65,269.73
20160902,930955,红利低波100,8284.65,8315.92,8282.39,8311.73,,0.36,2521.64,273.42
20160905,930955,红利低波100,8334.78,8364.85,8328.7,8341.76,,0.36,2143.17,223.07
20160906,930955,红利低波100,8354.94,8400.74,8323.75,8397.35,,0.67,3259.21,383.83
20160907,930955,红利低波100,8397.3,8440.99,8397.3,8411.06,,0.16,3223.98,340.05
20160908,930955,红利低波100,8409.12,8414.12,8385.58,8406.92,,-0.05,2210.9,249.6
20160909,930955,红利低波100,8409.92,8422.88,8357.33,8357.33,,-0.59,2299.48,255.58
20160912,930955,红利低波100,8266.51,8266.51,8167.3,8238.89,,-1.42,4348.01,409.44
20160913,930955,红利低波100,8237.62,8242.21,8195.06,8231.63,,-0.09,2063.21,199.92
20160914,930955,红利低波100,8194.65,8203.31,8157.14,8169.94,,-0.75,2275.83,219.32
20160919,930955,红利低波100,8174.61,8231.49,8174.61,8231.49,,0.75,1923.09,192.9
20160920,930955,红利低波100,8229.55,8229.55,8208.96,8220.33,,-0.14,1669.77,169.86
20160921,930955,红利低波100,8215.85,8234.63,8208.64,8223.37,,0.04,1681.03,172.59
20160922,930955,红利低波100,8249.57,8304.05,8249.57,8276.74,,0.65,2227.82,235.25
20160923,930955,红利低波100,8284.81,8284.81,8260.48,8265.03,,-0.14,1783.57,171.37
20160926,930955,红利低波100,8242.47,8242.47,8146.88,8146.88,,-1.43,2309.56,214.83
20160927,930955,红利低波100,8135.41,8190.84,8135.41,8190.84,,0.54,1948.56,182.69
20160928,930955,红利低波100,8202.52,8202.52,8162.47,8163.85,,-0.33,1382.48,136.77
20160929,930955,红利低波100,8177.34,8223.09,8177.34,8205.96,,0.52,1565.82,154.26
20160930,930955,红利低波100,8195.11,8235.1,8195.11,8228.78,,0.28,1372.66,145.65
20161010,930955,红利低波100,8287.48,8348.22,8282.22,8348.22,,1.45,2693.67,249.93
20161011,930955,红利低波100,8359.73,8375.43,8349.72,8375.43,,0.33,2847.5,246.76
20161012,930955,红利低波100,8359.38,8359.38,8327.03,8345.26,,-0.36,2171.56,194.94
20161013,930955,红利低波100,8341.03,8350.54,8324.78,8342.86,,-0.03,2277.11,203.02
20161014,930955,红利低波100,8331.59,8350.09,8303.28,8350.09,,0.09,2468.06,195.8
20161017,930955,红利低波100,8350.2,8353.19,8281.88,8290.24,,-0.72,2545.94,212.18
20161018,930955,红利低波100,8284.12,8393.68,8284.12,8393.68,,1.25,2918.79,241.51
20161019,930955,红利低波100,8396.26,8421.43,8374.95,8384.76,,-0.11,2759.65,218.42
20161020,930955,红利低波100,8385.22,8402.3,8369.26,8385.7,,0.01,2164.52,179.06
20161021,930955,红利低波100,8380.81,8455.55,8380.81,8439.8,,0.65,3294.41,273.83
20161024,930955,红利低波100,8448.36,8571.74,8448.36,8546.49,,1.26,4923.77,418.79
20161025,930955,红利低波100,8549.15,8560.66,8534.51,8560.66,,0.17,3622.51,326.04
20161026,930955,红利低波100,8550.35,8550.41,8511.33,8521.3,,-0.46,3098.48,313.67
20161027,930955,红利低波100,8509.15,8509.15,8467.58,8488.82,,-0.38,2609.64,253.55
20161028,930955,红利低波100,8485.89,8523.26,8474.19,8478.58,,-0.12,2879.9,273.52
20161031,930955,红利低波100,8464.44,8468.96,8439.18,8468.96,,-0.11,2402.12,231.99
20161101,930955,红利低波100,8470.37,8502.56,8453.88,8502.56,,0.4,2391.26,214.47
20161102,930955,红利低波100,8484.05,8484.05,8434.96,8434.98,,-0.8,2756.24,230.04
20161103,930955,红利低波100,8419.03,8509.13,8419.03,8493.19,,0.69,3532.0,296.96
20161104,930955,红利低波100,8489.5,8525.46,8467.99,8479.63,,-0.16,3713.37,323.56
20161107,930955,红利低波100,8479.42,8515.14,8467.1,8500.84,,0.25,2868.14,251.63
20161108,930955,红利低波100,8520.5,8554.71,8513.67,8531.91,,0.37,3545.11,300.1
20161109,930955,红利低波100,8528.56,8528.56,8425.04,8473.49,,-0.69,4623.12,374.06
20161110,930955,红利低波100,8521.86,8575.36,8516.09,8574.01,,1.19,3864.87,317.6
20161111,930955,红利低波100,8569.22,8628.08,8549.06,8620.56,,0.54,5133.87,412.36
20161114,930955,红利低波100,8606.84,8681.93,8606.84,8662.23,,0.48,6587.95,515.8
20161115,930955,红利低波100,8660.29,8674.65,8627.93,8643.64,,-0.21,4105.51,313.68
20161116,930955,红利低波100,8646.33,8646.33,8620.34,8635.23,,-0.1,3308.91,253.31
20161117,930955,红利低波100,8623.39,8671.69,8611.48,8668.89,,0.39,3665.67,326.68
20161118,930955,红利低波100,8669.26,8669.26,8610.43,8611.85,,-0.66,3483.6,300.86
20161121,930955,红利低波100,8604.06,8728.62,8604.06,8684.19,,0.84,6236.6,545.9
20161122,930955,红利低波100,8686.06,8749.83,8686.06,8749.83,,0.76,7123.89,626.55
20161123,930955,红利低波100,8754.63,8814.8,8754.63,8779.52,,0.34,6520.82,610.62
20161124,930955,红利低波100,8769.22,8852.83,8769.22,8820.58,,0.47,5128.27,556.2
20161125,930955,红利低波100,8823.95,8894.31,8773.57,8894.31,,0.84,5564.81,546.6
20161128,930955,红利低波100,8929.7,8987.68,8929.7,8953.41,,0.67,9203.74,931.41
20161129,930955,红利低波100,8944.31,9088.54,8936.56,9059.43,,1.18,9055.02,930.31
20161130,930955,红利低波100,9031.24,9041.96,8923.33,8949.37,,-1.22,6581.28,625.44
20161201,930955,红利低波100,8988.05,9073.01,8988.05,9049.12,,1.12,7586.66,838.7
20161202,930955,红利低波100,9036.57,9082.94,8974.04,8987.86,,-0.68,8147.55,769.7
20161205,930955,红利低波100,8868.51,8915.31,8832.63,8858.1,,-1.44,7135.08,708.96
20161206,930955,红利低波100,8850.45,8884.74,8833.6,8833.68,,-0.28,4714.47,474.01
20161207,930955,红利低波100,8827.55,8857.74,8785.32,8857.74,,0.27,3806.43,363.54
20161208,930955,红利低波100,8879.04,8886.7,8855.64,8856.51,,-0.01,4484.56,437.61
20161209,930955,红利低波100,8848.15,8961.38,8848.15,8930.78,,0.84,7162.18,653.69
20161212,930955,红利低波100,8939.42,8967.75,8753.13,8781.82,,-1.67,7436.82,672.32
20161213,930955,红利低波100,8748.73,8785.9,8715.63,8768.61,,-0.15,4478.11,383.8
20161214,930955,红利低波100,8760.92,8806.75,8740.94,8740.94,,-0.32,5310.83,454.35
20161215,930955,红利低波100,8700.97,8710.43,8591.07,8620.2,,-1.38,4931.78,448.6
20161216,930955,红利低波100,8606.9,8647.3,8599.62,8630.56,,0.12,3523.18,306.34
20161219,930955,红利低波100,8632.6,8671.38,8616.36,8642.25,,0.14,3231.59,278.99
20161220,930955,红利低波100,8635.14,8635.14,8531.48,8576.31,,-0.76,3848.12,325.34
20161221,930955,红利低波100,8581.27,8680.02,8581.27,8672.01,,1.12,4428.67,361.3
20161222,930955,红利低波100,8658.7,8693.4,8655.26,8690.13,,0.21,3606.98,288.97
20161223,930955,红利低波100,8682.28,8682.28,8600.34,8617.38,,-0.84,3767.48,333.13
20161226,930955,红利低波100,8585.61,8638.68,8515.96,8638.68,,0.25,3419.29,299.9
20161227,930955,红利低波100,8629.18,8646.64,8622.0,8622.77,,-0.18,3070.7,264.08
20161228,930955,红利低波100,8624.98,8631.97,8586.14,8597.88,,-0.29,2863.45,256.39
20161229,930955,红利低波100,8586.1,8622.88,8574.18,8599.25,,0.02,2885.39,256.9
20161230,930955,红利低波100,8609.0,8642.95,8606.74,8640.2,,0.48,3039.98,281.38
20170103,930955,红利低波100,8645.89,8732.1,8645.89,8732.1,,1.06,3392.11,296.56
20170104,930955,红利低波100,8726.76,8792.35,8726.76,8792.35,,0.69,3452.52,329.29
20170105,930955,红利低波100,8790.5,8828.55,8785.47,8826.02,,0.38,3479.63,303.48
20170106,930955,红利低波100,8821.93,8859.14,8811.53,8814.39,,-0.13,3534.3,321.58
20170109,930955,红利低波100,8807.89,8875.2,8807.89,8869.79,,0.63,3209.28,287.8
20170110,930955,红利低波100,8858.31,8872.41,8836.91,8843.35,,-0.3,2579.05,233.37
20170111,930955,红利低波100,8836.84,8856.66,8782.92,8782.92,,-0.68,3150.73,263.21
20170112,930955,红利低波100,8781.15,8802.96,8738.58,8738.58,,-0.51,2583.7,216.27
20170113,930955,红利低波100,8735.17,8768.6,8722.09,8754.27,,0.18,3194.29,275.21
20170116,930955,红利低波100,8743.43,8810.48,8689.52,8803.56,,0.56,6992.52,589.19
20170117,930955,红利低波100,8770.61,8824.53,8770.61,8824.53,,0.24,2685.19,241.45
20170118,930955,红利低波100,8816.95,8889.68,8816.95,8875.86,,0.58,2855.15,273.94
20170119,930955,红利低波100,8860.8,8891.31,8832.8,8850.01,,-0.29,2847.27,243.78
20170120,930955,红利低波100,8838.98,8901.47,8838.98,8901.47,,0.58,2321.02,215.69
20170123,930955,红利低波100,8904.05,8948.74,8900.89,8919.8,,0.21,2714.83,257.57
20170124,930955,红利低波100,8916.5,8974.57,8914.35,8965.27,,0.51,2769.56,247.05
20170125,930955,红利低波100,8955.89,8981.72,8942.34,8975.82,,0.12,2396.74,226.27
20170126,930955,红利低波100,8978.37,9012.48,8975.33,8991.15,,0.17,2515.74,224.14
20170203,930955,红利低波100,8995.22,8995.22,8925.02,8932.0,,-0.66,1810.49,179.86
20170206,930955,红利低波100,8942.75,8982.11,8935.39,8963.84,,0.36,2817.64,264.9
20170207,930955,红利低波100,8959.25,8983.43,8938.66,8964.26,,0.01,2584.44,243.03
20170208,930955,红利低波100,8949.74,8985.46,8910.36,8985.46,,0.24,2810.45,252.98
20170209,930955,红利低波100,8981.14,9037.41,8981.14,9016.67,,0.35,3665.03,347.59
20170210,930955,红利低波100,9015.77,9100.02,9015.77,9081.15,,0.72,5009.16,439.94
20170213,930955,红利低波100,9095.45,9142.57,9095.45,9139.79,,0.65,5070.39,476.52
20170214,930955,红利低波100,9139.72,9154.15,9115.66,9154.15,,0.16,3679.53,334.14
20170215,930955,红利低波100,9151.13,9219.04,9140.26,9154.65,,0.01,5903.97,470.22
20170216,930955,红利低波100,9154.39,9197.38,9154.39,9197.38,,0.47,4118.14,339.09
20170217,930955,红利低波100,9199.62,9206.86,9119.56,9126.11,,-0.78,3928.89,347.09
20170220,930955,红利低波100,9135.13,9293.88,9135.13,9293.88,,1.84,6180.73,561.8
20170221,930955,红利低波100,9307.24,9345.25,9294.03,9309.7,,0.17,4234.7,394.81
20170222,930955,红利低波100,9318.67,9367.54,9312.86,9367.17,,0.62,4003.58,405.81
20170223,930955,红利低波100,9355.22,9368.22,9281.09,9309.56,,-0.62,3690.9,355.47
20170224,930955,红利低波100,9297.16,9297.16,9254.32,9289.4,,-0.22,3447.98,311.86
20170227,930955,红利低波100,9279.12,9282.17,9212.29,9214.7,,-0.8,3608.0,357.18
20170228,930955,红利低波100,9215.01,9252.9,9215.01,9248.18,,0.36,2572.59,256.11
20170301,930955,红利低波100,9245.94,9293.19,9245.94,9258.27,,0.11,3597.6,338.36
20170302,930955,红利低波100,9270.04,9272.89,9207.73,9208.5,,-0.54,3300.41,316.47
20170303,930955,红利低波100,9184.82,9195.94,9158.44,9190.88,,-0.19,2822.68,255.11
20170306,930955,红利低波100,9190.62,9233.47,9190.62,9221.79,,0.34,3333.71,300.28
20170307,930955,红利低波100,9215.45,9247.59,9209.28,9247.59,,0.28,2901.78,292.89
20170308,930955,红利低波100,9237.12,9239.5,9203.08,9228.73,,-0.2,3203.22,298.56
20170309,930955,红利低波100,9208.83,9208.83,9124.56,9160.16,,-0.74,3394.99,308.68
20170310,930955,红利低波100,9148.0,9177.18,9148.0,9165.05,,0.05,2567.31,265.75
20170313,930955,红利低波100,9157.5,9242.89,9137.25,9242.89,,0.85,2676.51,312.78
20170314,930955,红利低波100,9237.49,9251.87,9224.91,9244.53,,0.02,2149.27,236.8
20170315,930955,红利低波100,9240.67,9274.85,9240.67,9269.98,,0.28,2452.63,258.76
20170316,930955,红利低波100,9280.53,9318.2,9280.53,9292.64,,0.24,3625.35,390.63
20170317,930955,红利低波100,9297.48,9297.48,9201.28,9204.85,,-0.95,3471.86,389.54
20170320,930955,红利低波100,9231.16,9272.05,9223.0,9272.05,,0.73,3010.6,333.61
20170321,930955,红利低波100,9279.41,9341.82,9277.1,9341.82,,0.75,3255.32,435.34
20170322,930955,红利低波100,9292.92,9334.99,9268.8,9301.89,,-0.43,3480.92,429.28
20170323,930955,红利低波100,9313.69,9345.83,9272.86,9312.69,,0.12,3162.3,409.61
20170324,930955,红利低波100,9310.91,9379.11,9310.91,9378.02,,0.7,3686.93,449.78
20170327,930955,红利低波100,9398.32,9437.0,9370.73,9376.72,,-0.01,3833.04,447.74
20170328,930955,红利低波100,9379.12,9379.12,9327.37,9351.15,,-0.27,2386.5,289.9
20170329,930955,红利低波100,9358.64,9389.03,9313.84,9349.62,,-0.02,3250.02,351.44
20170330,930955,红利低波100,9347.39,9351.41,9271.59,9316.1,,-0.36,3792.23,383.0
20170331,930955,红利低波100,9306.33,9379.43,9306.33,9379.43,,0.68,3474.86,351.88
20170405,930955,红利低波100,9419.38,9476.29,9411.61,9476.29,,1.03,4423.89,486.22
20170406,930955,红利低波100,9491.62,9507.56,9465.2,9507.56,,0.33,4081.6,406.31
20170407,930955,红利低波100,9505.81,9550.73,9487.21,9540.41,,0.35,4071.31,415.56
20170410,930955,红利低波100,9553.53,9580.74,9533.79,9554.07,,0.14,3435.34,402.76
20170411,930955,红利低波100,9559.68,9593.18,9478.76,9583.77,,0.31,4096.04,501.69
20170412,930955,红利低波100,9585.41,9614.85,9558.78,9587.04,,0.03,5332.8,706.58
20170413,930955,红利低波100,9563.49,9629.31,9563.49,9622.21,,0.37,4182.48,418.38
20170414,930955,红利低波100,9634.65,9634.65,9524.49,9543.74,,-0.82,3280.69,322.92
20170417,930955,红利低波100,9518.24,9518.24,9454.06,9515.82,,-0.29,3339.37,383.48
20170418,930955,红利低波100,9495.23,9546.68,9473.43,9473.43,,-0.45,3623.8,464.82
20170419,930955,红利低波100,9439.7,9444.78,9365.46,9424.24,,-0.52,3831.74,400.73
20170420,930955,红利低波100,9414.9,9484.72,9414.9,9463.27,,0.41,3731.83,494.8
20170421,930955,红利低波100,9456.01,9492.58,9448.39,9492.58,,0.31,3770.11,444.27
20170424,930955,红利低波100,9470.83,9470.83,9370.67,9435.58,,-0.6,3704.85,418.1
20170425,930955,红利低波100,9411.42,9481.67,9411.42,9449.72,,0.15,3302.88,414.54
20170426,930955,红利低波100,9445.25,9504.76,9445.25,9478.71,,0.31,3694.35,490.42
20170427,930955,红利低波100,9460.47,9488.98,9389.58,9485.04,,0.07,4333.88,495.39
20170428,930955,红利低波100,9454.5,9454.5,9396.49,9433.86,,-0.54,3543.96,465.93
20170502,930955,红利低波100,9405.3,9406.69,9359.45,9373.12,,-0.64,2952.66,374.2
20170503,930955,红利低波100,9360.82,9369.49,9308.47,9319.94,,-0.57,2892.75,340.93
20170504,930955,红利低波100,9305.54,9358.69,9272.35,9323.23,,0.04,3295.57,378.46
20170505,930955,红利低波100,9286.28,9294.7,9239.54,9294.7,,-0.31,3716.17,418.06
20170508,930955,红利低波100,9258.87,9263.05,9203.12,9257.3,,-0.4,4010.19,459.78
20170509,930955,红利低波100,9217.27,9273.28,9213.4,9255.27,,-0.02,2661.09,318.73
20170510,930955,红利低波100,9251.4,9264.89,9194.81,9196.17,,-0.64,3075.74,388.32
20170511,930955,红利低波100,9155.83,9249.57,9147.6,9249.2,,0.58,3783.61,407.08
20170512,930955,红利低波100,9223.1,9326.88,9223.1,9317.5,,0.74,3992.78,432.54
20170515,930955,红利低波100,9318.29,9362.1,9318.29,9359.84,,0.45,3211.47,384.35
20170516,930955,红利低波100,9340.04,9440.14,9300.44,9440.14,,0.86,3740.91,440.92
20170517,930955,红利低波100,9436.74,9452.33,9386.98,9392.71,,-0.5,3621.22,429.34
20170518,930955,红利低波100,9336.41,9383.04,9336.41,9365.84,,-0.29,2983.61,338.66
20170519,930955,红利低波100,9351.04,9399.75,9351.04,9399.75,,0.36,2454.66,295.58
20170522,930955,红利低波100,9393.77,9430.62,9355.3,9412.41,,0.14,3297.5,393.22
20170523,930955,红利低波100,9394.27,9465.34,9394.27,9461.43,,0.52,4583.71,554.32
20170524,930955,红利低波100,9422.61,9462.47,9374.14,9462.47,,0.01,3206.34,400.53
20170525,930955,红利低波100,9433.93,9577.71,9433.93,9568.48,,1.12,6078.9,650.53
20170526,930955,红利低波100,,,,9588.42,19.94,0.21,4174.81,484.31
20170531,930955,红利低波100,,,,9618.93,30.5,0.32,4071.2,497.55
20170601,930955,红利低波100,,,,9636.35,17.43,0.18,3751.94,481.77
20170602,930955,红利低波100,,,,9637.91,1.56,0.02,3333.23,403.64
20170605,930955,红利低波100,,,,9579.65,-58.26,-0.6,3793.5,401.61
20170606,930955,红利低波100,,,,9602.93,23.29,0.24,2467.54,324.97
20170607,930955,红利低波100,,,,9692.54,89.61,0.93,4020.47,511.36
20170608,930955,红利低波100,,,,9776.04,83.5,0.86,3339.35,463.91
20170609,930955,红利低波100,,,,9823.54,47.5,0.49,4256.57,538.65
20170612,930955,红利低波100,,,,9793.14,-30.4,-0.31,2873.53,350.01
20170613,930955,红利低波100,,,,9821.93,28.79,0.29,2048.61,260.31
20170614,930955,红利低波100,,,,9725.94,-95.99,-0.98,2331.15,295.76
20170615,930955,红利低波100,,,,9687.0,-38.94,-0.4,2323.39,297.31
20170616,930955,红利低波100,,,,9629.01,-57.99,-0.6,1822.71,235.0
20170619,930955,红利低波100,,,,9678.39,49.38,0.51,2232.04,262.62
20170620,930955,红利低波100,,,,9656.43,-21.96,-0.23,2141.18,252.38
20170621,930955,红利低波100,,,,9718.77,62.34,0.65,2267.23,295.54
20170622,930955,红利低波100,,,,9736.72,17.94,0.18,4917.83,545.17
20170623,930955,红利低波100,,,,9778.08,41.36,0.42,3209.53,374.4
20170626,930955,红利低波100,,,,9852.69,74.61,0.76,4572.88,518.69
20170627,930955,红利低波100,,,,9869.31,16.62,0.17,3027.73,346.41
20170628,930955,红利低波100,,,,9844.62,-24.69,-0.25,3298.86,384.22
20170629,930955,红利低波100,,,,9887.33,42.7,0.43,2465.91,310.82
20170630,930955,红利低波100,,,,9885.02,-2.31,-0.02,2370.71,273.32
20170703,930955,红利低波100,,,,9885.47,0.45,0.0,2349.41,295.09
20170704,930955,红利低波100,,,,9845.16,-40.31,-0.41,2810.55,339.26
20170705,930955,红利低波100,,,,9882.57,37.41,0.38,2516.15,339.24
20170706,930955,红利低波100,,,,9890.8,8.22,0.08,2850.82,379.24
20170707,930955,红利低波100,,,,9913.18,22.38,0.23,2588.67,308.3
20170710,930955,红利低波100,,,,9883.08,-30.1,-0.3,2644.93,317.42
20170711,930955,红利低波100,,,,9885.6,2.52,0.03,3868.99,426.74
20170712,930955,红利低波100,,,,9842.89,-42.7,-0.43,4075.6,435.53
20170713,930955,红利低波100,,,,9906.04,63.14,0.64,3853.21,405.52
20170714,930955,红利低波100,,,,9933.34,27.3,0.28,3538.95,373.74
20170717,930955,红利低波100,,,,9836.07,-97.27,-0.98,6577.65,652.76
20170718,930955,红利低波100,,,,9822.55,-13.51,-0.14,3817.05,403.88
20170719,930955,红利低波100,,,,9938.11,115.55,1.18,4883.97,516.25
20170720,930955,红利低波100,,,,9997.66,59.55,0.6,3755.04,417.25
20170721,930955,红利低波100,,,,9980.94,-16.72,-0.17,3151.2,384.66
20170724,930955,红利低波100,,,,10033.68,52.74,0.53,3891.34,430.59
20170725,930955,红利低波100,,,,10004.67,-29.0,-0.29,3845.91,372.4
20170726,930955,红利低波100,,,,9986.81,-17.86,-0.18,3919.5,408.72
20170727,930955,红利低波100,,,,10030.62,43.82,0.44,3619.83,381.31
20170728,930955,红利低波100,,,,10019.11,-11.51,-0.11,2590.52,279.24
20170731,930955,红利低波100,,,,10036.05,16.94,0.17,3255.65,354.94
20170801,930955,红利低波100,,,,10097.71,61.66,0.61,3676.17,433.47
20170802,930955,红利低波100,,,,10059.2,-38.52,-0.38,4125.76,433.75
20170803,930955,红利低波100,,,,10019.38,-39.82,-0.4,3416.46,369.22
20170804,930955,红利低波100,,,,9990.88,-28.5,-0.28,3266.58,361.47
20170807,930955,红利低波100,,,,9997.27,6.4,0.06,2740.47,288.93
20170808,930955,红利低波100,,,,9985.46,-11.81,-0.12,2773.22,281.96
20170809,930955,红利低波100,,,,9950.05,-35.41,-0.35,2821.69,301.98
20170810,930955,红利低波100,,,,9914.81,-35.25,-0.35,3117.85,352.75
20170811,930955,红利低波100,,,,9782.61,-132.2,-1.33,4056.08,415.17
20170814,930955,红利低波100,,,,9824.95,42.34,0.43,2634.96,300.05
20170815,930955,红利低波100,,,,9854.74,29.79,0.3,3054.14,303.76
20170816,930955,红利低波100,,,,9844.14,-10.6,-0.11,2164.25,221.98
20170817,930955,红利低波100,,,,9894.86,50.72,0.52,2070.44,231.55
20170818,930955,红利低波100,,,,9905.79,10.93,0.11,2201.47,282.59
20170821,930955,红利低波100,,,,9940.1,34.31,0.35,2212.49,266.72
20170822,930955,红利低波100,,,,9937.92,-2.17,-0.02,2176.89,300.78
20170823,930955,红利低波100,,,,9932.7,-5.22,-0.05,2603.03,289.47
20170824,930955,红利低波100,,,,9904.32,-28.38,-0.29,2386.84,261.77
20170825,930955,红利低波100,,,,10047.48,143.16,1.45,4332.8,440.86
20170828,930955,红利低波100,,,,10123.29,75.81,0.75,5145.56,582.97
20170829,930955,红利低波100,,,,10123.93,0.64,0.01,3007.72,342.36
20170830,930955,红利低波100,,,,10101.93,-22.0,-0.22,3688.84,408.2
20170831,930955,红利低波100,,,,10062.83,-39.1,-0.39,3668.35,374.62
20170901,930955,红利低波100,,,,10081.25,18.41,0.18,3871.81,402.6
20170904,930955,红利低波100,,,,10101.41,20.16,0.2,4273.54,416.06
20170905,930955,红利低波100,,,,10110.18,8.77,0.09,3475.92,361.15
20170906,930955,红利低波100,,,,10088.01,-22.17,-0.22,2716.61,302.79
20170907,930955,红利低波100,,,,10038.73,-49.28,-0.49,2735.25,316.27
20170908,930955,红利低波100,,,,10038.4,-0.33,0.0,2332.41,273.82
20170911,930955,红利低波100,,,,10060.8,22.4,0.22,2703.76,299.54
20170912,930955,红利低波100,,,,10076.88,16.07,0.16,2977.69,337.58
20170913,930955,红利低波100,,,,10062.86,-14.02,-0.14,2032.88,223.67
20170914,930955,红利低波100,,,,10029.32,-33.54,-0.33,2525.28,265.71
20170915,930955,红利低波100,,,,10017.29,-12.03,-0.12,2462.82,258.55
20170918,930955,红利低波100,,,,10050.08,32.79,0.33,2597.48,316.98
20170919,930955,红利低波100,,,,10014.94,-35.14,-0.35,2592.32,276.28
20170920,930955,红利低波100,,,,10034.18,19.24,0.19,2162.04,247.23
20170921,930955,红利低波100,,,,10013.26,-20.91,-0.21,2347.0,253.57
20170922,930955,红利低波100,,,,10006.12,-7.15,-0.07,2384.56,254.42
20170925,930955,红利低波100,,,,9980.11,-26.01,-0.26,2747.34,294.44
20170926,930955,红利低波100,,,,9974.46,-5.65,-0.06,1785.74,192.88
20170927,930955,红利低波100,,,,9971.66,-2.8,-0.03,1761.64,197.5
20170928,930955,红利低波100,,,,9964.38,-7.28,-0.07,1951.41,210.66
20170929,930955,红利低波100,,,,9989.36,24.98,0.25,1930.66,221.15
20171009,930955,红利低波100,,,,10069.67,80.31,0.8,4095.89,432.32
20171010,930955,红利低波100,,,,10130.15,60.48,0.6,2866.74,350.32
20171011,930955,红利低波100,,,,10164.5,34.34,0.34,2582.02,307.5
20171012,930955,红利低波100,,,,10141.04,-23.46,-0.23,2187.68,259.4
20171013,930955,红利低波100,,,,10145.43,4.39,0.04,1957.37,229.82
20171016,930955,红利低波100,,,,10091.34,-54.08,-0.53,2596.42,314.74
20171017,930955,红利低波100,,,,10078.19,-13.15,-0.13,1768.71,214.68
20171018,930955,红利低波100,,,,10126.47,48.27,0.48,2905.33,311.91
20171019,930955,红利低波100,,,,10112.81,-13.65,-0.13,2813.62,323.34
20171020,930955,红利低波100,,,,10145.97,33.16,0.33,2056.51,235.76
20171023,930955,红利低波100,,,,10145.78,-0.19,0.0,2480.28,281.51
20171024,930955,红利低波100,,,,10183.09,37.31,0.37,2627.3,309.08
20171025,930955,红利低波100,,,,10183.05,-0.04,0.0,2097.91,231.61
20171026,930955,红利低波100,,,,10157.44,-25.61,-0.25,3675.15,448.87
20171027,930955,红利低波100,,,,10182.83,25.39,0.25,3613.92,425.98
20171030,930955,红利低波100,,,,10097.51,-85.32,-0.84,3870.03,477.82
20171031,930955,红利低波100,,,,10084.51,-13.0,-0.13,3046.57,341.74
20171101,930955,红利低波100,,,,10042.53,-41.98,-0.42,3524.03,405.63
20171102,930955,红利低波100,,,,10004.37,-38.16,-0.38,2998.29,330.67
20171103,930955,红利低波100,,,,9968.04,-36.34,-0.36,3368.11,367.07
20171106,930955,红利低波100,,,,9982.23,14.19,0.14,2627.38,340.55
20171107,930955,红利低波100,,,,10035.91,53.68,0.54,3733.49,452.65
20171108,930955,红利低波100,,,,10077.43,41.52,0.41,4014.51,472.74
20171109,930955,红利低波100,,,,10088.32,10.89,0.11,2894.11,340.62
20171110,930955,红利低波100,,,,10082.0,-6.32,-0.06,3778.46,485.51
20171113,930955,红利低波100,,,,10083.03,1.04,0.01,4579.65,502.27
20171114,930955,红利低波100,,,,10028.52,-54.51,-0.54,3276.78,409.68
20171115,930955,红利低波100,,,,9968.91,-59.62,-0.59,2924.56,384.18
20171116,930955,红利低波100,,,,9949.74,-19.16,-0.19,2744.96,386.79
20171117,930955,红利低波100,,,,9960.49,10.75,0.11,5892.68,732.07
20171120,930955,红利低波100,,,,9987.26,26.76,0.27,4160.41,552.14
20171121,930955,红利低波100,,,,10054.07,66.81,0.67,5346.69,726.93
20171122,930955,红利低波100,,,,10114.51,60.44,0.6,5894.82,751.61
20171123,930955,红利低波100,,,,9939.64,-174.87,-1.73,5405.42,691.37
20171124,930955,红利低波100,,,,9950.16,10.52,0.11,3688.51,506.14
20171127,930955,红利低波100,,,,9874.14,-76.02,-0.76,4081.07,535.35
20171128,930955,红利低波100,,,,9854.44,-19.7,-0.2,2654.1,357.47
20171129,930955,红利低波100,,,,9834.43,-20.01,-0.2,2836.29,375.29
20171130,930955,红利低波100,,,,9797.76,-36.67,-0.37,2732.67,377.55
20171201,930955,红利低波100,,,,9815.14,17.38,0.18,2792.11,388.78
20171204,930955,红利低波100,,,,9791.44,-23.7,-0.24,2453.11,353.95
20171205,930955,红利低波100,,,,9809.29,17.85,0.18,5113.71,618.67
20171206,930955,红利低波100,,,,9787.72,-21.57,-0.22,2905.91,392.97
20171207,930955,红利低波100,,,,9727.09,-60.63,-0.62,2447.95,323.47
20171208,930955,红利低波100,,,,9737.33,10.24,0.11,2219.67,311.83
20171211,930955,红利低波100,,,,9790.45,53.12,0.55,2492.17,244.91
20171212,930955,红利低波100,,,,9698.35,-92.1,-0.94,2094.17,209.04
20171213,930955,红利低波100,,,,9743.12,44.78,0.46,1900.84,184.61
20171214,930955,红利低波100,,,,9716.52,-26.61,-0.27,2096.08,198.39
20171215,930955,红利低波100,,,,9671.28,-45.23,-0.47,2184.41,203.11
20171218,930955,红利低波100,,,,9654.11,-17.17,-0.18,1778.09,166.73
20171219,930955,红利低波100,,,,9709.82,55.71,0.58,2231.12,219.66
20171220,930955,红利低波100,,,,9671.66,-38.16,-0.39,2295.71,212.87
20171221,930955,红利低波100,,,,9686.8,15.14,0.16,2268.52,225.21
20171222,930955,红利低波100,,,,9679.79,-7.01,-0.07,1752.89,169.22
20171225,930955,红利低波100,,,,9618.17,-61.62,-0.64,2388.64,222.91
20171226,930955,红利低波100,,,,9675.03,56.86,0.59,2340.48,210.47
20171227,930955,红利低波100,,,,9620.31,-54.72,-0.57,2694.07,244.08
20171228,930955,红利低波100,,,,9627.01,6.7,0.07,2622.7,242.17
20171229,930955,红利低波100,,,,9679.84,52.83,0.55,2248.13,196.05
20180102,930955,红利低波100,,,,9781.39,101.55,1.05,4629.19,374.74
20180103,930955,红利低波100,,,,9835.11,53.72,0.55,3588.85,347.22
20180104,930955,红利低波100,,,,9851.59,16.47,0.17,3607.44,322.47
20180105,930955,红利低波100,,,,9891.06,39.48,0.4,3595.51,325.78
20180108,930955,红利低波100,,,,9929.14,38.08,0.39,4011.83,387.08
20180109,930955,红利低波100,,,,9905.32,-23.83,-0.24,3214.28,301.35
20180110,930955,红利低波100,,,,9922.56,17.24,0.17,5056.22,455.48
20180111,930955,红利低波100,,,,9935.62,13.07,0.13,3669.96,334.41
20180112,930955,红利低波100,,,,9941.22,5.6,0.06,3272.72,300.94
20180115,930955,红利低波100,,,,9890.53,-50.69,-0.51,5436.28,509.01
20180116,930955,红利低波100,,,,9995.44,104.91,1.06,5284.02,483.02
20180117,930955,红利低波100,,,,10047.12,51.67,0.52,7422.86,708.66
20180118,930955,红利低波100,,,,10128.64,81.53,0.81,6539.93,592.81
20180119,930955,红利低波100,,,,10178.37,49.73,0.49,7719.62,740.29
20180122,930955,红利低波100,,,,10220.94,42.57,0.42,6540.32,592.17
20180123,930955,红利低波100,,,,10317.51,96.57,0.94,8532.06,732.46
20180124,930955,红利低波100,,,,10392.43,74.92,0.73,8609.93,834.89
20180125,930955,红利低波100,,,,10357.4,-35.03,-0.34,6087.81,578.59
20180126,930955,红利低波100,,,,10402.68,45.29,0.44,7045.3,619.58
20180129,930955,红利低波100,,,,10312.4,-90.28,-0.87,6203.72,588.25
20180130,930955,红利低波100,,,,10246.66,-65.73,-0.64,4433.58,421.6
20180131,930955,红利低波100,,,,10166.31,-80.35,-0.78,4734.33,447.98
20180201,930955,红利低波100,,,,10064.39,-101.92,-1.0,6222.14,580.25
20180202,930955,红利低波100,,,,10085.26,20.87,0.21,4222.42,395.93
20180205,930955,红利低波100,,,,10233.59,148.33,1.47,6165.23,569.76
20180206,930955,红利低波100,,,,9966.26,-267.33,-2.61,8472.32,779.86
20180207,930955,红利低波100,,,,9840.08,-126.18,-1.27,8043.71,734.5
20180208,930955,红利低波100,,,,9733.61,-106.47,-1.08,6075.76,515.55
20180209,930955,红利低波100,,,,9372.76,-360.85,-3.71,7654.66,638.45
20180212,930955,红利低波100,,,,9431.09,58.33,0.62,3948.42,324.72
20180213,930955,红利低波100,,,,9497.64,66.55,0.71,4010.03,334.03
20180214,930955,红利低波100,,,,9492.95,-4.69,-0.05,2198.88,190.78
20180222,930955,红利低波100,,,,9659.04,166.09,1.75,3351.66,286.09
20180223,930955,红利低波100,,,,9686.67,27.62,0.29,2863.72,250.79
20180226,930955,红利低波100,,,,9786.86,100.2,1.03,3771.77,324.94
20180227,930955,红利低波100,,,,9698.0,-88.87,-0.91,3704.94,313.36
20180228,930955,红利低波100,,,,9639.98,-58.01,-0.6,2904.35,253.0
20180301,930955,红利低波100,,,,9678.43,38.44,0.4,2662.2,234.41
20180302,930955,红利低波100,,,,9658.77,-19.65,-0.2,2462.64,211.47
20180305,930955,红利低波100,,,,9655.32,-3.45,-0.04,2396.18,200.79
20180306,930955,红利低波100,,,,9762.64,107.32,1.11,4101.67,325.77
20180307,930955,红利低波100,,,,9733.41,-29.23,-0.3,3715.44,303.68
20180308,930955,红利低波100,,,,9786.63,53.22,0.55,2743.25,217.5
20180309,930955,红利低波100,,,,9833.37,46.74,0.48,2701.66,241.76
20180312,930955,红利低波100,,,,9880.62,47.25,0.48,3636.07,284.75
20180313,930955,红利低波100,,,,9825.2,-55.42,-0.56,3393.13,240.5
20180314,930955,红利低波100,,,,9760.52,-64.67,-0.66,2269.87,175.25
20180315,930955,红利低波100,,,,9739.69,-20.84,-0.21,1971.6,146.55
20180316,930955,红利低波100,,,,9708.13,-31.55,-0.32,2406.61,185.8
20180319,930955,红利低波100,,,,9707.69,-0.44,0.0,1979.12,156.55
20180320,930955,红利低波100,,,,9729.27,21.58,0.22,2287.96,180.29
20180321,930955,红利低波100,,,,9702.16,-27.11,-0.28,2673.63,212.18
20180322,930955,红利低波100,,,,9669.51,-32.64,-0.34,2498.69,195.44
20180323,930955,红利低波100,,,,9321.99,-347.52,-3.59,5086.61,374.76
20180326,930955,红利低波100,,,,9331.92,9.92,0.11,3428.2,244.72
20180327,930955,红利低波100,,,,9425.4,93.49,1.0,3266.83,241.5
20180328,930955,红利低波100,,,,9350.91,-74.49,-0.79,2917.27,215.98
20180329,930955,红利低波100,,,,9445.51,94.6,1.01,3307.95,245.24
20180330,930955,红利低波100,,,,9462.63,17.12,0.18,2521.65,195.76
20180402,930955,红利低波100,,,,9447.52,-15.11,-0.16,3024.43,236.74
20180403,930955,红利低波100,,,,9363.17,-84.36,-0.89,2631.79,202.28
20180404,930955,红利低波100,,,,9336.08,-27.09,-0.29,2291.2,184.33
20180409,930955,红利低波100,,,,9319.35,-16.73,-0.18,2109.76,168.56
20180410,930955,红利低波100,,,,9434.09,114.74,1.23,3057.23,233.0
20180411,930955,红利低波100,,,,9477.51,43.42,0.46,3367.72,247.05
20180412,930955,红利低波100,,,,9411.1,-66.41,-0.7,2234.18,173.52
20180413,930955,红利低波100,,,,9367.12,-43.97,-0.47,1847.1,143.44
20180416,930955,红利低波100,,,,9244.34,-122.78,-1.31,3258.01,228.82
20180417,930955,红利低波100,,,,9158.55,-85.79,-0.93,2211.16,169.31
20180418,930955,红利低波100,,,,9218.61,60.06,0.66,2529.46,187.02
20180419,930955,红利低波100,,,,9241.71,23.1,0.25,2037.31,154.43
20180420,930955,红利低波100,,,,9092.77,-148.94,-1.61,2250.26,165.72
20180423,930955,红利低波100,,,,9074.15,-18.62,-0.2,1874.31,143.89
20180424,930955,红利低波100,,,,9213.22,139.07,1.53,3094.96,231.51
20180425,930955,红利低波100,,,,9193.91,-19.31,-0.21,1842.36,149.75
20180426,930955,红利低波100,,,,9070.32,-123.59,-1.34,1964.28,153.65
20180427,930955,红利低波100,,,,9129.99,59.67,0.66,1955.26,156.99
20180502,930955,红利低波100,,,,9141.62,11.64,0.13,2323.82,181.33
20180503,930955,红利低波100,,,,9215.91,74.29,0.81,2323.24,191.39
20180504,930955,红利低波100,,,,9212.04,-3.87,-0.04,1708.93,143.04
20180507,930955,红利低波100,,,,9303.04,91.0,0.99,2184.64,177.2
20180508,930955,红利低波100,,,,9331.18,28.14,0.3,2588.71,206.2
20180509,930955,红利低波100,,,,9321.69,-9.48,-0.1,1719.31,140.29
20180510,930955,红利低波100,,,,9363.58,41.88,0.45,1807.11,156.81
20180511,930955,红利低波100,,,,9315.22,-48.36,-0.52,2048.15,174.5
20180514,930955,红利低波100,,,,9319.5,4.28,0.05,2258.99,191.48
20180515,930955,红利低波100,,,,9365.6,46.1,0.49,1986.35,161.16
20180516,930955,红利低波100,,,,9355.73,-9.87,-0.11,2071.18,169.61
20180517,930955,红利低波100,,,,9338.35,-17.38,-0.19,1538.47,128.91
20180518,930955,红利低波100,,,,9383.84,45.49,0.49,2027.65,162.02
20180521,930955,红利低波100,,,,9457.99,74.15,0.79,2513.38,198.13
20180522,930955,红利低波100,,,,9463.58,5.59,0.06,2117.97,166.44
20180523,930955,红利低波100,,,,9412.06,-51.52,-0.54,2569.3,190.41
20180524,930955,红利低波100,,,,9376.7,-35.36,-0.38,2157.03,165.08
20180525,930955,红利低波100,,,,9343.76,-32.94,-0.35,2018.66,154.76
20180528,930955,红利低波100,,,,9317.36,-26.4,-0.28,1794.77,146.8
20180529,930955,红利低波100,,,,9277.23,-40.13,-0.43,2398.88,193.71
20180530,930955,红利低波100,,,,9081.32,-195.91,-2.11,2356.05,189.74
20180531,930955,红利低波100,,,,9208.84,127.52,1.4,2503.96,195.63
20180601,930955,红利低波100,,,,9133.71,-75.13,-0.82,1942.27,151.99
20180604,930955,红利低波100,,,,9140.38,6.67,0.07,1961.64,144.88
20180605,930955,红利低波100,,,,9175.56,35.19,0.38,1791.06,137.9
20180606,930955,红利低波100,,,,9163.27,-12.3,-0.13,1672.88,127.6
20180607,930955,红利低波100,,,,9089.62,-73.65,-0.8,2148.21,170.78
20180608,930955,红利低波100,,,,8949.07,-140.55,-1.55,2395.06,178.3
20180611,930955,红利低波100,,,,8902.97,-46.1,-0.52,1718.53,122.01
20180612,930955,红利低波100,,,,8955.76,52.79,0.59,1578.54,118.87
20180613,930955,红利低波100,,,,8889.98,-65.79,-0.73,1637.3,118.03
20180614,930955,红利低波100,,,,8879.35,-10.63,-0.12,1722.43,124.2
20180615,930955,红利低波100,,,,8826.32,-53.02,-0.6,2346.19,169.68
20180618,930955,红利低波100,,,,8826.32,0.0,0.0,0.0,0.0
20180619,930955,红利低波100,,,,8423.53,-402.8,-4.56,4930.64,336.38
20180620,930955,红利低波100,,,,8466.15,42.63,0.51,1951.63,136.09
20180621,930955,红利低波100,,,,8371.9,-94.25,-1.11,1943.71,134.69
20180622,930955,红利低波100,,,,8417.23,45.32,0.54,1683.48,117.18
20180625,930955,红利低波100,,,,8363.6,-53.63,-0.64,1724.95,120.05
20180626,930955,红利低波100,,,,8323.15,-40.45,-0.48,2133.07,142.43
20180627,930955,红利低波100,,,,8269.92,-53.23,-0.64,2186.89,144.17
20180628,930955,红利低波100,,,,8224.83,-45.09,-0.55,1923.48,128.09
20180629,930955,红利低波100,,,,8348.49,123.66,1.5,1689.93,111.31
20180702,930955,红利低波100,,,,8207.27,-141.22,-1.69,2279.15,144.7
20180703,930955,红利低波100,,,,8276.93,69.66,0.85,2334.33,145.97
20180704,930955,红利低波100,,,,8241.31,-35.62,-0.43,1688.86,105.33
20180705,930955,红利低波100,,,,8148.42,-92.9,-1.13,2136.31,132.44
20180706,930955,红利低波100,,,,8140.16,-8.25,-0.1,2028.42,123.56
20180709,930955,红利低波100,,,,8288.09,147.92,1.82,2107.97,129.75
20180710,930955,红利低波100,,,,8301.75,13.67,0.16,1600.58,100.8
20180711,930955,红利低波100,,,,8172.97,-128.79,-1.55,1717.16,108.72
20180712,930955,红利低波100,,,,8328.82,155.86,1.91,2307.78,151.82
20180713,930955,红利低波100,,,,8289.34,-39.48,-0.47,1516.57,99.66
20180716,930955,红利低波100,,,,8240.0,-49.34,-0.6,1593.18,101.1
20180717,930955,红利低波100,,,,8205.08,-34.92,-0.42,1355.94,89.43
20180718,930955,红利低波100,,,,8262.39,57.31,0.7,1693.01,102.68
20180719,930955,红利低波100,,,,8241.62,-20.77,-0.25,1588.6,99.11
20180720,930955,红利低波100,,,,8394.34,152.72,1.85,3245.49,194.66
20180723,930955,红利低波100,,,,8483.56,89.22,1.06,3491.95,220.82
20180724,930955,红利低波100,,,,8597.19,113.63,1.34,4223.08,280.81
20180725,930955,红利低波100,,,,8558.17,-39.01,-0.45,2420.69,160.11
20180726,930955,红利低波100,,,,8568.95,10.77,0.13,2300.69,144.7
20180727,930955,红利低波100,,,,8525.66,-43.28,-0.51,1830.42,119.45
20180730,930955,红利低波100,,,,8528.17,2.51,0.03,2424.11,157.65
20180731,930955,红利低波100,,,,8535.6,7.43,0.09,2084.08,136.17
20180801,930955,红利低波100,,,,8411.48,-124.12,-1.45,2493.74,166.52
20180802,930955,红利低波100,,,,8268.29,-143.19,-1.7,2727.33,177.04
20180803,930955,红利低波100,,,,8233.33,-34.97,-0.42,1943.03,128.16
20180806,930955,红利低波100,,,,8161.79,-71.53,-0.87,2198.07,141.73
20180807,930955,红利低波100,,,,8349.43,187.64,2.3,2775.66,185.86
20180808,930955,红利低波100,,,,8275.65,-73.78,-0.88,2202.27,149.3
20180809,930955,红利低波100,,,,8373.73,98.08,1.19,2289.61,153.47
20180810,930955,红利低波100,,,,8321.71,-52.02,-0.62,1931.98,123.52
20180813,930955,红利低波100,,,,8282.77,-38.93,-0.47,2172.48,140.17
20180814,930955,红利低波100,,,,8273.61,-9.17,-0.11,1515.42,98.9
20180815,930955,红利低波100,,,,8138.78,-134.83,-1.63,1831.2,120.68
20180816,930955,红利低波100,,,,8092.0,-46.78,-0.57,1889.41,122.58
20180817,930955,红利低波100,,,,8015.7,-76.3,-0.94,1644.45,108.22
20180820,930955,红利低波100,,,,8069.32,53.62,0.67,1747.5,116.07
20180821,930955,红利低波100,,,,8135.13,65.81,0.82,1729.72,116.73
20180822,930955,红利低波100,,,,8075.44,-59.69,-0.73,1190.85,80.43
20180823,930955,红利低波100,,,,8098.04,22.6,0.28,1392.0,92.36
20180824,930955,红利低波100,,,,8125.14,27.1,0.33,1917.67,122.78
20180827,930955,红利低波100,,,,8234.59,109.45,1.35,2354.43,156.75
20180828,930955,红利低波100,,,,8237.42,2.83,0.03,1630.3,112.34
20180829,930955,红利低波100,,,,8193.97,-43.46,-0.53,1434.78,99.71
20180830,930955,红利低波100,,,,8139.8,-54.17,-0.66,1504.57,99.66
20180831,930955,红利低波100,,,,8115.53,-24.26,-0.3,2217.48,144.19
20180903,930955,红利低波100,,,,8105.35,-10.18,-0.13,1634.59,105.45
20180904,930955,红利低波100,,,,8172.36,67.01,0.83,1754.95,112.96
20180905,930955,红利低波100,,,,8080.03,-92.33,-1.13,1630.76,105.09
20180906,930955,红利低波100,,,,8038.3,-41.73,-0.52,1385.14,90.9
20180907,930955,红利低波100,,,,8052.0,13.71,0.17,1414.27,91.7
20180910,930955,红利低波100,,,,7990.79,-61.21,-0.76,1436.27,91.25
20180911,930955,红利低波100,,,,7987.79,-3.01,-0.04,1456.66,92.3
20180912,930955,红利低波100,,,,7974.36,-13.42,-0.17,1324.24,83.93
20180913,930955,红利低波100,,,,8055.83,81.47,1.02,1862.28,120.53
20180914,930955,红利低波100,,,,8060.65,4.82,0.06,1433.96,93.34
20180917,930955,红利低波100,,,,7995.87,-64.79,-0.8,1176.98,75.57
20180918,930955,红利低波100,,,,8107.72,111.85,1.4,1889.62,125.51
20180919,930955,红利低波100,,,,8156.54,48.82,0.6,2323.77,157.39
20180920,930955,红利低波100,,,,8151.61,-4.94,-0.06,1800.14,116.89
20180921,930955,红利低波100,,,,8305.33,153.73,1.89,3399.17,228.03
20180925,930955,红利低波100,,,,8275.54,-29.79,-0.36,1999.7,137.97
20180926,930955,红利低波100,,,,8300.67,25.12,0.3,2808.45,199.16
20180927,930955,红利低波100,,,,8278.37,-22.29,-0.27,2086.39,141.35
20180928,930955,红利低波100,,,,8344.56,66.19,0.8,2455.87,174.84
20181008,930955,红利低波100,,,,8136.18,-208.39,-2.5,2879.38,201.17
20181009,930955,红利低波100,,,,8111.55,-24.62,-0.3,1916.94,131.03
20181010,930955,红利低波100,,,,8142.47,30.92,0.38,1655.51,119.42
20181011,930955,红利低波100,,,,7690.23,-452.24,-5.55,3235.17,210.17
20181012,930955,红利低波100,,,,7702.73,12.5,0.16,2548.67,171.46
20181015,930955,红利低波100,,,,7580.53,-122.21,-1.59,1897.89,126.63
20181016,930955,红利低波100,,,,7500.04,-80.49,-1.06,1838.31,127.12
20181017,930955,红利低波100,,,,7566.33,66.29,0.88,2086.27,142.56
20181018,930955,红利低波100,,,,7424.14,-142.19,-1.88,1986.29,131.97
20181019,930955,红利低波100,,,,7586.62,162.47,2.19,2671.76,177.68
20181022,930955,红利低波100,,,,7889.83,303.21,4.0,3763.86,255.28
20181023,930955,红利低波100,,,,7756.04,-133.79,-1.7,2914.7,195.57
20181024,930955,红利低波100,,,,7814.3,58.26,0.75,3362.83,215.66
20181025,930955,红利低波100,,,,7865.86,51.56,0.66,3012.16,189.32
20181026,930955,红利低波100,,,,7880.75,14.89,0.19,3006.7,188.9
20181029,930955,红利低波100,,,,7790.12,-90.63,-1.15,2868.63,195.16
20181030,930955,红利低波100,,,,7878.74,88.62,1.14,3242.35,212.33
20181031,930955,红利低波100,,,,7934.73,55.99,0.71,3134.78,208.52
20181101,930955,红利低波100,,,,7942.58,7.84,0.1,3371.15,228.96
20181102,930955,红利低波100,,,,8093.88,151.31,1.91,4036.73,286.95
20181105,930955,红利低波100,,,,8090.6,-3.28,-0.04,2954.38,190.46
20181106,930955,红利低波100,,,,8099.43,8.83,0.11,2417.95,157.36
20181107,930955,红利低波100,,,,8054.13,-45.31,-0.56,2333.69,158.93
20181108,930955,红利低波100,,,,8026.78,-27.34,-0.34,2069.66,139.28
20181109,930955,红利低波100,,,,7967.23,-59.55,-0.74,2967.47,202.74
20181112,930955,红利低波100,,,,8105.75,138.52,1.74,2518.43,166.34
20181113,930955,红利低波100,,,,8235.76,130.0,1.6,3357.5,207.57
20181114,930955,红利低波100,,,,8186.78,-48.98,-0.59,3108.76,190.88
20181115,930955,红利低波100,,,,8285.06,98.28,1.2,2668.34,173.67
20181116,930955,红利低波100,,,,8360.23,75.16,0.91,3521.08,228.44
20181119,930955,红利低波100,,,,8417.63,57.4,0.69,3379.65,223.24
20181120,930955,红利低波100,,,,8230.6,-187.03,-2.22,2976.66,190.63
20181121,930955,红利低波100,,,,8248.19,17.58,0.21,2226.21,144.75
20181122,930955,红利低波100,,,,8248.08,-0.1,0.0,1763.1,116.78
20181123,930955,红利低波100,,,,8018.88,-229.2,-2.78,2236.07,142.37
20181126,930955,红利低波100,,,,8026.25,7.37,0.09,1672.84,105.91
20181127,930955,红利低波100,,,,8025.43,-0.82,-0.01,1596.08,103.02
20181128,930955,红利低波100,,,,8102.16,76.73,0.96,1781.21,112.46
20181129,930955,红利低波100,,,,7989.76,-112.39,-1.39,2065.25,133.07
20181130,930955,红利低波100,,,,8051.49,61.73,0.77,2036.65,130.57
20181203,930955,红利低波100,,,,8227.98,176.49,2.19,3281.09,224.99
20181204,930955,红利低波100,,,,8273.34,45.36,0.55,2219.11,146.93
20181205,930955,红利低波100,,,,8206.89,-66.45,-0.8,1901.12,127.44
20181206,930955,红利低波100,,,,8094.98,-111.91,-1.36,1981.61,132.8
20181207,930955,红利低波100,,,,8121.79,26.81,0.33,1393.53,94.83
20181210,930955,红利低波100,,,,8046.1,-75.7,-0.93,1569.95,107.23
20181211,930955,红利低波100,,,,8064.21,18.11,0.23,1296.31,88.36
20181212,930955,红利低波100,,,,8088.14,23.93,0.3,1358.85,94.56
20181213,930955,红利低波100,,,,8185.9,97.76,1.21,2475.62,174.79
20181214,930955,红利低波100,,,,8079.0,-106.9,-1.31,2301.15,155.53
20181217,930955,红利低波100,,,,8123.9,44.9,0.56,1974.55,129.67
20181218,930955,红利低波100,,,,8100.83,-23.07,-0.28,1997.11,133.35
20181219,930955,红利低波100,,,,8059.91,-40.92,-0.51,1766.25,131.29
20181220,930955,红利低波100,,,,8047.43,-12.48,-0.15,2485.87,170.43
20181221,930955,红利低波100,,,,8010.72,-36.71,-0.46,2150.96,147.54
20181224,930955,红利低波100,,,,8059.37,48.65,0.61,1663.08,113.07
20181225,930955,红利低波100,,,,8014.02,-45.35,-0.56,2251.29,146.31
20181226,930955,红利低波100,,,,8052.28,38.27,0.48,1691.64,116.03
20181227,930955,红利低波100,,,,7984.48,-67.8,-0.84,2493.61,166.65
20181228,930955,红利低波100,,,,8035.38,50.9,0.64,2273.23,152.42
20190102,930955,红利低波100,,,,7935.79,-99.59,-1.24,2026.26,130.78
20190103,930955,红利低波100,,,,7931.2,-4.59,-0.06,1852.57,119.64
20190104,930955,红利低波100,,,,8078.67,147.47,1.86,2636.15,179.5
20190107,930955,红利低波100,,,,8147.52,68.85,0.85,2603.33,170.22
20190108,930955,红利低波100,,,,8158.87,11.35,0.14,2015.52,125.93
20190109,930955,红利低波100,,,,8182.1,23.23,0.28,2846.01,198.43
20190110,930955,红利低波100,,,,8150.57,-31.53,-0.39,2108.55,134.07
20190111,930955,红利低波100,,,,8183.53,32.96,0.4,1748.68,115.21
20190114,930955,红利低波100,,,,8150.18,-33.35,-0.41,1706.14,106.31
20190115,930955,红利低波100,,,,8211.0,60.82,0.75,1967.45,132.25
20190116,930955,红利低波100,,,,8212.63,1.64,0.02,1724.58,110.75
20190117,930955,红利低波100,,,,8195.44,-17.19,-0.21,2087.37,131.13
20190118,930955,红利低波100,,,,8259.89,64.45,0.79,3088.75,197.72
20190121,930955,红利低波100,,,,8273.02,13.13,0.16,2609.53,175.5
20190122,930955,红利低波100,,,,8208.66,-64.36,-0.78,1980.19,128.88
20190123,930955,红利低波100,,,,8231.51,22.85,0.28,1780.26,113.67
20190124,930955,红利低波100,,,,8259.89,28.38,0.34,2012.55,137.77
20190125,930955,红利低波100,,,,8269.87,9.99,0.12,2642.32,181.4
20190128,930955,红利低波100,,,,8259.77,-10.11,-0.12,2338.5,165.79
20190129,930955,红利低波100,,,,8243.75,-16.02,-0.19,2250.86,149.69
20190130,930955,红利低波100,,,,8184.91,-58.84,-0.71,1844.39,119.7
20190131,930955,红利低波100,,,,8206.52,21.61,0.26,2553.94,175.59
20190201,930955,红利低波100,,,,8316.62,110.11,1.34,2137.36,146.87
20190211,930955,红利低波100,,,,8419.88,103.25,1.24,2355.29,161.77
20190212,930955,红利低波100,,,,8479.31,59.43,0.71,2479.28,173.69
20190213,930955,红利低波100,,,,8591.74,112.43,1.33,3400.1,242.88
20190214,930955,红利低波100,,,,8574.52,-17.22,-0.2,2523.21,177.37
20190215,930955,红利低波100,,,,8484.54,-89.98,-1.05,2740.46,196.07
20190218,930955,红利低波100,,,,8670.73,186.18,2.19,3580.16,247.71
20190219,930955,红利低波100,,,,8672.3,1.57,0.02,3991.17,277.51
20190220,930955,红利低波100,,,,8678.84,6.54,0.08,2698.05,187.27
20190221,930955,红利低波100,,,,8656.27,-22.56,-0.26,3362.88,245.31
20190222,930955,红利低波100,,,,8811.67,155.39,1.8,4168.2,308.4
20190225,930955,红利低波100,,,,9223.02,411.35,4.67,9477.08,698.83
20190226,930955,红利低波100,,,,9186.48,-36.54,-0.4,8890.51,640.93
20190227,930955,红利低波100,,,,9165.28,-21.2,-0.23,7108.04,505.24
20190228,930955,红利低波100,,,,9115.82,-49.47,-0.54,4448.91,318.82
20190301,930955,红利低波100,,,,9226.9,111.08,1.22,5340.27,400.98
20190304,930955,红利低波100,,,,9334.65,107.76,1.17,9110.91,675.11
20190305,930955,红利低波100,,,,9447.59,112.93,1.21,5890.22,436.12
20190306,930955,红利低波100,,,,9614.02,166.43,1.76,7281.82,542.33
20190307,930955,红利低波100,,,,9697.42,83.4,0.87,8406.44,664.71
20190308,930955,红利低波100,,,,9241.27,-456.15,-4.7,8187.88,627.95
20190311,930955,红利低波100,,,,9459.99,218.72,2.37,6253.01,484.75
20190312,930955,红利低波100,,,,9566.34,106.35,1.12,7492.97,574.96
20190313,930955,红利低波100,,,,9444.55,-121.79,-1.27,6357.61,507.89
20190314,930955,红利低波100,,,,9304.53,-140.02,-1.48,4982.59,397.63
20190315,930955,红利低波100,,,,9440.85,136.32,1.47,5038.78,393.98
20190318,930955,红利低波100,,,,9648.1,207.25,2.2,6161.52,482.05
20190319,930955,红利低波100,,,,9624.97,-23.12,-0.24,4760.22,369.81
20190320,930955,红利低波100,,,,9643.6,18.62,0.19,4815.41,382.13
20190321,930955,红利低波100,,,,9686.48,42.88,0.44,5420.79,426.18
20190322,930955,红利低波100,,,,9741.86,55.39,0.57,5226.58,388.82
20190325,930955,红利低波100,,,,9640.04,-101.83,-1.05,6975.4,486.86
20190326,930955,红利低波100,,,,9469.29,-170.74,-1.77,5885.52,407.68
20190327,930955,红利低波100,,,,9543.89,74.6,0.79,4701.11,351.05
20190328,930955,红利低波100,,,,9407.52,-136.37,-1.43,4317.83,327.05
20190329,930955,红利低波100,,,,9655.75,248.23,2.64,6421.1,528.62
20190401,930955,红利低波100,,,,9913.92,258.16,2.67,8144.11,644.7
20190402,930955,红利低波100,,,,9911.3,-2.61,-0.03,6507.68,513.93
20190403,930955,红利低波100,,,,10075.21,163.91,1.65,7271.97,578.78
20190404,930955,红利低波100,,,,10199.01,123.8,1.23,8138.61,657.43
20190408,930955,红利低波100,,,,10231.47,32.46,0.32,8864.11,700.16
20190409,930955,红利低波100,,,,10196.93,-34.54,-0.34,5761.49,474.56
20190410,930955,红利低波100,,,,10242.39,45.46,0.45,5857.7,509.74
20190411,930955,红利低波100,,,,10101.69,-140.7,-1.37,5315.82,441.66
20190412,930955,红利低波100,,,,10121.35,19.66,0.19,4326.39,342.47
20190415,930955,红利低波100,,,,10054.76,-66.6,-0.66,6627.88,538.69
20190416,930955,红利低波100,,,,10208.71,153.95,1.53,7734.21,611.84
20190417,930955,红利低波100,,,,10261.11,52.41,0.51,6012.19,502.24
20190418,930955,红利低波100,,,,10164.9,-96.21,-0.94,4347.33,347.78
20190419,930955,红利低波100,,,,10211.41,46.51,0.46,4032.94,327.8
20190422,930955,红利低波100,,,,10047.61,-163.8,-1.6,5460.94,457.36
20190423,930955,红利低波100,,,,9974.61,-73.0,-0.73,4603.59,378.19
20190424,930955,红利低波100,,,,9987.71,13.1,0.13,4016.3,329.97
20190425,930955,红利低波100,,,,9733.67,-254.04,-2.54,4481.62,379.28
20190426,930955,红利低波100,,,,9613.27,-120.4,-1.24,4423.32,366.0
20190429,930955,红利低波100,,,,9563.09,-50.18,-0.52,4563.69,362.67
20190430,930955,红利低波100,,,,9670.45,107.37,1.12,3981.97,343.6
20190506,930955,红利低波100,,,,9196.02,-474.43,-4.91,6930.33,542.69
20190507,930955,红利低波100,,,,9267.9,71.88,0.78,4317.57,344.29
20190508,930955,红利低波100,,,,9163.32,-104.59,-1.13,3746.29,288.78
20190509,930955,红利低波100,,,,9057.12,-106.2,-1.16,3311.41,268.07
20190510,930955,红利低波100,,,,9302.91,245.8,2.71,4266.17,341.53
20190513,930955,红利低波100,,,,9243.27,-59.65,-0.64,3155.75,237.42
20190514,930955,红利低波100,,,,9173.18,-70.08,-0.76,3223.43,254.32
20190515,930955,红利低波100,,,,9315.04,141.86,1.55,3342.63,255.18
20190516,930955,红利低波100,,,,9381.14,66.1,0.71,3301.84,243.5
20190517,930955,红利低波100,,,,9159.28,-221.87,-2.37,3406.0,253.98
20190520,930955,红利低波100,,,,9062.59,-96.69,-1.06,3455.3,249.66
20190521,930955,红利低波100,,,,9188.63,126.04,1.39,2847.77,223.44
20190522,930955,红利低波100,,,,9146.02,-42.6,-0.46,2405.18,189.21
20190523,930955,红利低波100,,,,9035.54,-110.48,-1.21,2986.56,216.09
20190524,930955,红利低波100,,,,9038.97,3.43,0.04,2561.19,201.78
20190527,930955,红利低波100,,,,9159.11,120.14,1.33,3197.82,260.95
20190528,930955,红利低波100,,,,9206.91,47.8,0.52,3873.98,324.62
20190529,930955,红利低波100,,,,9171.77,-35.15,-0.38,2532.27,208.64
20190530,930955,红利低波100,,,,9179.14,7.37,0.08,2742.0,222.85
20190531,930955,红利低波100,,,,9185.15,6.02,0.07,2685.14,217.3
20190603,930955,红利低波100,,,,9144.75,-40.4,-0.44,3229.62,254.22
20190604,930955,红利低波100,,,,9079.54,-65.22,-0.71,2662.52,212.83
20190605,930955,红利低波100,,,,9038.07,-41.46,-0.46,2895.3,222.88
20190606,930955,红利低波100,,,,8947.49,-90.58,-1.0,2480.26,198.88
20190610,930955,红利低波100,,,,9011.88,64.38,0.72,2814.61,220.74
20190611,930955,红利低波100,,,,9224.85,212.97,2.36,4084.55,324.89
20190612,930955,红利低波100,,,,9153.66,-71.19,-0.77,3012.62,228.33
20190613,930955,红利低波100,,,,9123.99,-29.67,-0.32,2802.19,207.82
20190614,930955,红利低波100,,,,9019.24,-104.75,-1.15,3117.68,243.57
20190617,930955,红利低波100,,,,9038.67,19.42,0.22,2070.93,143.96
20190618,930955,红利低波100,,,,9037.85,-0.82,-0.01,2103.01,141.94
20190619,930955,红利低波100,,,,9102.63,64.78,0.72,3448.55,240.33
20190620,930955,红利低波100,,,,9231.77,129.14,1.42,4886.98,329.15
20190621,930955,红利低波100,,,,9247.62,15.85,0.17,4191.86,279.54
20190624,930955,红利低波100,,,,9249.15,1.53,0.02,2621.37,180.16
20190625,930955,红利低波100,,,,9172.82,-76.33,-0.83,3963.36,321.69
20190626,930955,红利低波100,,,,9146.59,-26.23,-0.29,2567.18,189.82
20190627,930955,红利低波100,,,,9161.35,14.76,0.16,2810.12,209.31
20190628,930955,红利低波100,,,,9112.52,-48.84,-0.53,2425.31,168.54
20190701,930955,红利低波100,,,,9232.52,120.0,1.32,3629.74,264.53
20190702,930955,红利低波100,,,,9243.4,10.88,0.12,2981.43,224.88
20190703,930955,红利低波100,,,,9250.64,7.24,0.08,2963.28,207.86
20190704,930955,红利低波100,,,,9250.22,-0.42,0.0,2873.84,195.08
20190705,930955,红利低波100,,,,9245.87,-4.35,-0.05,2070.11,146.88
20190708,930955,红利低波100,,,,9048.96,-196.91,-2.13,2992.97,204.33
20190709,930955,红利低波100,,,,9011.82,-37.14,-0.41,1841.14,129.31
20190710,930955,红利低波100,,,,8958.66,-53.17,-0.59,1689.03,123.29
20190711,930955,红利低波100,,,,8952.86,-5.79,-0.06,1799.22,134.29
20190712,930955,红利低波100,,,,8983.23,30.37,0.34,1933.65,143.65
20190715,930955,红利低波100,,,,9014.08,30.85,0.34,2398.23,166.62
20190716,930955,红利低波100,,,,9017.08,3.0,0.03,1623.53,124.08
20190717,930955,红利低波100,,,,8998.12,-18.96,-0.21,1741.22,124.2
20190718,930955,红利低波100,,,,8909.61,-88.51,-0.98,1802.27,127.75
20190719,930955,红利低波100,,,,8971.39,61.78,0.69,2076.55,148.99
20190722,930955,红利低波100,,,,8886.58,-84.81,-0.95,2257.22,156.47
20190723,930955,红利低波100,,,,8929.41,42.84,0.48,1884.56,130.53
20190724,930955,红利低波100,,,,8978.46,49.05,0.55,2251.37,160.59
20190725,930955,红利低波100,,,,8997.35,18.89,0.21,2073.09,163.92
20190726,930955,红利低波100,,,,9025.04,27.69,0.31,2015.95,144.28
20190729,930955,红利低波100,,,,9034.5,9.46,0.1,2046.03,143.95
20190730,930955,红利低波100,,,,9068.28,33.78,0.37,2155.58,155.35
20190731,930955,红利低波100,,,,9032.8,-35.48,-0.39,2072.51,148.46
20190801,930955,红利低波100,,,,8983.93,-48.86,-0.54,2047.66,142.34
20190802,930955,红利低波100,,,,8873.52,-110.42,-1.23,2694.41,187.02
20190805,930955,红利低波100,,,,8748.37,-125.15,-1.41,2943.56,197.22
20190806,930955,红利低波100,,,,8587.94,-160.43,-1.83,3394.06,223.83
20190807,930955,红利低波100,,,,8589.51,1.57,0.02,2316.52,159.55
20190808,930955,红利低波100,,,,8639.71,50.2,0.58,2158.65,151.59
20190809,930955,红利低波100,,,,8591.29,-48.42,-0.56,1932.02,135.09
20190812,930955,红利低波100,,,,8669.68,78.39,0.91,1798.79,128.53
20190813,930955,红利低波100,,,,8622.9,-46.78,-0.54,1829.52,125.35
20190814,930955,红利低波100,,,,8646.97,24.08,0.28,1998.39,149.06
20190815,930955,红利低波100,,,,8634.89,-12.08,-0.14,2034.28,145.45
20190816,930955,红利低波100,,,,8637.56,2.67,0.03,1837.55,134.86
20190819,930955,红利低波100,,,,8782.93,145.37,1.68,3466.55,241.59
20190820,930955,红利低波100,,,,8762.92,-20.01,-0.23,2386.2,167.43
20190821,930955,红利低波100,,,,8741.95,-20.97,-0.24,1640.67,120.32
20190822,930955,红利低波100,,,,8731.29,-10.67,-0.12,1655.09,118.32
20190823,930955,红利低波100,,,,8736.23,4.94,0.06,1857.32,154.31
20190826,930955,红利低波100,,,,8668.41,-67.82,-0.78,2425.18,186.62
20190827,930955,红利低波100,,,,8763.51,95.1,1.1,3194.71,244.84
20190828,930955,红利低波100,,,,8759.89,-3.62,-0.04,2191.42,187.01
20190829,930955,红利低波100,,,,8729.72,-30.17,-0.34,2105.89,161.79
20190830,930955,红利低波100,,,,8675.59,-54.13,-0.62,2147.19,161.64
20190902,930955,红利低波100,,,,8771.63,96.05,1.11,2695.96,189.0
20190903,930955,红利低波100,,,,8776.0,4.37,0.05,2296.69,151.95
20190904,930955,红利低波100,,,,8858.01,82.01,0.93,3306.42,223.97
20190905,930955,红利低波100,,,,8909.15,51.14,0.58,4100.1,283.21
20190906,930955,红利低波100,,,,8932.58,23.44,0.26,2430.21,173.47
20190909,930955,红利低波100,,,,8970.93,38.34,0.43,2898.62,213.88
20190910,930955,红利低波100,,,,8955.89,-15.04,-0.17,2355.33,174.62
20190911,930955,红利低波100,,,,8962.83,6.95,0.08,2710.42,184.14
20190912,930955,红利低波100,,,,8996.43,33.59,0.37,2275.58,164.73
20190916,930955,红利低波100,,,,9008.3,11.87,0.13,2285.59,163.18
20190917,930955,红利低波100,,,,8869.79,-138.51,-1.54,2326.15,162.01
20190918,930955,红利低波100,,,,8881.48,11.69,0.13,1686.67,123.12
20190919,930955,红利低波100,,,,8904.32,22.83,0.26,1556.83,118.29
20190920,930955,红利低波100,,,,8898.19,-6.12,-0.07,2446.68,179.32
20190923,930955,红利低波100,,,,8800.8,-97.39,-1.09,2015.33,149.4
20190924,930955,红利低波100,,,,8813.3,12.49,0.14,1595.46,122.53
20190925,930955,红利低波100,,,,8737.31,-75.98,-0.86,1673.99,128.94
20190926,930955,红利低波100,,,,8727.2,-10.11,-0.12,2535.44,194.57
20190927,930955,红利低波100,,,,8705.49,-21.71,-0.25,2025.66,149.63
20190930,930955,红利低波100,,,,8671.88,-33.61,-0.39,1642.87,118.03
20191008,930955,红利低波100,,,,8723.63,51.75,0.6,2112.5,159.62
20191009,930955,红利低波100,,,,8776.3,52.67,0.6,2368.47,184.32
20191010,930955,红利低波100,,,,8816.84,40.54,0.46,1796.65,128.96
20191011,930955,红利低波100,,,,8872.23,55.39,0.63,2461.79,191.59
20191014,930955,红利低波100,,,,8971.46,99.23,1.12,3933.06,281.62
20191015,930955,红利低波100,,,,8936.8,-34.65,-0.39,2429.19,179.08
20191016,930955,红利低波100,,,,8904.44,-32.36,-0.36,2413.23,177.65
20191017,930955,红利低波100,,,,8873.33,-31.11,-0.35,1708.11,122.85
20191018,930955,红利低波100,,,,8777.99,-95.34,-1.07,2311.75,166.27
20191021,930955,红利低波100,,,,8789.57,11.58,0.13,2060.8,145.67
20191022,930955,红利低波100,,,,8809.81,20.25,0.23,1783.23,125.04
20191023,930955,红利低波100,,,,8785.96,-23.86,-0.27,1947.35,128.82
20191024,930955,红利低波100,,,,8805.06,19.11,0.22,2210.43,154.61
20191025,930955,红利低波100,,,,8831.24,26.18,0.3,2041.81,143.12
20191028,930955,红利低波100,,,,8849.18,17.94,0.2,2246.06,159.36
20191029,930955,红利低波100,,,,8794.58,-54.61,-0.62,1938.14,139.11
20191030,930955,红利低波100,,,,8768.47,-26.11,-0.3,2018.87,156.82
20191031,930955,红利低波100,,,,8726.24,-42.23,-0.48,2175.82,155.9
20191101,930955,红利低波100,,,,8787.23,60.99,0.7,2589.22,205.05
20191104,930955,红利低波100,,,,8808.18,20.95,0.24,2539.86,205.07
20191105,930955,红利低波100,,,,8868.47,60.29,0.68,3326.19,253.45
20191106,930955,红利低波100,,,,8848.71,-19.76,-0.22,2626.21,204.53
20191107,930955,红利低波100,,,,8865.59,16.88,0.19,2118.19,161.19
20191108,930955,红利低波100,,,,8813.07,-52.52,-0.59,2439.35,182.83
20191111,930955,红利低波100,,,,8642.92,-170.15,-1.93,2573.25,178.8
20191112,930955,红利低波100,,,,8655.76,12.84,0.15,1842.44,135.04
20191113,930955,红利低波100,,,,8597.56,-58.2,-0.67,1914.58,139.72
20191114,930955,红利低波100,,,,8583.16,-14.4,-0.17,1866.76,133.69
20191115,930955,红利低波100,,,,8525.41,-57.75,-0.67,1873.7,137.87
20191118,930955,红利低波100,,,,8590.04,64.63,0.76,1997.78,152.35
20191119,930955,红利低波100,,,,8646.5,56.46,0.66,1851.82,135.4
20191120,930955,红利低波100,,,,8595.58,-50.92,-0.59,1871.47,145.12
20191121,930955,红利低波100,,,,8598.76,3.18,0.04,1813.24,124.44
20191122,930955,红利低波100,,,,8593.04,-5.73,-0.07,2239.75,152.29
20191125,930955,红利低波100,,,,8732.56,139.53,1.62,3126.82,206.92
20191126,930955,红利低波100,,,,8707.88,-24.68,-0.28,3148.97,213.27
20191127,930955,红利低波100,,,,8678.15,-29.73,-0.34,1772.51,128.09
20191128,930955,红利低波100,,,,8650.11,-28.05,-0.32,1581.86,109.93
20191129,930955,红利低波100,,,,8653.85,3.74,0.04,1732.33,122.9
20191202,930955,红利低波100,,,,8654.5,0.65,0.01,1645.94,112.92
20191203,930955,红利低波100,,,,8677.23,22.74,0.26,1616.89,114.41
20191204,930955,红利低波100,,,,8654.28,-22.95,-0.26,1559.32,108.56
20191205,930955,红利低波100,,,,8673.24,18.96,0.22,1605.31,115.23
20191206,930955,红利低波100,,,,8686.07,12.83,0.15,1484.6,109.07
20191209,930955,红利低波100,,,,8728.7,42.63,0.49,2129.65,145.59
20191210,930955,红利低波100,,,,8712.06,-16.64,-0.19,1640.48,114.25
20191211,930955,红利低波100,,,,8743.47,31.41,0.36,2090.4,150.77
20191212,930955,红利低波100,,,,8721.84,-21.62,-0.25,1916.39,140.39
20191213,930955,红利低波100,,,,8825.9,104.06,1.19,3096.0,231.45
20191216,930955,红利低波100,,,,8861.12,35.22,0.4,2950.75,269.98
20191217,930955,红利低波100,,,,8941.17,80.06,0.9,4368.52,374.16
20191218,930955,红利低波100,,,,8914.32,-26.86,-0.3,2938.14,258.29
20191219,930955,红利低波100,,,,8940.84,26.53,0.3,2657.64,221.14
20191220,930955,红利低波100,,,,8920.68,-20.16,-0.23,2477.94,211.77
20191223,930955,红利低波100,,,,8805.8,-114.88,-1.29,2579.79,221.55
20191224,930955,红利低波100,,,,8843.68,37.88,0.43,1728.68,158.09
20191225,930955,红利低波100,,,,8823.18,-20.5,-0.23,1663.47,148.74
20191226,930955,红利低波100,,,,8882.56,59.38,0.67,2044.59,176.85
20191227,930955,红利低波100,,,,8901.12,18.56,0.21,3246.48,260.19
20191230,930955,红利低波100,,,,8990.47,89.36,1.0,3621.06,312.03
20191231,930955,红利低波100,,,,9033.82,43.35,0.48,3060.76,257.89
20200102,930955,红利低波100,,,,9138.06,104.23,1.15,4980.8,431.43
20200103,930955,红利低波100,,,,9153.82,15.76,0.17,3373.73,293.81
20200106,930955,红利低波100,,,,9132.14,-21.68,-0.24,4814.66,394.71
20200107,930955,红利低波100,,,,9171.69,39.55,0.43,3723.82,298.5
20200108,930955,红利低波100,,,,9070.81,-100.88,-1.1,3822.03,311.32
20200109,930955,红利低波100,,,,9117.96,47.15,0.52,3198.53,272.98
20200110,930955,红利低波100,,,,9097.12,-20.84,-0.23,2446.99,211.3
20200113,930955,红利低波100,,,,9115.98,18.86,0.21,2772.58,248.39
20200114,930955,红利低波100,,,,9115.08,-0.91,-0.01,2842.89,238.48
20200115,930955,红利低波100,,,,9034.97,-80.11,-0.88,2482.63,228.37
20200116,930955,红利低波100,,,,8984.48,-50.49,-0.56,2742.45,233.81
20200117,930955,红利低波100,,,,8973.55,-10.94,-0.12,2161.18,193.85
20200120,930955,红利低波100,8972.78,8992.86,8943.79,8989.63,16.08,0.18,2405.58,233.58
20200121,930955,红利低波100,8976.81,8978.02,8855.83,8862.81,-126.82,-1.41,3144.64,274.73
20200122,930955,红利低波100,8839.48,8870.34,8747.79,8853.37,-9.44,-0.11,2844.43,255.13
20200123,930955,红利低波100,8809.64,8809.64,8598.97,8636.48,-216.89,-2.45,4098.29,352.21
20200203,930955,红利低波100,7841.99,7984.19,7841.99,7912.72,-723.77,-8.38,6822.14,532.24
20200204,930955,红利低波100,7789.17,8063.76,7789.17,8058.37,145.65,1.84,5395.15,422.25
20200205,930955,红利低波100,8072.26,8199.62,8024.4,8126.26,67.89,0.84,4025.26,323.03
20200206,930955,红利低波100,8162.87,8231.93,8094.07,8213.09,86.83,1.07,3990.59,319.12
20200207,930955,红利低波100,8188.01,8194.81,8109.05,8194.75,-18.34,-0.22,3318.46,268.46
20200210,930955,红利低波100,8164.4,8269.77,8136.36,8265.17,70.41,0.86,3395.88,283.09
20200211,930955,红利低波100,8270.05,8345.08,8243.03,8301.47,36.3,0.44,3536.03,274.24
20200212,930955,红利低波100,8294.21,8336.28,8266.64,8336.28,34.81,0.42,2706.81,208.18
20200213,930955,红利低波100,8329.26,8368.77,8275.46,8276.91,-59.37,-0.71,2940.42,245.92
20200214,930955,红利低波100,8264.24,8321.35,8264.24,8312.55,35.64,0.43,2782.15,231.5
20200217,930955,红利低波100,8305.75,8467.37,8305.75,8467.24,154.69,1.86,3788.02,317.18
20200218,930955,红利低波100,8457.27,8470.43,8397.23,8438.72,-28.51,-0.34,3377.9,287.81
20200219,930955,红利低波100,8428.94,8457.13,8402.96,8414.7,-24.02,-0.28,3190.87,257.0
20200220,930955,红利低波100,8426.04,8522.67,8402.43,8516.86,102.16,1.21,3910.74,311.03
20200221,930955,红利低波100,8506.94,8553.16,8490.23,8522.37,5.51,0.06,3806.8,317.48
20200224,930955,红利低波100,8508.21,8513.81,8427.09,8454.4,-67.98,-0.8,4141.39,348.52
20200225,930955,红利低波100,8345.37,8365.22,8246.27,8353.51,-100.89,-1.19,4457.24,353.11
20200226,930955,红利低波100,8281.92,8481.43,8273.59,8416.94,63.43,0.76,6088.57,470.42
20200227,930955,红利低波100,8429.43,8479.46,8407.98,8433.89,16.95,0.2,4251.68,345.2
20200228,930955,红利低波100,8311.92,8359.3,8210.36,8235.99,-197.89,-2.35,5617.77,433.36
20200302,930955,红利低波100,8274.53,8515.13,8274.53,8504.18,268.19,3.26,5875.75,484.11
20200303,930955,红利低波100,8574.51,8597.69,8485.09,8522.16,17.97,0.21,5610.57,456.76
20200304,930955,红利低波100,8491.11,8595.67,8480.38,8594.76,72.6,0.85,4347.55,358.91
20200305,930955,红利低波100,8632.66,8708.6,8616.32,8701.43,106.67,1.24,5861.37,482.3
20200306,930955,红利低波100,8631.94,8655.42,8594.83,8627.31,-74.12,-0.85,4432.28,353.64
20200309,930955,红利低波100,8519.7,8527.66,8447.32,8460.19,-167.12,-1.94,5971.51,448.5
20200310,930955,红利低波100,8399.84,8592.24,8394.11,8570.35,110.16,1.3,5052.31,385.24
20200311,930955,红利低波100,8565.85,8576.63,8483.26,8483.26,-87.1,-1.02,3749.4,287.66
20200312,930955,红利低波100,8411.64,8414.37,8319.17,8347.56,-135.7,-1.6,3802.28,290.49
20200313,930955,红利低波100,8074.19,8279.77,8046.64,8231.68,-115.88,-1.39,5229.18,398.26
20200316,930955,红利低波100,8273.13,8295.96,8093.59,8099.32,-132.36,-1.61,4660.23,348.16
20200317,930955,红利低波100,8098.56,8182.02,7959.82,8075.93,-23.39,-0.29,4148.33,313.69
20200318,930955,红利低波100,8112.91,8139.38,7956.39,7956.45,-119.47,-1.48,3649.67,281.85
20200319,930955,红利低波100,7930.61,7973.96,7735.28,7842.58,-113.88,-1.43,4538.8,352.75
20200320,930955,红利低波100,7899.28,7975.13,7853.71,7945.26,102.69,1.31,3554.35,284.69
20200323,930955,红利低波100,7815.32,7860.32,7763.49,7773.61,-171.65,-2.16,3139.49,252.89
20200324,930955,红利低波100,7857.0,7939.33,7829.37,7929.13,155.51,2.0,3213.26,255.2
20200325,930955,红利低波100,8048.51,8072.94,7993.14,8052.59,123.46,1.56,3325.34,270.62
20200326,930955,红利低波100,8013.88,8042.8,7985.79,7997.75,-54.84,-0.68,2708.44,212.83
20200327,930955,红利低波100,8059.39,8120.96,8031.34,8050.66,52.91,0.66,3385.68,252.8
20200330,930955,红利低波100,7987.0,8045.15,7957.52,8020.32,-30.34,-0.38,3215.94,237.27
20200331,930955,红利低波100,8066.07,8072.2,7985.6,7997.93,-22.39,-0.28,3129.5,218.7
20200401,930955,红利低波100,7982.3,8028.32,7925.57,7934.01,-63.92,-0.8,2582.5,188.84
20200402,930955,红利低波100,7899.7,8017.49,7884.52,8016.61,82.59,1.04,2737.81,182.1
20200403,930955,红利低波100,8005.36,8009.37,7956.88,7980.93,-35.67,-0.44,2247.04,153.03
20200407,930955,红利低波100,8064.37,8106.57,8049.68,8097.17,116.23,1.46,3265.57,256.37
20200408,930955,红利低波100,8064.67,8100.52,8034.41,8087.47,-9.7,-0.12,2396.19,172.76
20200409,930955,红利低波100,8112.56,8119.04,8091.15,8096.85,9.39,0.12,2026.46,152.06
20200410,930955,红利低波100,8109.01,8111.34,8025.44,8042.69,-54.16,-0.67,2184.88,168.6
20200413,930955,红利低波100,8024.57,8046.06,8007.86,8030.6,-12.1,-0.15,1802.4,137.09
20200414,930955,红利低波100,8043.58,8096.93,8041.0,8096.15,65.55,0.82,2238.2,175.38
20200415,930955,红利低波100,8098.54,8099.31,8045.53,8054.98,-41.17,-0.51,2040.73,156.68
20200416,930955,红利低波100,8022.71,8070.92,8019.99,8070.59,15.62,0.19,2304.25,166.44
20200417,930955,红利低波100,8091.64,8121.24,8075.03,8085.25,14.65,0.18,3080.42,230.66
20200420,930955,红利低波100,8090.12,8097.14,8062.65,8091.32,6.07,0.08,2546.96,195.4
20200421,930955,红利低波100,8074.28,8075.67,7993.67,8032.52,-58.8,-0.73,2539.42,189.76
20200422,930955,红利低波100,8006.22,8063.29,7982.32,8062.31,29.79,0.37,2406.35,170.29
20200423,930955,红利低波100,8072.56,8093.81,8052.3,8060.0,-2.31,-0.03,2680.85,187.03
20200424,930955,红利低波100,8058.89,8063.37,7989.23,8005.28,-54.72,-0.68,2139.54,160.08
20200427,930955,红利低波100,8019.49,8096.77,8019.49,8058.71,53.43,0.67,2535.67,190.43
20200428,930955,红利低波100,8068.63,8071.28,7901.24,8004.7,-54.01,-0.67,2985.89,206.3
20200429,930955,红利低波100,8001.61,8103.91,7999.97,8103.91,99.21,1.24,2974.42,258.05
20200430,930955,红利低波100,8125.12,8200.23,8125.12,8192.63,88.73,1.09,3105.77,249.36
20200506,930955,红利低波100,8113.47,8179.2,8110.9,8172.26,-20.37,-0.25,3570.08,273.49
20200507,930955,红利低波100,8155.32,8165.48,8128.17,8155.92,-16.35,-0.2,2649.19,205.87
20200508,930955,红利低波100,8177.06,8213.8,8166.99,8206.84,50.92,0.62,2753.85,209.35
20200511,930955,红利低波100,8212.58,8237.43,8192.92,8207.52,0.68,0.01,2784.48,213.44
20200512,930955,红利低波100,8213.31,8215.04,8147.26,8170.9,-36.62,-0.45,2318.59,177.39
20200513,930955,红利低波100,8158.25,8190.06,8130.93,8182.01,11.11,0.14,2251.52,169.48
20200514,930955,红利低波100,8159.1,8159.41,8101.93,8105.25,-76.77,-0.94,2126.96,173.64
20200515,930955,红利低波100,8129.76,8141.3,8097.55,8101.93,-3.32,-0.04,1965.3,162.53
20200518,930955,红利低波100,8116.76,8154.7,8079.76,8125.55,23.62,0.29,2282.61,174.76
20200519,930955,红利低波100,8172.92,8183.97,8148.07,8160.48,34.93,0.43,2279.18,171.82
20200520,930955,红利低波100,8159.89,8159.89,8120.35,8136.29,-24.18,-0.3,2092.72,172.65
20200521,930955,红利低波100,8153.72,8156.57,8097.3,8101.83,-34.46,-0.42,2241.01,167.27
20200522,930955,红利低波100,8099.42,8101.07,7987.06,7996.04,-105.8,-1.31,2693.09,202.27
20200525,930955,红利低波100,8007.63,8042.16,7985.93,8036.97,40.94,0.51,2058.14,160.97
20200526,930955,红利低波100,8050.94,8077.36,8037.89,8070.35,33.38,0.42,2006.33,151.05
20200527,930955,红利低波100,8072.98,8122.21,8061.68,8108.08,37.73,0.47,2351.0,171.8
20200528,930955,红利低波100,8101.21,8148.34,8067.13,8112.91,4.82,0.06,2434.55,186.74
20200529,930955,红利低波100,8097.15,8102.09,8063.3,8079.9,-33.01,-0.41,2523.15,184.69
20200601,930955,红利低波100,8106.15,8216.68,8106.15,8215.26,135.36,1.68,2902.16,234.48
20200602,930955,红利低波100,8210.44,8244.82,8194.78,8238.16,22.9,0.28,2837.58,215.49
20200603,930955,红利低波100,8250.98,8278.96,8214.68,8216.69,-21.47,-0.26,2815.59,224.01
20200604,930955,红利低波100,8242.84,8243.01,8186.65,8200.68,-16.01,-0.19,2141.78,177.01
20200605,930955,红利低波100,8212.29,8212.29,8159.78,8199.8,-0.88,-0.01,1957.91,180.05
20200608,930955,红利低波100,8224.37,8233.71,8203.75,8227.12,27.33,0.33,2679.72,250.96
20200609,930955,红利低波100,8236.87,8265.73,8221.37,8265.73,38.6,0.47,2401.37,209.51
20200610,930955,红利低波100,8271.87,8272.15,8221.51,8229.29,-36.44,-0.44,2398.32,205.05
20200611,930955,红利低波100,8230.59,8242.48,8161.42,8167.85,-61.44,-0.75,3001.92,252.49
20200612,930955,红利低波100,8091.14,8190.01,8080.21,8179.68,11.84,0.14,3591.65,270.35
20200615,930955,红利低波100,8136.48,8187.57,8116.01,8122.22,-57.46,-0.7,3516.54,312.36
20200616,930955,红利低波100,8161.38,8220.88,8149.42,8218.65,96.43,1.19,3015.07,252.6
20200617,930955,红利低波100,8213.44,8247.5,8195.52,8241.53,22.88,0.28,2737.26,231.75
20200618,930955,红利低波100,8233.16,8322.08,8220.24,8309.68,68.15,0.83,4193.43,341.26
20200619,930955,红利低波100,8298.95,8332.5,8289.64,8316.23,6.55,0.08,3780.22,348.6
20200622,930955,红利低波100,8307.83,8311.44,8256.21,8256.21,-60.02,-0.72,3580.22,331.78
20200623,930955,红利低波100,8251.56,8251.56,8209.03,8222.57,-33.64,-0.41,2855.96,286.49
20200624,930955,红利低波100,8214.38,8240.72,8206.56,8222.99,0.42,0.01,2860.78,284.34
20200629,930955,红利低波100,8203.6,8207.89,8144.38,8159.72,-63.27,-0.77,3368.68,306.84
20200630,930955,红利低波100,8184.75,8224.25,8182.06,8213.06,53.33,0.65,2852.51,250.37
20200701,930955,红利低波100,8235.32,8357.9,8229.99,8356.03,142.98,1.74,4703.84,462.31
20200702,930955,红利低波100,8361.15,8563.73,8358.01,8561.56,205.52,2.46,6934.11,628.01
20200703,930955,红利低波100,8605.06,8752.47,8605.06,8750.38,188.83,2.21,8229.38,754.88
20200706,930955,红利低波100,8858.72,9336.94,8858.72,9324.76,574.38,6.56,13754.71,1213.82
20200707,930955,红利低波100,9486.04,9583.54,9282.05,9282.05,-42.71,-0.46,13294.85,1208.38
20200708,930955,红利低波100,9245.53,9424.09,9205.02,9395.89,113.85,1.23,10667.66,951.78
20200709,930955,红利低波100,9396.29,9486.23,9315.57,9475.5,79.61,0.85,9848.68,889.68
20200710,930955,红利低波100,9399.3,9411.32,9235.83,9255.7,-219.8,-2.32,9722.87,915.8
20200713,930955,红利低波100,9243.31,9414.05,9189.46,9385.27,129.57,1.4,9651.21,872.97
20200714,930955,红利低波100,9354.5,9420.08,9153.51,9267.3,-117.97,-1.26,8352.73,744.58
20200715,930955,红利低波100,9271.85,9298.42,9022.68,9061.31,-205.99,-2.22,7254.38,660.03
20200716,930955,红利低波100,9056.76,9113.37,8804.33,8804.33,-256.98,-2.84,7947.86,698.35
20200717,930955,红利低波100,8813.35,8867.33,8703.26,8752.15,-52.18,-0.59,5641.46,533.57
20200720,930955,红利低波100,8796.57,9068.6,8794.81,9068.6,316.46,3.62,7183.71,671.02
20200721,930955,红利低波100,9077.03,9103.5,8980.2,9022.9,-45.71,-0.5,5267.23,480.9
20200722,930955,红利低波100,9026.69,9138.56,8965.2,9004.87,-18.03,-0.2,5751.79,532.39
20200723,930955,红利低波100,8931.47,8962.2,8757.45,8909.55,-95.32,-1.06,5697.33,526.71
20200724,930955,红利低波100,8884.62,8920.84,8630.15,8662.49,-247.06,-2.77,6031.98,553.59
20200727,930955,红利低波100,8680.17,8700.68,8577.31,8631.3,-31.19,-0.36,4104.84,389.83
20200728,930955,红利低波100,8672.11,8722.32,8643.55,8680.67,49.37,0.57,3555.21,332.49
20200729,930955,红利低波100,8658.59,8802.75,8612.43,8801.06,120.39,1.39,4225.31,407.03
20200730,930955,红利低波100,8808.59,8842.68,8779.78,8804.43,3.36,0.04,3984.25,376.17
20200731,930955,红利低波100,8784.54,8891.55,8721.97,8820.0,15.58,0.18,4594.22,421.55
20200803,930955,红利低波100,8865.68,8985.59,8865.68,8985.59,165.59,1.88,5291.31,507.34
20200804,930955,红利低波100,9000.46,9071.62,8923.85,9014.72,29.12,0.32,7066.5,702.98
20200805,930955,红利低波100,8983.14,8983.81,8874.41,8938.48,-76.24,-0.84,4529.4,422.52
20200806,930955,红利低波100,8959.18,8989.04,8847.68,8935.88,-2.59,-0.03,4554.69,418.63
20200807,930955,红利低波100,8919.19,8919.19,8787.53,8864.68,-71.2,-0.8,4310.56,391.77
20200810,930955,红利低波100,8860.93,9004.01,8847.12,8977.85,113.17,1.28,5033.35,453.68
20200811,930955,红利低波100,9003.54,9051.39,8903.53,8912.22,-65.63,-0.73,5638.87,520.96
20200812,930955,红利低波100,8903.79,8944.44,8813.46,8944.44,32.22,0.36,5376.53,461.39
20200813,930955,红利低波100,8960.76,9023.55,8959.85,8991.35,46.91,0.52,3998.02,341.19
20200814,930955,红利低波100,8972.46,9030.5,8914.01,9025.05,33.7,0.37,4102.65,369.68
20200817,930955,红利低波100,9054.14,9257.36,9041.43,9216.71,191.66,2.12,8066.13,744.45
20200818,930955,红利低波100,9231.61,9242.36,9182.16,9218.14,1.43,0.01,5091.04,452.87
20200819,930955,红利低波100,9237.59,9290.16,9168.16,9190.06,-28.08,-0.3,5299.99,443.29
20200820,930955,红利低波100,9171.5,9198.07,9066.71,9081.06,-109.0,-1.19,4806.12,395.18
20200821,930955,红利低波100,9100.81,9160.31,9093.86,9138.38,57.32,0.63,3617.58,309.11
20200824,930955,红利低波100,9179.63,9194.47,9128.25,9141.59,3.2,0.03,3541.58,316.05
20200825,930955,红利低波100,9183.1,9205.93,9064.53,9097.51,-44.08,-0.48,3493.5,319.11
20200826,930955,红利低波100,9109.58,9117.41,8975.02,8997.74,-99.77,-1.1,4061.45,353.66
20200827,930955,红利低波100,9015.99,9022.85,8958.88,9013.77,16.03,0.18,3578.56,310.95
20200828,930955,红利低波100,9008.45,9124.77,8979.83,9122.72,108.96,1.21,4563.11,422.81
20200831,930955,红利低波100,9143.61,9179.86,9082.8,9086.71,-36.02,-0.39,5824.44,528.65
20200901,930955,红利低波100,9071.15,9109.16,9041.98,9108.94,22.23,0.24,3923.81,347.44
20200902,930955,红利低波100,9124.83,9130.32,9023.59,9076.45,-32.49,-0.36,4288.95,370.56
20200903,930955,红利低波100,9079.89,9139.41,9035.17,9050.11,-26.34,-0.29,3958.16,360.95
20200904,930955,红利低波100,8957.39,8999.45,8926.86,8983.31,-66.8,-0.74,3345.45,310.61
20200907,930955,红利低波100,8979.51,9036.09,8878.42,8890.69,-92.62,-1.03,3781.42,373.15
20200908,930955,红利低波100,8912.26,9003.52,8905.42,8994.6,103.91,1.17,3791.0,371.68
20200909,930955,红利低波100,8930.15,8994.11,8879.52,8898.25,-96.35,-1.07,4431.69,353.18
20200910,930955,红利低波100,8952.18,8974.58,8825.73,8843.79,-54.46,-0.61,4089.84,345.27
20200911,930955,红利低波100,8820.36,8839.34,8764.28,8829.63,-14.15,-0.16,3191.04,290.24
20200914,930955,红利低波100,8841.98,8855.64,8809.31,8846.13,16.5,0.19,2593.59,224.93
20200915,930955,红利低波100,8844.12,8844.4,8797.32,8833.68,-12.45,-0.14,2296.35,230.4
20200916,930955,红利低波100,8832.54,8884.98,8800.93,8851.27,17.59,0.2,2553.43,199.94
20200917,930955,红利低波100,8841.36,8873.68,8797.53,8834.66,-16.61,-0.19,2397.71,210.94
20200918,930955,红利低波100,8849.1,9015.53,8841.13,9013.99,179.32,2.03,4806.52,460.09
20200921,930955,红利低波100,9022.06,9030.37,8952.08,8969.94,-44.05,-0.49,3213.46,277.37
20200922,930955,红利低波100,8915.97,8947.66,8824.66,8838.67,-131.27,-1.46,2969.62,245.74
20200923,930955,红利低波100,8865.59,8870.93,8807.66,8816.68,-21.99,-0.25,2185.01,172.68
20200924,930955,红利低波100,8784.68,8784.68,8658.94,8664.43,-152.25,-1.73,2861.1,229.19
20200925,930955,红利低波100,8686.09,8701.13,8620.18,8647.24,-17.19,-0.2,2162.65,169.69
20200928,930955,红利低波100,8664.82,8708.54,8656.02,8676.58,29.34,0.34,2319.78,171.02
20200929,930955,红利低波100,8699.95,8735.38,8678.11,8683.09,6.5,0.07,2170.24,189.7
20200930,930955,红利低波100,8696.32,8701.03,8594.02,8633.16,-49.93,-0.57,2577.59,204.65
20201009,930955,红利低波100,8710.73,8786.34,8710.73,8761.34,128.19,1.48,2668.98,215.29
20201012,930955,红利低波100,8784.43,8919.1,8780.43,8908.81,147.46,1.68,4298.04,363.58
20201013,930955,红利低波100,8905.95,8905.95,8850.68,8899.87,-8.94,-0.1,2944.9,235.93
20201014,930955,红利低波100,8890.99,8891.61,8830.98,8853.52,-46.34,-0.52,2716.54,219.53
20201015,930955,红利低波100,8852.35,8919.78,8824.04,8875.51,21.99,0.25,3355.73,299.27
20201016,930955,红利低波100,8873.92,8970.6,8872.69,8952.44,76.93,0.87,4761.81,382.64
20201019,930955,红利低波100,8967.52,9059.3,8887.5,8899.86,-52.58,-0.59,5018.39,415.72
20201020,930955,红利低波100,8887.61,8887.61,8837.54,8884.85,-15.02,-0.17,3005.01,228.18
20201021,930955,红利低波100,8890.71,8904.94,8831.9,8899.67,14.83,0.17,3350.6,266.82
20201022,930955,红利低波100,8882.46,8891.96,8851.87,8884.77,-14.9,-0.17,2884.44,240.09
20201023,930955,红利低波100,8872.26,8917.75,8862.41,8870.02,-14.75,-0.17,3659.33,322.27
20201026,930955,红利低波100,8868.59,8873.57,8791.59,8824.33,-45.69,-0.52,3619.54,283.62
20201027,930955,红利低波100,8804.13,8804.72,8755.93,8788.02,-36.32,-0.41,2876.89,227.75
20201028,930955,红利低波100,8781.71,8785.03,8700.72,8764.06,-23.96,-0.27,3023.54,266.08
20201029,930955,红利低波100,8694.08,8764.3,8682.65,8738.26,-25.8,-0.29,3024.27,253.27
20201030,930955,红利低波100,8743.92,8776.74,8625.17,8632.69,-105.57,-1.21,3639.44,289.09
20201102,930955,红利低波100,8635.99,8670.0,8620.97,8641.38,8.7,0.1,3687.57,292.6
20201103,930955,红利低波100,8673.56,8766.67,8673.56,8753.89,112.51,1.3,3552.75,293.89
20201104,930955,红利低波100,8771.85,8775.72,8696.54,8760.83,6.94,0.08,2922.83,249.92
20201105,930955,红利低波100,8802.72,8865.48,8787.44,8858.11,97.27,1.11,3465.25,276.38
20201106,930955,红利低波100,8859.87,8905.02,8831.65,8893.99,35.88,0.4,3733.79,281.22
20201109,930955,红利低波100,8929.09,9032.66,8929.09,9018.01,124.02,1.39,5242.61,390.4
20201110,930955,红利低波100,9058.19,9089.1,8968.7,8996.69,-21.31,-0.24,4752.89,380.34
20201111,930955,红利低波100,8988.95,9104.88,8978.37,9061.33,64.63,0.72,4918.0,358.43
20201112,930955,红利低波100,9051.9,9053.86,8986.33,9005.49,-55.84,-0.62,3175.91,244.02
20201113,930955,红利低波100,8975.65,8975.65,8873.6,8910.73,-94.76,-1.05,3581.07,289.05
20201116,930955,红利低波100,8943.81,9069.85,8943.81,9069.85,159.12,1.79,4159.32,304.67
20201117,930955,红利低波100,9066.22,9108.85,9047.34,9079.66,9.82,0.11,4106.78,322.8
20201118,930955,红利低波100,9074.4,9162.34,9065.47,9112.25,32.58,0.36,5044.6,427.34
20201119,930955,红利低波100,9103.74,9140.22,9060.76,9097.46,-14.79,-0.16,3733.88,297.93
20201120,930955,红利低波100,9087.1,9146.73,9055.21,9142.19,44.73,0.49,3573.24,265.79
20201123,930955,红利低波100,9152.85,9336.04,9149.07,9288.67,146.49,1.6,6862.66,498.82
20201124,930955,红利低波100,9274.92,9291.13,9241.67,9268.3,-20.38,-0.22,4491.68,330.35
20201125,930955,红利低波100,9316.47,9340.53,9182.17,9182.24,-86.06,-0.93,4923.78,409.32
20201126,930955,红利低波100,9184.7,9222.75,9156.49,9216.36,34.12,0.37,4116.12,343.95
20201127,930955,红利低波100,9224.87,9305.2,9174.13,9305.03,88.67,0.96,6500.79,456.51
20201130,930955,红利低波100,9324.49,9477.18,9246.83,9246.83,-58.2,-0.63,10136.11,808.28
20201201,930955,红利低波100,9251.94,9391.86,9221.44,9375.02,128.19,1.39,6343.73,497.03
20201202,930955,红利低波100,9381.26,9440.91,9321.75,9390.1,15.09,0.16,5154.48,401.3
20201203,930955,红利低波100,9383.13,9383.13,9285.56,9304.78,-85.32,-0.91,4892.7,363.97
20201204,930955,红利低波100,9298.63,9298.63,9189.52,9256.01,-48.77,-0.52,4045.7,309.81
20201207,930955,红利低波100,9256.64,9267.14,9135.83,9141.71,-114.31,-1.23,4329.9,346.94
20201208,930955,红利低波100,9140.83,9164.97,9081.56,9088.95,-52.75,-0.58,3560.19,306.36
20201209,930955,红利低波100,9107.25,9151.41,9046.93,9046.93,-42.02,-0.46,3617.32,282.53
20201210,930955,红利低波100,9052.03,9079.67,9039.59,9062.05,15.11,0.17,3684.79,263.02
20201211,930955,红利低波100,9098.63,9116.53,8933.32,8993.94,-68.11,-0.75,4901.3,365.86
20201214,930955,红利低波100,8950.97,8950.97,8868.75,8899.67,-94.27,-1.05,3850.15,320.02
20201215,930955,红利低波100,8893.05,8893.21,8822.58,8884.23,-15.45,-0.17,3556.75,291.77
20201216,930955,红利低波100,8890.32,8916.45,8851.07,8863.29,-20.93,-0.24,2954.57,237.69
20201217,930955,红利低波100,8856.02,8978.47,8815.72,8970.3,107.0,1.21,3846.29,317.89
20201218,930955,红利低波100,8998.99,9090.14,8996.91,9047.36,77.06,0.86,4404.65,337.84
20201221,930955,红利低波100,9068.74,9095.55,8992.32,9059.67,12.31,0.14,4087.08,328.22
20201222,930955,红利低波100,9027.28,9027.28,8830.36,8840.24,-219.43,-2.42,4772.12,400.97
20201223,930955,红利低波100,8835.29,8901.09,8832.3,8859.6,19.36,0.22,3565.36,291.65
20201224,930955,红利低波100,8871.27,8878.17,8771.91,8803.95,-55.65,-0.63,2810.13,236.48
20201225,930955,红利低波100,8796.48,8941.14,8776.51,8897.08,93.13,1.06,3371.02,272.75
20201228,930955,红利低波100,8898.49,8920.76,8822.53,8850.29,-46.79,-0.53,3774.72,317.43
20201229,930955,红利低波100,8853.19,8867.5,8785.63,8794.14,-56.15,-0.63,3424.77,284.98
20201230,930955,红利低波100,8783.73,8854.24,8772.79,8819.99,25.85,0.29,3422.35,289.05
20201231,930955,红利低波100,8815.67,8875.23,8801.5,8855.0,35.02,0.4,4162.53,361.37
20210104,930955,红利低波100,8839.26,8887.86,8795.83,8866.5,11.49,0.13,5282.15,498.56
20210105,930955,红利低波100,8846.52,8846.52,8728.29,8816.07,-50.43,-0.57,5575.94,499.41
20210106,930955,红利低波100,8806.4,8862.61,8796.54,8862.34,46.27,0.52,5410.57,473.0
20210107,930955,红利低波100,8870.53,8914.36,8811.48,8879.03,16.7,0.19,6454.42,543.06
20210108,930955,红利低波100,8868.54,8927.82,8831.61,8913.13,34.09,0.38,5456.85,500.77
20210111,930955,红利低波100,8896.52,8899.09,8743.24,8755.87,-157.26,-1.76,6277.6,563.65
20210112,930955,红利低波100,8742.68,8845.41,8739.37,8844.73,88.85,1.01,5380.27,503.87
20210113,930955,红利低波100,8830.01,8941.38,8787.21,8914.26,69.53,0.79,7347.89,601.67
20210114,930955,红利低波100,8894.71,9011.15,8871.01,8944.26,30.0,0.34,7685.06,642.84
20210115,930955,红利低波100,8963.88,9043.17,8945.97,8964.42,20.16,0.22,8585.73,800.28
20210118,930955,红利低波100,8955.78,9012.84,8948.63,8997.4,32.98,0.37,6094.55,594.87
20210119,930955,红利低波100,8989.23,9058.96,8937.02,9011.69,14.29,0.16,6209.95,568.76
20210120,930955,红利低波100,9007.52,9033.29,8958.77,8989.52,-22.17,-0.25,5075.23,489.52
20210121,930955,红利低波100,8985.82,9042.52,8961.46,9000.09,10.56,0.12,4838.67,475.97
20210122,930955,红利低波100,8989.94,8989.94,8860.14,8863.19,-136.9,-1.52,4892.08,471.48
20210125,930955,红利低波100,8846.74,8846.8,8765.0,8784.54,-78.65,-0.89,4607.34,453.93
20210126,930955,红利低波100,8770.12,8834.11,8742.42,8757.76,-26.78,-0.3,3813.76,369.42
20210127,930955,红利低波100,8754.11,8861.58,8754.11,8784.18,26.42,0.3,4466.37,388.61
20210128,930955,红利低波100,8733.09,8733.09,8658.54,8677.56,-106.62,-1.21,4338.84,405.43
20210129,930955,红利低波100,8688.07,8701.17,8556.96,8601.97,-75.58,-0.87,4611.58,432.71
20210201,930955,红利低波100,8593.26,8654.69,8559.78,8649.57,47.6,0.55,4388.84,401.17
20210202,930955,红利低波100,8650.06,8668.93,8588.18,8601.9,-47.67,-0.55,4203.26,400.9
20210203,930955,红利低波100,8595.64,8598.03,8510.68,8563.08,-38.82,-0.45,4249.38,426.91
20210204,930955,红利低波100,8547.85,8561.77,8474.83,8532.04,-31.04,-0.36,4649.46,466.14
20210205,930955,红利低波100,8523.04,8616.42,8513.91,8576.95,44.91,0.53,6386.28,535.43
20210208,930955,红利低波100,8584.94,8666.48,8560.29,8643.24,66.29,0.77,4944.91,443.34
20210209,930955,红利低波100,8638.88,8705.51,8624.06,8700.53,57.29,0.66,4519.6,400.38
20210210,930955,红利低波100,8704.39,8762.91,8693.1,8750.84,50.3,0.58,5476.87,471.03
20210218,930955,红利低波100,8888.98,8989.67,8888.98,8977.19,226.35,2.59,7474.9,649.87
20210219,930955,红利低波100,8955.97,9150.77,8945.05,9147.22,170.02,1.89,6833.23,592.71
20210222,930955,红利低波100,9170.88,9424.27,9170.88,9281.91,134.69,1.47,10053.51,781.21
20210223,930955,红利低波100,9265.05,9325.51,9220.76,9241.05,-40.86,-0.44,8097.05,647.4
20210224,930955,红利低波100,9242.08,9263.66,9082.85,9142.1,-98.95,-1.07,6898.54,581.39
20210225,930955,红利低波100,9229.51,9327.77,9204.36,9272.48,130.38,1.43,7940.3,756.29
20210226,930955,红利低波100,9142.92,9199.2,9083.77,9089.4,-183.09,-1.97,7154.06,685.83
20210301,930955,红利低波100,9117.96,9205.29,9094.73,9200.23,110.84,1.22,5422.39,485.42
20210302,930955,红利低波100,9218.9,9240.33,9079.21,9129.78,-70.45,-0.76,5790.76,515.81
20210303,930955,红利低波100,9144.03,9390.36,9144.03,9386.18,256.4,2.81,7516.98,668.07
20210304,930955,红利低波100,9357.5,9462.34,9343.12,9401.55,15.37,0.16,7673.2,629.98
20210305,930955,红利低波100,9315.84,9368.2,9237.43,9300.17,-101.39,-1.08,6669.05,540.0
20210308,930955,红利低波100,9365.88,9449.41,9302.89,9306.44,6.28,0.07,7249.67,580.46
20210309,930955,红利低波100,9296.51,9426.78,9167.41,9297.5,-8.94,-0.1,7895.78,631.43
20210310,930955,红利低波100,9279.97,9331.96,9196.27,9203.69,-93.81,-1.01,5673.59,450.33
20210311,930955,红利低波100,9228.48,9438.96,9228.48,9435.39,231.7,2.52,6564.81,537.53
20210312,930955,红利低波100,9451.87,9596.19,9405.62,9564.04,128.65,1.36,8015.7,628.6
20210315,930955,红利低波100,9575.4,9694.74,9575.4,9669.96,105.92,1.11,7649.17,569.54
20210316,930955,红利低波100,9651.58,9714.09,9607.3,9710.2,40.24,0.42,5661.39,450.13
20210317,930955,红利低波100,9685.74,9685.74,9558.64,9610.64,-99.56,-1.03,4978.02,435.07
20210318,930955,红利低波100,9603.09,9658.15,9596.06,9607.67,-2.97,-0.03,4401.62,366.16
20210319,930955,红利低波100,9545.82,9603.54,9494.91,9539.71,-67.96,-0.71,6119.53,481.27
20210322,930955,红利低波100,9548.29,9671.71,9548.29,9666.42,126.71,1.33,5379.85,398.48
20210323,930955,红利低波100,9660.2,9660.32,9517.51,9558.47,-107.95,-1.12,4683.8,359.02
20210324,930955,红利低波100,9516.37,9546.61,9445.2,9471.71,-86.76,-0.91,4679.23,366.15
20210325,930955,红利低波100,9485.69,9514.38,9413.51,9430.39,-41.32,-0.44,3894.81,289.82
20210326,930955,红利低波100,9441.81,9524.54,9441.81,9493.31,62.92,0.67,4351.06,321.54
20210329,930955,红利低波100,9526.05,9585.89,9487.84,9573.5,80.19,0.84,5553.57,427.68
20210330,930955,红利低波100,9555.19,9568.63,9490.07,9565.92,-7.58,-0.08,4478.61,350.28
20210331,930955,红利低波100,9547.74,9625.53,9535.1,9623.08,57.16,0.6,6001.26,430.25
20210401,930955,红利低波100,9617.26,9664.33,9562.82,9648.94,25.86,0.27,4864.23,326.01
20210402,930955,红利低波100,9644.86,9645.85,9568.0,9577.8,-71.14,-0.74,4342.16,313.61
20210406,930955,红利低波100,9587.35,9627.83,9583.27,9592.93,15.12,0.16,3337.38,253.01
20210407,930955,红利低波100,9587.37,9682.96,9556.64,9680.52,87.6,0.91,4452.61,322.82
20210408,930955,红利低波100,9671.66,9693.33,9618.37,9639.63,-40.9,-0.42,4183.93,301.28
20210409,930955,红利低波100,9651.25,9666.6,9600.87,9659.3,19.68,0.2,3810.98,299.06
20210412,930955,红利低波100,9640.08,9737.02,9623.8,9717.0,57.7,0.6,4916.76,359.2
20210413,930955,红利低波100,9696.11,9698.99,9592.52,9608.97,-108.03,-1.11,4234.63,322.92
20210414,930955,红利低波100,9579.08,9632.91,9567.85,9611.9,2.93,0.03,3696.81,287.78
20210415,930955,红利低波100,9608.85,9618.08,9565.15,9599.07,-12.83,-0.13,3563.31,331.55
20210416,930955,红利低波100,9610.16,9705.99,9592.62,9699.34,100.27,1.04,3500.11,278.73
20210419,930955,红利低波100,9687.87,9731.33,9673.22,9686.31,-13.03,-0.13,4131.47,333.46
20210420,930955,红利低波100,9668.0,9698.54,9653.01,9661.42,-24.89,-0.26,3608.38,291.38
20210421,930955,红利低波100,9638.14,9638.64,9585.79,9618.1,-43.33,-0.45,3592.6,281.36
20210422,930955,红利低波100,9640.79,9711.58,9633.75,9647.64,29.54,0.31,4141.45,310.72
20210423,930955,红利低波100,9635.27,9636.0,9573.6,9618.19,-29.45,-0.31,3882.14,338.45
20210426,930955,红利低波100,9633.94,9672.37,9541.54,9542.26,-75.93,-0.79,4051.63,364.54
20210427,930955,红利低波100,9546.09,9562.68,9478.11,9530.08,-12.18,-0.13,3200.37,270.25
20210428,930955,红利低波100,9511.54,9558.31,9478.24,9553.07,22.99,0.24,3311.53,271.07
20210429,930955,红利低波100,9567.2,9601.54,9517.87,9595.3,42.23,0.44,4237.73,325.34
20210430,930955,红利低波100,9577.94,9588.73,9452.32,9497.45,-97.85,-1.02,5587.09,416.57
20210506,930955,红利低波100,9537.84,9641.04,9537.84,9616.6,119.15,1.25,4783.4,386.1
20210507,930955,红利低波100,9642.79,9748.89,9629.59,9687.34,70.74,0.73,5592.16,425.09
20210510,930955,红利低波100,9744.63,9773.7,9685.12,9771.1,83.76,0.86,5297.4,406.33
20210511,930955,红利低波100,9716.8,9771.19,9635.25,9765.1,-6.0,-0.06,4589.17,350.08
20210512,930955,红利低波100,9753.12,9806.67,9730.0,9797.5,32.4,0.33,4282.34,336.96
20210513,930955,红利低波100,9727.21,9769.16,9663.59,9684.83,-112.67,-1.15,4127.54,318.8
20210514,930955,红利低波100,9707.59,9721.68,9667.91,9702.15,17.32,0.18,4339.58,356.35
20210517,930955,红利低波100,9688.9,9721.51,9644.58,9669.11,-33.04,-0.34,4179.79,337.89
20210518,930955,红利低波100,9692.55,9730.17,9659.82,9722.12,53.01,0.55,3297.43,251.1
20210519,930955,红利低波100,9695.11,9695.11,9583.85,9601.24,-120.89,-1.24,3665.38,298.97
20210520,930955,红利低波100,9515.21,9516.2,9430.83,9493.08,-108.16,-1.13,4153.93,315.78
20210521,930955,红利低波100,9490.16,9534.91,9472.78,9497.92,4.84,0.05,3320.49,256.07
20210524,930955,红利低波100,9478.19,9542.91,9463.36,9503.05,5.13,0.05,3364.75,256.2
20210525,930955,红利低波100,9517.49,9607.67,9459.24,9594.9,91.85,0.97,5197.6,450.79
20210526,930955,红利低波100,9586.82,9663.51,9563.25,9635.9,41.0,0.43,4572.76,383.74
20210527,930955,红利低波100,9626.7,9655.48,9614.12,9646.83,10.93,0.11,4016.19,327.8
20210528,930955,红利低波100,9690.93,9708.96,9616.04,9637.62,-9.21,-0.09,4019.45,312.57
20210531,930955,红利低波100,9657.73,9657.77,9597.75,9635.47,-2.15,-0.02,4274.71,340.68
20210601,930955,红利低波100,9622.82,9635.85,9543.85,9629.09,-6.37,-0.07,4368.97,344.21
20210602,930955,红利低波100,9616.83,9634.52,9586.32,9617.36,-11.74,-0.12,4462.97,338.6
20210603,930955,红利低波100,9629.35,9761.21,9624.56,9691.51,74.15,0.77,5056.44,369.53
20210604,930955,红利低波100,9657.44,9676.93,9601.69,9632.46,-59.05,-0.61,4418.84,345.31
20210607,930955,红利低波100,9616.39,9623.06,9577.32,9590.64,-41.81,-0.43,3968.9,299.41
20210608,930955,红利低波100,9591.88,9621.55,9564.71,9603.31,12.67,0.13,3927.91,294.48
20210609,930955,红利低波100,9603.36,9686.24,9586.22,9660.9,57.59,0.6,4262.11,323.31
20210610,930955,红利低波100,9657.23,9740.76,9648.96,9677.13,16.23,0.17,4452.31,347.1
20210611,930955,红利低波100,9709.56,9755.28,9705.49,9709.69,32.56,0.34,5482.5,424.15
20210615,930955,红利低波100,9720.03,9724.7,9613.56,9622.04,-87.66,-0.9,4395.2,400.55
20210616,930955,红利低波100,9629.49,9665.6,9597.23,9621.63,-0.41,0.0,3562.63,297.53
20210617,930955,红利低波100,9601.9,9615.79,9569.77,9571.98,-49.65,-0.52,3264.96,268.61
20210618,930955,红利低波100,9553.2,9556.12,9493.88,9511.94,-60.04,-0.63,3214.21,300.14
20210621,930955,红利低波100,9515.83,9518.96,9483.97,9497.65,-14.3,-0.15,3335.56,340.27
20210622,930955,红利低波100,9522.78,9570.98,9518.08,9558.87,61.22,0.64,3571.55,340.18
20210623,930955,红利低波100,9561.14,9590.85,9539.71,9582.05,23.18,0.24,3304.83,319.76
20210624,930955,红利低波100,9584.23,9631.15,9559.2,9610.9,28.85,0.3,3167.56,271.63
20210625,930955,红利低波100,9563.59,9622.34,9550.69,9616.09,5.19,0.05,3213.12,279.6
20210628,930955,红利低波100,9612.13,9630.73,9596.14,9606.92,-9.17,-0.09,3197.51,288.07
20210629,930955,红利低波100,9605.26,9605.26,9553.46,9554.07,-52.85,-0.55,3287.59,292.27
20210630,930955,红利低波100,9549.13,9575.58,9538.01,9560.84,6.77,0.07,3146.45,255.64
20210701,930955,红利低波100,9563.99,9649.78,9545.29,9591.09,30.25,0.32,3604.28,328.26
20210702,930955,红利低波100,9579.35,9602.8,9534.89,9552.45,-38.64,-0.4,4182.0,361.31
20210705,930955,红利低波100,9546.89,9564.37,9512.18,9543.94,-8.51,-0.09,3859.97,314.43
20210706,930955,红利低波100,9530.11,9591.48,9516.19,9589.76,45.82,0.48,3777.04,305.8
20210707,930955,红利低波100,9541.73,9551.15,9495.79,9522.47,-67.29,-0.7,3105.01,251.92
20210708,930955,红利低波100,9504.54,9504.61,9387.69,9391.88,-130.59,-1.37,3958.98,329.87
20210709,930955,红利低波100,9365.56,9401.63,9357.5,9399.04,7.16,0.08,3433.09,279.85
20210712,930955,红利低波100,9436.21,9436.31,9354.49,9355.85,-43.18,-0.46,4273.56,341.25
20210713,930955,红利低波100,9341.21,9385.76,9314.97,9379.92,24.07,0.26,3953.27,294.48
20210714,930955,红利低波100,9367.3,9367.3,9286.05,9291.11,-88.81,-0.95,4254.28,346.67
20210715,930955,红利低波100,9269.78,9316.02,9236.68,9295.83,4.72,0.05,3699.61,316.99
20210716,930955,红利低波100,9277.98,9308.23,9268.65,9273.19,-22.63,-0.24,3519.66,297.64
20210719,930955,红利低波100,9255.83,9258.63,9185.4,9216.77,-56.42,-0.61,3760.09,316.07
20210720,930955,红利低波100,9171.68,9196.7,9144.13,9185.36,-31.42,-0.34,3185.84,249.77
20210721,930955,红利低波100,9193.56,9216.31,9145.94,9166.4,-18.96,-0.21,3334.25,277.32
20210722,930955,红利低波100,9167.63,9233.34,9158.24,9216.77,50.37,0.55,3358.25,275.84
20210723,930955,红利低波100,9203.78,9208.23,9145.63,9152.44,-64.34,-0.7,3538.17,281.87
20210726,930955,红利低波100,9148.09,9148.2,8954.77,8975.2,-177.23,-1.94,4417.19,380.22
20210727,930955,红利低波100,8980.99,9006.29,8818.06,8822.02,-153.18,-1.71,4470.41,367.23
20210728,930955,红利低波100,8800.32,8831.72,8733.74,8793.67,-28.35,-0.32,4273.04,328.08
20210729,930955,红利低波100,8828.76,8838.99,8760.38,8771.85,-21.82,-0.25,3395.49,268.36
20210730,930955,红利低波100,8762.82,8808.9,8715.52,8788.59,16.74,0.19,3519.65,266.64
20210802,930955,红利低波100,8765.78,8872.76,8684.12,8848.77,60.18,0.68,4502.27,366.45
20210803,930955,红利低波100,8825.28,8878.38,8815.49,8847.44,-1.33,-0.01,3717.79,304.31
20210804,930955,红利低波100,8849.23,8856.93,8817.6,8841.88,-5.56,-0.06,2854.47,244.53
20210805,930955,红利低波100,8843.19,8902.76,8834.17,8847.72,5.84,0.07,3297.81,289.7
20210806,930955,红利低波100,8845.92,8866.58,8803.68,8863.81,16.09,0.18,3014.32,245.98
20210809,930955,红利低波100,8846.28,8995.59,8839.84,8965.68,101.87,1.15,4183.93,374.61
20210810,930955,红利低波100,8954.16,9000.83,8923.1,9000.76,35.08,0.39,3470.63,305.41
20210811,930955,红利低波100,9006.12,9105.13,9005.64,9070.45,69.69,0.77,4584.66,389.83
20210812,930955,红利低波100,9068.95,9075.56,9044.82,9049.17,-21.28,-0.23,3028.89,276.68
20210813,930955,红利低波100,9042.5,9061.96,9010.13,9037.07,-12.1,-0.13,2843.52,240.72
20210816,930955,红利低波100,9046.62,9137.72,9046.62,9108.29,71.22,0.79,3465.48,290.83
20210817,930955,红利低波100,9101.04,9152.68,9009.89,9015.98,-92.31,-1.01,4394.36,359.54
20210818,930955,红利低波100,9013.05,9121.1,9004.46,9118.13,102.15,1.13,4518.22,370.32
20210819,930955,红利低波100,9088.95,9091.6,9007.0,9035.79,-82.34,-0.9,3817.58,328.18
20210820,930955,红利低波100,9027.76,9052.53,8985.39,9050.01,14.22,0.16,3903.4,326.84
20210823,930955,红利低波100,9054.7,9095.36,9054.7,9066.62,16.61,0.18,3736.99,307.19
20210824,930955,红利低波100,9076.25,9138.04,9068.97,9129.18,62.56,0.69,4170.91,368.61
20210825,930955,红利低波100,9142.2,9182.72,9103.01,9178.21,49.03,0.54,4161.32,335.01
20210826,930955,红利低波100,9177.8,9201.07,9158.97,9166.07,-12.14,-0.13,4275.46,347.21
20210827,930955,红利低波100,9159.78,9180.52,9132.34,9177.01,10.93,0.12,3845.56,311.56
20210830,930955,红利低波100,9191.17,9197.88,9137.08,9160.51,-16.5,-0.18,5203.46,430.88
20210831,930955,红利低波100,9157.27,9295.31,9157.27,9295.31,134.8,1.47,5747.24,484.81
20210901,930955,红利低波100,9303.77,9444.13,9302.37,9419.18,123.86,1.33,8812.16,705.5
20210902,930955,红利低波100,9412.44,9544.34,9391.6,9540.83,121.66,1.29,7156.2,552.73
20210903,930955,红利低波100,9599.1,9666.62,9562.67,9607.84,67.01,0.7,7491.14,560.55
20210906,930955,红利低波100,9647.24,9732.66,9645.42,9716.67,108.83,1.13,7317.3,569.58
20210907,930955,红利低波100,9751.35,9861.01,9729.2,9853.19,136.52,1.4,7403.71,556.44
20210908,930955,红利低波100,9873.76,10000.21,9867.8,9991.56,138.37,1.4,7320.04,543.47
20210909,930955,红利低波100,10024.77,10184.01,9980.12,10156.22,164.66,1.65,8853.95,663.85
20210910,930955,红利低波100,10159.79,10262.27,10056.37,10060.81,-95.41,-0.94,9098.21,706.46
20210913,930955,红利低波100,10064.16,10203.92,10060.05,10198.77,137.97,1.37,6227.18,548.91
20210914,930955,红利低波100,10216.32,10216.32,9959.65,9976.09,-222.68,-2.18,7246.34,590.9
20210915,930955,红利低波100,9945.95,10026.76,9924.46,9968.3,-7.8,-0.08,5413.72,468.12
20210916,930955,红利低波100,9989.98,10064.28,9855.91,9860.61,-107.69,-1.08,5814.77,477.95
20210917,930955,红利低波100,9860.09,9921.63,9741.05,9835.72,-24.89,-0.25,5257.32,440.76
20210922,930955,红利低波100,9727.37,9999.64,9719.36,9996.98,161.26,1.64,6307.29,501.32
20210923,930955,红利低波100,10090.48,10242.53,10090.48,10143.86,146.88,1.47,6483.88,553.71
20210924,930955,红利低波100,10167.46,10169.46,9953.9,9964.98,-178.88,-1.76,5414.61,472.22
20210927,930955,红利低波100,9987.18,10005.88,9691.22,9731.37,-233.61,-2.34,6502.64,537.43
20210928,930955,红利低波100,9737.47,9942.41,9737.47,9923.78,192.41,1.98,5816.6,488.97
20210929,930955,红利低波100,9852.84,9898.17,9714.49,9759.31,-164.48,-1.66,6430.59,517.28
20210930,930955,红利低波100,9756.0,9805.16,9668.15,9778.89,19.58,0.2,5003.4,412.37
20211008,930955,红利低波100,9866.16,9904.4,9807.88,9871.76,92.87,0.95,5482.9,515.34
20211011,930955,红利低波100,9896.85,9925.81,9812.64,9837.0,-34.76,-0.35,4821.54,435.6
20211012,930955,红利低波100,9802.51,9837.34,9643.36,9707.37,-129.63,-1.32,4684.88,397.95
20211013,930955,红利低波100,9697.23,9697.91,9521.39,9612.66,-94.71,-0.97,3876.84,315.42
20211014,930955,红利低波100,9608.7,9608.85,9551.66,9562.75,-49.92,-0.52,2854.3,234.15
20211015,930955,红利低波100,9566.78,9566.78,9492.32,9504.34,-58.4,-0.61,3723.68,300.09
20211018,930955,红利低波100,9501.92,9578.37,9473.11,9568.27,63.93,0.67,3702.29,322.97
20211019,930955,红利低波100,9550.7,9610.16,9530.29,9587.4,19.12,0.2,3478.45,315.47
20211020,930955,红利低波100,9574.04,9592.6,9546.98,9567.75,-19.65,-0.2,3348.24,301.12
20211021,930955,红利低波100,9578.43,9636.33,9564.85,9596.04,28.29,0.29,4101.42,432.7
20211022,930955,红利低波100,9599.71,9648.35,9506.48,9519.43,-76.61,-0.8,3930.32,385.86
20211025,930955,红利低波100,9484.62,9523.47,9429.1,9507.76,-11.68,-0.12,3594.11,353.72
20211026,930955,红利低波100,9504.72,9520.21,9426.16,9435.69,-72.06,-0.76,3375.03,305.26
20211027,930955,红利低波100,9420.26,9420.26,9321.36,9343.06,-92.63,-0.98,3733.35,340.48
20211028,930955,红利低波100,9323.53,9328.76,9233.36,9255.19,-87.87,-0.94,3949.15,340.86
20211029,930955,红利低波100,9246.82,9288.64,9179.84,9280.8,25.61,0.28,4123.38,398.85
20211101,930955,红利低波100,9271.27,9346.92,9230.35,9330.45,49.65,0.53,4458.43,347.93
20211102,930955,红利低波100,9332.25,9332.25,9103.38,9161.12,-169.34,-1.81,4944.79,389.46
20211103,930955,红利低波100,9159.41,9248.53,9147.48,9227.76,66.65,0.73,3168.89,260.1
20211104,930955,红利低波100,9236.75,9250.21,9185.02,9244.18,16.42,0.18,3037.68,250.93
20211105,930955,红利低波100,9231.57,9231.57,9139.6,9145.85,-98.33,-1.06,3110.1,246.19
20211108,930955,红利低波100,9158.12,9161.09,9116.61,9136.99,-8.86,-0.1,2784.37,233.16
20211109,930955,红利低波100,9152.68,9173.6,9119.86,9136.71,-0.28,0.0,2488.73,212.78
20211110,930955,红利低波100,9130.87,9144.77,9030.82,9137.02,0.31,0.0,3336.18,306.05
20211111,930955,红利低波100,9135.85,9316.57,9129.14,9314.23,177.2,1.94,4389.55,436.61
20211112,930955,红利低波100,9317.26,9328.82,9257.49,9306.9,-7.32,-0.08,3299.33,313.03
20211115,930955,红利低波100,9323.0,9353.21,9296.78,9352.94,46.03,0.49,2934.87,264.63
20211116,930955,红利低波100,9352.0,9373.17,9291.15,9298.25,-54.69,-0.58,2914.25,259.0
20211117,930955,红利低波100,9288.58,9317.34,9272.33,9303.57,5.32,0.06,2462.77,216.81
20211118,930955,红利低波100,9294.8,9305.16,9259.24,9262.75,-40.82,-0.44,2571.97,216.01
20211119,930955,红利低波100,9254.55,9365.94,9244.3,9359.25,96.5,1.04,3380.85,282.94
20211122,930955,红利低波100,9349.27,9362.35,9301.44,9322.41,-36.84,-0.39,3096.46,250.95
20211123,930955,红利低波100,9316.22,9371.62,9302.79,9348.73,26.32,0.28,2816.96,244.01
20211124,930955,红利低波100,9349.12,9397.16,9342.02,9385.94,37.21,0.4,2805.34,240.63
20211125,930955,红利低波100,9392.49,9421.74,9387.61,9404.48,18.54,0.2,2494.22,214.1
20211126,930955,红利低波100,9383.54,9383.54,9336.23,9353.25,-51.23,-0.54,2596.39,220.72
20211129,930955,红利低波100,9280.99,9329.72,9276.15,9324.7,-28.55,-0.31,3177.15,243.3
20211130,930955,红利低波100,9320.22,9375.13,9297.31,9319.15,-5.54,-0.06,2912.7,232.16
20211201,930955,红利低波100,9304.14,9427.74,9303.75,9427.66,108.51,1.16,2904.42,231.06
20211202,930955,红利低波100,9411.16,9498.24,9404.38,9470.79,43.13,0.46,3526.67,302.17
20211203,930955,红利低波100,9475.54,9573.55,9461.69,9573.55,102.76,1.08,3677.79,302.39
20211206,930955,红利低波100,9607.51,9649.35,9554.7,9557.97,-15.58,-0.16,4493.25,382.05
20211207,930955,红利低波100,9618.15,9661.63,9556.11,9659.29,101.32,1.06,4678.57,410.19
20211208,930955,红利低波100,9662.91,9692.7,9593.03,9690.86,31.57,0.33,3800.63,321.44
20211209,930955,红利低波100,9685.01,9781.59,9675.9,9756.39,65.53,0.68,4775.78,424.43
20211210,930955,红利低波100,9726.14,9774.84,9674.42,9674.42,-81.97,-0.84,4672.39,358.39
20211213,930955,红利低波100,9714.55,9738.01,9670.74,9678.09,3.67,0.04,4245.7,347.25
20211214,930955,红利低波100,9655.21,9655.21,9613.76,9622.6,-55.49,-0.57,3511.08,264.88
20211215,930955,红利低波100,9616.43,9692.54,9616.43,9648.62,26.03,0.27,3049.89,216.82
20211216,930955,红利低波100,9657.35,9729.85,9634.04,9728.61,79.99,0.83,2983.68,216.86
20211217,930955,红利低波100,9727.42,9759.69,9713.38,9721.5,-7.11,-0.07,3102.7,230.61
20211220,930955,红利低波100,9714.48,9812.53,9710.68,9776.65,55.15,0.57,3632.64,259.75
20211221,930955,红利低波100,9764.18,9971.3,9764.18,9953.3,176.65,1.81,4507.68,288.5
20211222,930955,红利低波100,9963.46,9965.66,9880.54,9911.97,-41.33,-0.42,3689.53,241.69
20211223,930955,红利低波100,9904.88,9913.54,9855.13,9869.53,-42.45,-0.43,2861.85,198.11
20211224,930955,红利低波100,9869.38,9870.4,9803.51,9851.82,-17.7,-0.18,2713.41,202.78
20211227,930955,红利低波100,9854.86,9941.4,9854.86,9939.35,87.52,0.89,2781.99,243.7
20211228,930955,红利低波100,9949.67,9949.67,9860.05,9898.48,-40.86,-0.41,3223.2,266.85
20211229,930955,红利低波100,9898.52,9916.35,9874.64,9874.64,-23.85,-0.24,2382.73,190.45
20211230,930955,红利低波100,9895.21,9956.2,9890.83,9945.18,70.55,0.71,2860.8,229.89
20211231,930955,红利低波100,9954.3,10103.05,9954.3,10086.27,141.09,1.42,3121.41,263.64
20220104,930955,红利低波100,10130.1,10304.08,10123.68,10295.19,208.92,2.07,4359.88,354.46
20220105,930955,红利低波100,10274.89,10285.73,10200.55,10251.82,-43.37,-0.42,5495.02,466.59
20220106,930955,红利低波100,10216.55,10345.81,10216.11,10337.5,85.68,0.83,4823.23,382.52
20220107,930955,红利低波100,10331.19,10494.97,10331.19,10395.84,58.34,0.56,6727.65,524.73
20220110,930955,红利低波100,10397.12,10485.75,10390.71,10485.75,89.91,0.86,5609.65,417.36
20220111,930955,红利低波100,10469.68,10572.36,10461.34,10515.9,30.16,0.29,5266.55,391.42
20220112,930955,红利低波100,10505.18,10506.27,10372.8,10445.09,-70.81,-0.67,4755.31,346.79
20220113,930955,红利低波100,10424.12,10506.71,10379.71,10381.41,-63.68,-0.61,4960.29,362.28
20220114,930955,红利低波100,10363.1,10363.1,10246.86,10253.83,-127.58,-1.23,5105.74,378.14
20220117,930955,红利低波100,10262.4,10356.8,10262.4,10302.91,49.08,0.48,3478.47,281.16
20220118,930955,红利低波100,10314.55,10408.63,10260.0,10365.15,62.23,0.6,5254.94,396.34
20220119,930955,红利低波100,10359.18,10457.64,10352.46,10422.07,56.93,0.55,4922.32,382.85
20220120,930955,红利低波100,10434.84,10496.86,10380.62,10389.93,-32.15,-0.31,5952.6,495.29
20220121,930955,红利低波100,10366.53,10379.42,10246.56,10271.68,-118.25,-1.14,4164.83,348.65
20220124,930955,红利低波100,10229.17,10287.04,10143.73,10222.71,-48.97,-0.48,3915.99,292.19
20220125,930955,红利低波100,10188.42,10198.59,9902.67,9902.67,-320.04,-3.13,4053.12,310.35
20220126,930955,红利低波100,9934.94,9997.91,9885.95,9976.98,74.3,0.75,3262.52,241.63
20220127,930955,红利低波100,9967.51,9967.51,9840.15,9840.15,-136.83,-1.37,3600.65,276.58
20220128,930955,红利低波100,9892.75,9910.9,9811.29,9828.21,-11.94,-0.12,3996.94,284.62
20220207,930955,红利低波100,9885.17,10060.68,9871.81,10055.08,226.88,2.31,5233.39,361.65
20220208,930955,红利低波100,10053.45,10286.47,10050.18,10285.91,230.82,2.3,6414.75,425.93
20220209,930955,红利低波100,10289.84,10396.49,10277.12,10379.06,93.15,0.91,5205.48,373.94
20220210,930955,红利低波100,10383.63,10484.39,10344.09,10468.33,89.27,0.86,4664.41,360.84
20220211,930955,红利低波100,10449.66,10528.99,10385.0,10394.14,-74.2,-0.71,5625.76,461.68
20220214,930955,红利低波100,10371.39,10387.83,10236.18,10261.61,-132.53,-1.27,5019.79,384.01
20220215,930955,红利低波100,10252.91,10296.9,10180.2,10238.64,-22.97,-0.22,3957.62,289.86
20220216,930955,红利低波100,10262.95,10327.28,10249.68,10307.86,69.22,0.68,3449.24,258.77
20220217,930955,红利低波100,10303.71,10303.94,10202.04,10216.96,-90.9,-0.88,3394.8,250.93
20220218,930955,红利低波100,10169.4,10393.48,10163.76,10390.89,173.93,1.7,4177.85,284.59
20220221,930955,红利低波100,10377.71,10434.23,10308.56,10423.65,32.76,0.32,3807.42,268.23
20220222,930955,红利低波100,10368.97,10368.97,10243.94,10285.05,-138.6,-1.33,4184.81,307.64
20220223,930955,红利低波100,10289.78,10309.08,10229.47,10255.72,-29.33,-0.29,4204.7,288.08
20220224,930955,红利低波100,10222.42,10241.17,9974.81,10050.22,-205.5,-2.0,5968.63,425.27
20220225,930955,红利低波100,10082.51,10156.41,10046.33,10063.77,13.55,0.13,4684.77,316.38
20220228,930955,红利低波100,10075.14,10075.14,9961.84,10039.02,-24.75,-0.24,3732.98,274.84
20220301,930955,红利低波100,10047.41,10116.57,10028.34,10108.1,69.07,0.69,3638.84,256.1
20220302,930955,红利低波100,10081.09,10191.3,10071.52,10182.47,74.37,0.73,3617.41,247.78
20220303,930955,红利低波100,10208.67,10329.53,10208.67,10323.92,141.45,1.39,4992.51,339.74
20220304,930955,红利低波100,10304.75,10304.75,10208.82,10251.74,-72.18,-0.7,4069.2,292.81
20220307,930955,红利低波100,10251.13,10297.45,10164.42,10195.56,-56.17,-0.55,4819.06,350.35
20220308,930955,红利低波100,10198.09,10206.11,9908.25,9910.13,-285.44,-2.8,5213.58,401.37
20220309,930955,红利低波100,9915.16,9963.83,9481.69,9764.2,-145.93,-1.47,6179.74,441.68
20220310,930955,红利低波100,9914.43,10009.69,9833.72,9924.77,160.57,1.64,4286.29,314.76
20220311,930955,红利低波100,9867.86,10034.65,9751.46,10020.42,95.66,0.96,4848.12,354.6
20220314,930955,红利低波100,9955.71,10087.91,9892.9,9892.9,-127.53,-1.27,3714.2,247.2
20220315,930955,红利低波100,9848.29,9848.29,9413.44,9413.44,-479.46,-4.85,6609.27,475.77
20220316,930955,红利低波100,9532.65,9689.63,9285.51,9661.86,248.42,2.64,5501.52,394.19
20220317,930955,红利低波100,9764.22,9883.16,9751.14,9765.0,103.14,1.07,4809.11,358.0
20220318,930955,红利低波100,9749.07,10001.46,9731.75,9988.58,223.58,2.29,5198.49,430.6
20220321,930955,红利低波100,10009.89,10071.39,9964.77,10039.54,50.96,0.51,3882.91,334.88
20220322,930955,红利低波100,10036.91,10218.9,10019.78,10163.22,123.68,1.23,4991.81,422.76
20220323,930955,红利低波100,10142.37,10189.85,10059.56,10155.21,-8.01,-0.08,4376.65,361.02
20220324,930955,红利低波100,10104.06,10199.63,10092.36,10147.63,-7.57,-0.07,3785.68,337.28
20220325,930955,红利低波100,10144.6,10258.44,10098.62,10149.6,1.96,0.02,4269.29,383.62
20220328,930955,红利低波100,10120.27,10302.24,10062.89,10281.66,132.06,1.3,5307.9,398.9
20220329,930955,红利低波100,10251.38,10284.51,10192.51,10258.5,-23.16,-0.22,4191.84,354.44
20220330,930955,红利低波100,10258.2,10470.83,10258.2,10465.42,206.92,2.02,5347.36,404.96
20220331,930955,红利低波100,10469.41,10687.24,10459.58,10522.5,57.08,0.54,6651.13,526.44
20220401,930955,红利低波100,10453.74,10673.23,10448.26,10660.44,137.94,1.31,6359.53,474.25
20220406,930955,红利低波100,10666.44,10890.71,10662.83,10855.61,195.17,1.83,7821.72,547.2
20220407,930955,红利低波100,10777.94,10810.9,10577.49,10579.66,-275.95,-2.54,6307.11,452.56
20220408,930955,红利低波100,10589.41,10667.66,10458.21,10649.55,69.9,0.66,5931.57,421.04
20220411,930955,红利低波100,10639.43,10639.43,10437.33,10471.51,-178.04,-1.67,5775.62,421.25
20220412,930955,红利低波100,10468.45,10603.18,10382.56,10568.58,97.07,0.93,5807.15,424.31
20220413,930955,红利低波100,10513.56,10584.8,10435.74,10440.16,-128.43,-1.21,4942.95,358.57
20220414,930955,红利低波100,10479.59,10604.34,10473.5,10549.64,109.49,1.05,4318.44,329.1
20220415,930955,红利低波100,10503.35,10646.83,10479.39,10512.1,-37.55,-0.36,4710.87,359.05
20220418,930955,红利低波100,10456.85,10526.54,10388.1,10422.22,-89.87,-0.85,4640.86,348.58
20220419,930955,红利低波100,10376.82,10527.45,10345.79,10514.25,92.03,0.88,4136.96,313.39
20220420,930955,红利低波100,10493.95,10526.32,10287.56,10310.6,-203.65,-1.94,4465.08,338.66
20220421,930955,红利低波100,10284.91,10354.4,10086.18,10115.08,-195.53,-1.9,5099.11,371.11
20220422,930955,红利低波100,10075.5,10251.68,10041.35,10197.38,82.31,0.81,4803.08,348.26
20220425,930955,红利低波100,10099.27,10150.53,9772.51,9772.51,-424.87,-4.17,6276.45,435.44
20220426,930955,红利低波100,9786.88,9903.45,9639.92,9651.31,-121.2,-1.24,5618.88,388.08
20220427,930955,红利低波100,9566.78,9735.03,9470.43,9731.64,80.33,0.83,6132.82,419.62
20220428,930955,红利低波100,9689.36,9826.26,9644.35,9811.54,79.9,0.82,5830.35,403.36
20220429,930955,红利低波100,9840.56,10044.13,9814.59,10028.47,216.93,2.21,6496.61,475.73
20220505,930955,红利低波100,10054.54,10148.11,10051.95,10133.57,105.11,1.05,6091.84,469.24
20220506,930955,红利低波100,9988.94,10039.06,9894.38,9912.53,-221.05,-2.18,4881.83,363.09
20220509,930955,红利低波100,9932.17,10045.87,9917.13,10033.83,121.31,1.22,4012.71,312.18
20220510,930955,红利低波100,9943.41,10149.48,9894.4,10148.71,114.88,1.14,5187.89,378.29
20220511,930955,红利低波100,10175.16,10251.5,10109.81,10116.06,-32.65,-0.32,5394.43,459.14
20220512,930955,红利低波100,10078.78,10174.24,10013.33,10100.19,-15.87,-0.16,4442.03,382.42
20220513,930955,红利低波100,10084.82,10226.62,10080.81,10218.11,117.92,1.17,4690.75,386.3
20220516,930955,红利低波100,10291.58,10305.91,10174.06,10225.63,7.52,0.07,4578.94,363.82
20220517,930955,红利低波100,10201.47,10201.47,10009.77,10082.9,-142.73,-1.4,4511.72,323.66
20220518,930955,红利低波100,10076.65,10101.35,10019.66,10026.5,-56.4,-0.56,3713.49,278.74
20220519,930955,红利低波100,9916.47,10096.48,9905.78,10095.24,68.74,0.69,4144.76,306.96
20220520,930955,红利低波100,10082.21,10139.66,10071.29,10124.33,29.09,0.29,4412.66,343.24
20220523,930955,红利低波100,10133.4,10135.12,10064.78,10103.01,-21.32,-0.21,3787.56,292.01
20220524,930955,红利低波100,10111.46,10111.8,9829.1,9829.1,-273.91,-2.71,4493.64,333.24
20220525,930955,红利低波100,9814.62,10008.67,9814.37,10006.0,176.9,1.8,3610.53,269.84
20220526,930955,红利低波100,10011.58,10114.56,9998.42,10099.38,93.38,0.93,3960.77,301.69
20220527,930955,红利低波100,10108.41,10145.87,10068.3,10126.73,27.35,0.27,4019.71,311.01
20220530,930955,红利低波100,10128.44,10151.5,10063.48,10109.14,-17.59,-0.17,4181.39,311.19
20220531,930955,红利低波100,10086.87,10125.78,10048.42,10108.86,-0.28,0.0,4536.42,342.85
20220601,930955,红利低波100,10080.19,10117.97,10029.04,10085.18,-23.69,-0.23,3969.32,296.05
20220602,930955,红利低波100,10058.14,10059.02,9990.93,10031.29,-53.88,-0.53,3534.02,264.31
20220606,930955,红利低波100,10012.38,10015.41,9931.53,10008.25,-23.04,-0.23,5160.31,351.71
20220607,930955,红利低波100,10010.54,10054.3,9965.01,10045.71,37.46,0.37,4519.03,337.2
20220608,930955,红利低波100,10026.98,10028.18,9919.44,10010.91,-34.8,-0.35,4322.09,325.56
20220609,930955,红利低波100,9990.09,10060.06,9972.55,10002.52,-8.38,-0.08,5012.8,350.58
20220610,930955,红利低波100,9945.97,10068.66,9933.24,10056.83,54.3,0.54,5642.26,379.84
20220613,930955,红利低波100,9994.94,10009.21,9866.97,9932.86,-123.96,-1.23,4260.09,354.61
20220614,930955,红利低波100,9879.38,10082.73,9817.68,10082.41,149.55,1.5,4361.34,359.53
20220615,930955,红利低波100,10093.45,10336.91,10088.92,10194.71,112.3,1.11,7156.39,685.73
20220616,930955,红利低波100,10174.53,10190.06,10050.27,10058.46,-136.25,-1.34,4554.63,402.39
20220617,930955,红利低波100,10009.38,10075.49,9941.9,10061.55,3.09,0.03,3661.59,326.81
20220620,930955,红利低波100,10061.0,10083.12,10024.5,10061.94,0.39,0.0,3548.79,314.05
20220621,930955,红利低波100,10065.42,10112.96,10007.77,10073.43,11.49,0.11,3586.17,312.12
20220622,930955,红利低波100,10076.44,10082.77,9969.7,9969.7,-103.73,-1.03,3123.1,278.58
20220623,930955,红利低波100,9977.86,10094.47,9977.86,10094.47,124.77,1.25,3473.26,318.02
20220624,930955,红利低波100,10097.56,10109.52,10055.54,10090.75,-3.71,-0.04,3643.92,359.79
20220627,930955,红利低波100,10110.49,10128.46,10068.71,10082.69,-8.06,-0.08,3963.1,364.55
20220628,930955,红利低波100,10087.64,10184.71,10071.81,10178.23,95.54,0.95,3601.25,312.56
20220629,930955,红利低波100,10151.17,10179.75,10071.46,10080.27,-97.96,-0.96,4168.71,357.92
20220630,930955,红利低波100,10080.85,10133.81,10069.38,10093.01,12.74,0.13,3862.31,346.07
20220701,930955,红利低波100,10099.55,10133.67,10073.2,10087.73,-5.27,-0.05,3083.85,285.85
20220704,930955,红利低波100,10093.42,10094.62,10047.27,10090.1,2.37,0.02,3298.37,288.47
20220705,930955,红利低波100,10093.43,10135.87,10003.19,10067.55,-22.55,-0.22,3224.04,287.67
20220706,930955,红利低波100,10048.8,10048.8,9895.19,9943.46,-124.09,-1.23,3459.07,289.41
20220707,930955,红利低波100,9908.45,9948.05,9894.28,9907.31,-36.15,-0.36,2683.22,229.11
20220708,930955,红利低波100,9908.52,9955.33,9894.49,9911.62,4.32,0.04,2803.6,247.38
20220711,930955,红利低波100,9910.27,9915.41,9861.82,9891.47,-20.15,-0.2,3603.98,287.82
20220712,930955,红利低波100,9877.09,9954.15,9871.7,9909.37,17.9,0.18,4121.05,334.25
20220713,930955,红利低波100,9919.07,9949.7,9897.41,9922.65,13.28,0.13,4383.44,364.57
20220714,930955,红利低波100,9911.7,9911.7,9795.57,9813.61,-109.04,-1.1,4817.22,432.19
20220715,930955,红利低波100,9741.33,9743.42,9558.26,9558.26,-255.35,-2.6,4361.57,358.8
20220718,930955,红利低波100,9578.17,9741.58,9578.17,9739.91,181.65,1.9,3301.51,270.36
20220719,930955,红利低波100,9750.45,9802.1,9735.56,9787.16,47.25,0.49,2919.12,227.6
20220720,930955,红利低波100,9804.32,9832.18,9789.53,9824.26,37.1,0.38,2680.15,210.07
20220721,930955,红利低波100,9805.82,9805.82,9719.24,9719.24,-105.02,-1.07,2816.14,222.98
20220722,930955,红利低波100,9727.89,9784.76,9666.29,9729.62,10.38,0.11,2385.57,187.64
20220725,930955,红利低波100,9731.39,9755.57,9667.03,9688.29,-41.33,-0.42,2001.35,161.53
20220726,930955,红利低波100,9691.68,9759.72,9665.76,9750.68,62.39,0.64,2320.5,177.82
20220727,930955,红利低波100,9735.82,9761.54,9715.7,9742.71,-7.96,-0.08,2045.18,166.24
20220728,930955,红利低波100,9762.71,9803.85,9750.93,9757.33,14.62,0.15,2417.15,197.06
20220729,930955,红利低波100,9765.95,9796.62,9705.96,9716.08,-41.26,-0.42,2579.91,215.86
20220801,930955,红利低波100,9719.04,9719.49,9661.12,9704.05,-12.03,-0.12,2490.25,207.64
20220802,930955,红利低波100,9653.21,9657.52,9369.05,9464.34,-239.71,-2.47,3816.91,304.15
20220803,930955,红利低波100,9469.34,9566.57,9377.16,9377.16,-87.18,-0.92,2808.45,233.35
20220804,930955,红利低波100,9417.59,9434.99,9350.35,9430.69,53.53,0.57,2447.53,185.03
20220805,930955,红利低波100,9414.62,9503.01,9364.2,9494.01,63.32,0.67,2211.07,177.45
20220808,930955,红利低波100,9478.1,9516.55,9466.23,9509.17,15.15,0.16,2005.24,157.99
20220809,930955,红利低波100,9506.6,9506.6,9468.52,9484.62,-24.55,-0.26,1670.89,134.84
20220810,930955,红利低波100,9491.23,9508.09,9455.87,9486.34,1.73,0.02,1717.39,148.41
20220811,930955,红利低波100,9528.95,9643.45,9526.52,9639.14,152.8,1.61,2779.59,244.29
20220812,930955,红利低波100,9636.37,9686.4,9612.25,9672.4,33.26,0.34,2714.35,207.6
20220815,930955,红利低波100,9655.86,9676.41,9615.6,9634.98,-37.42,-0.39,2668.21,211.61
20220816,930955,红利低波100,9645.12,9681.03,9630.77,9654.5,19.53,0.2,2233.2,177.91
20220817,930955,红利低波100,9668.82,9721.18,9625.19,9719.28,64.77,0.67,2784.88,227.33
20220818,930955,红利低波100,9702.34,9702.34,9634.01,9638.29,-80.98,-0.83,2349.75,195.59
20220819,930955,红利低波100,9638.88,9689.02,9633.02,9633.71,-4.58,-0.05,2465.37,197.83
20220822,930955,红利低波100,9622.12,9687.04,9617.18,9665.49,31.79,0.33,2299.49,190.39
20220823,930955,红利低波100,9672.77,9701.48,9634.15,9685.06,19.56,0.2,2616.93,210.13
20220824,930955,红利低波100,9681.38,9721.14,9569.53,9571.42,-113.64,-1.17,3340.94,298.14
20220825,930955,红利低波100,9601.81,9695.32,9575.04,9687.5,116.08,1.21,3228.21,289.0
20220826,930955,红利低波100,9681.85,9707.6,9628.36,9664.65,-22.85,-0.24,2700.56,233.09
20220829,930955,红利低波100,9599.26,9686.48,9581.39,9684.36,19.7,0.2,2998.15,242.98
20220830,930955,红利低波100,9679.55,9747.15,9678.8,9733.58,49.22,0.51,2994.6,233.68
20220831,930955,红利低波100,9724.2,9755.83,9663.57,9682.09,-51.49,-0.53,4082.03,383.84
20220901,930955,红利低波100,9680.83,9756.3,9668.96,9696.36,14.27,0.15,2901.73,266.12
20220902,930955,红利低波100,9709.72,9739.32,9702.47,9730.4,34.04,0.35,2611.76,217.99
20220905,930955,红利低波100,9723.4,9812.75,9706.26,9811.7,81.31,0.83,2702.29,215.32
20220906,930955,红利低波100,9824.68,9877.96,9814.65,9869.46,57.76,0.59,3044.11,249.49
20220907,930955,红利低波100,9856.61,9856.61,9805.31,9842.52,-26.94,-0.27,2434.05,197.07
20220908,930955,红利低波100,9852.15,9872.19,9820.83,9842.04,-0.48,0.0,2366.06,183.05
20220909,930955,红利低波100,9848.48,9923.35,9845.38,9900.4,58.37,0.59,3322.0,309.45
20220913,930955,红利低波100,9909.01,9927.04,9867.35,9879.83,-20.57,-0.21,3703.24,310.17
20220914,930955,红利低波100,9792.1,9837.79,9779.32,9805.06,-74.77,-0.76,3079.79,219.29
20220915,930955,红利低波100,9829.43,9882.49,9733.05,9792.92,-12.14,-0.12,4463.88,341.73
20220916,930955,红利低波100,9785.27,9785.27,9547.75,9547.75,-245.17,-2.5,4621.65,329.61
20220919,930955,红利低波100,9542.46,9544.52,9466.45,9506.18,-41.58,-0.43,3271.53,218.44
20220920,930955,红利低波100,9540.42,9578.44,9482.3,9496.65,-9.53,-0.1,2756.82,194.05
20220921,930955,红利低波100,9486.11,9587.31,9410.67,9558.85,62.2,0.65,2891.18,195.04
20220922,930955,红利低波100,9519.41,9538.96,9472.66,9486.41,-72.44,-0.76,2718.17,187.93
20220923,930955,红利低波100,9481.62,9568.02,9432.15,9484.57,-1.84,-0.02,3434.46,218.9
20220926,930955,红利低波100,9437.61,9446.85,9283.84,9283.84,-200.73,-2.12,3721.89,236.06
20220927,930955,红利低波100,9294.18,9409.69,9268.67,9406.17,122.33,1.32,2827.43,197.16
20220928,930955,红利低波100,9396.23,9410.82,9331.19,9331.19,-74.98,-0.8,2924.57,203.75
20220929,930955,红利低波100,9384.87,9417.63,9214.73,9245.73,-85.46,-0.92,3135.1,223.03
20220930,930955,红利低波100,9251.95,9333.76,9251.36,9275.56,29.83,0.32,2794.37,190.16
20221010,930955,红利低波100,9280.76,9374.37,9248.73,9256.49,-19.07,-0.21,4147.34,276.62
20221011,930955,红利低波100,9259.55,9308.32,9208.32,9289.1,32.61,0.35,3064.27,195.7
20221012,930955,红利低波100,9280.67,9404.32,9213.9,9404.32,115.22,1.24,4031.81,259.84
20221013,930955,红利低波100,9380.31,9409.43,9318.96,9371.03,-33.29,-0.35,3502.4,250.0
20221014,930955,红利低波100,9404.55,9507.74,9404.15,9482.94,111.91,1.19,4128.1,286.06
20221017,930955,红利低波100,9462.37,9527.01,9441.94,9507.84,24.9,0.26,3612.4,237.84
20221018,930955,红利低波100,9537.5,9544.17,9488.24,9504.96,-2.88,-0.03,3135.89,222.03
20221019,930955,红利低波100,9488.74,9500.48,9415.92,9415.92,-89.04,-0.94,2760.11,207.9
20221020,930955,红利低波100,9397.46,9458.68,9361.68,9382.39,-33.53,-0.36,3298.68,232.29
20221021,930955,红利低波100,9404.57,9434.23,9356.38,9381.41,-0.98,-0.01,3377.35,232.06
20221024,930955,红利低波100,9391.36,9456.0,9176.51,9208.46,-172.95,-1.84,4834.91,352.62
20221025,930955,红利低波100,9191.91,9250.49,9120.78,9180.38,-28.08,-0.3,3483.65,244.19
20221026,930955,红利低波100,9181.62,9303.05,9179.59,9225.28,44.89,0.49,4162.36,262.42
20221027,930955,红利低波100,9234.19,9296.03,9229.32,9263.38,38.1,0.41,3612.9,252.0
20221028,930955,红利低波100,9244.94,9244.94,9042.83,9061.68,-201.7,-2.18,3919.07,280.57
20221031,930955,红利低波100,9015.22,9077.83,8945.35,9006.5,-55.18,-0.61,5222.38,340.4
20221101,930955,红利低波100,9016.16,9156.84,9003.86,9155.44,148.95,1.65,5560.57,346.42
20221102,930955,红利低波100,9132.78,9214.71,9118.66,9187.75,32.3,0.35,4146.11,276.15
20221103,930955,红利低波100,9145.85,9158.86,9102.16,9145.96,-41.79,-0.45,3023.57,201.78
20221104,930955,红利低波100,9144.99,9301.64,9144.25,9281.39,135.43,1.48,4214.8,295.76
20221107,930955,红利低波100,9267.5,9333.28,9255.12,9323.67,42.28,0.46,3572.4,242.37
20221108,930955,红利低波100,9324.21,9324.21,9272.3,9312.4,-11.27,-0.12,2950.75,195.19
20221109,930955,红利低波100,9311.1,9356.35,9303.67,9308.69,-3.71,-0.04,2435.56,169.9
20221110,930955,红利低波100,9277.09,9362.84,9245.55,9340.12,31.42,0.34,2862.46,183.87
20221111,930955,红利低波100,9465.74,9548.91,9423.49,9465.34,125.22,1.34,5527.59,427.96
20221114,930955,红利低波100,9511.87,9599.06,9507.64,9522.07,56.74,0.6,5323.57,451.59
20221115,930955,红利低波100,9508.46,9612.47,9494.47,9596.48,74.4,0.78,4685.82,351.47
20221116,930955,红利低波100,9590.98,9616.25,9560.08,9569.11,-27.36,-0.29,3564.1,256.02
20221117,930955,红利低波100,9557.33,9612.41,9544.25,9612.41,43.29,0.45,3286.56,253.33
20221118,930955,红利低波100,9621.28,9637.6,9575.46,9575.46,-36.95,-0.38,3396.41,236.95
20221121,930955,红利低波100,9554.38,9554.38,9476.15,9520.44,-55.02,-0.57,2854.49,206.13
20221122,930955,红利低波100,9519.86,9645.49,9509.06,9583.87,63.43,0.67,4971.21,312.94
20221123,930955,红利低波100,9586.49,9668.2,9575.77,9617.77,33.9,0.35,5211.49,317.69
20221124,930955,红利低波100,9637.31,9667.71,9597.76,9617.36,-0.41,0.0,3174.66,201.53
20221125,930955,红利低波100,9624.42,9759.83,9613.28,9749.85,132.49,1.38,5524.3,354.62
20221128,930955,红利低波100,9680.5,9715.49,9573.62,9710.74,-39.11,-0.4,5092.79,324.11
20221129,930955,红利低波100,9756.47,9946.67,9755.65,9929.31,218.57,2.25,7116.61,558.42
20221130,930955,红利低波100,9919.92,9986.35,9907.99,9944.33,15.02,0.15,5828.03,422.6
20221201,930955,红利低波100,10015.64,10035.93,9902.2,9903.93,-40.4,-0.41,5340.58,383.11
20221202,930955,红利低波100,9903.43,9924.66,9864.33,9908.18,4.25,0.04,4257.18,300.33
20221205,930955,红利低波100,9965.65,10166.09,9965.65,10141.89,233.71,2.36,7074.4,512.09
20221206,930955,红利低波100,10139.79,10201.97,10100.66,10136.72,-5.17,-0.05,5621.91,396.72
20221207,930955,红利低波100,10123.03,10191.75,10056.57,10122.51,-14.21,-0.14,5215.2,375.47
20221208,930955,红利低波100,10110.33,10159.52,10083.6,10124.1,1.59,0.01,4270.22,293.27
20221209,930955,红利低波100,10133.49,10158.49,10046.5,10047.46,-76.64,-0.76,5543.09,421.19
20221212,930955,红利低波100,10051.18,10055.87,9934.71,9942.29,-105.17,-1.05,4740.47,345.88
20221213,930955,红利低波100,9940.55,10024.17,9939.15,10001.33,59.04,0.59,3653.86,255.31
20221214,930955,红利低波100,9998.14,10008.89,9939.09,9968.62,-32.71,-0.33,3345.72,237.72
20221215,930955,红利低波100,9967.13,9997.57,9870.44,9877.79,-90.82,-0.91,2912.03,213.47
20221216,930955,红利低波100,9858.71,10007.31,9856.53,9987.0,109.21,1.11,3684.4,255.55
20221219,930955,红利低波100,9979.64,10002.99,9747.91,9787.42,-199.57,-2.0,3833.49,274.07
20221220,930955,红利低波100,9770.77,9805.18,9671.23,9693.3,-94.12,-0.96,3085.76,224.53
20221221,930955,红利低波100,9707.59,9776.93,9689.35,9704.95,11.65,0.12,2222.25,159.67
20221222,930955,红利低波100,9757.83,9810.88,9633.99,9668.11,-36.84,-0.38,2583.23,187.88
20221223,930955,红利低波100,9632.79,9718.32,9595.54,9629.41,-38.7,-0.4,2065.25,145.09
20221226,930955,红利低波100,9631.18,9643.68,9580.65,9589.47,-39.94,-0.41,2425.35,172.17
20221227,930955,红利低波100,9630.48,9713.21,9628.32,9686.35,96.88,1.01,2712.52,185.79
20221228,930955,红利低波100,9673.89,9726.55,9636.01,9687.44,1.08,0.01,2829.59,199.33
20221229,930955,红利低波100,9660.75,9660.75,9581.2,9602.53,-84.91,-0.88,2756.92,192.5
20221230,930955,红利低波100,9627.56,9710.29,9622.17,9690.51,87.98,0.92,2956.33,208.55
20230103,930955,红利低波100,9684.64,9738.8,9641.27,9725.77,35.26,0.36,3773.5,280.31
20230104,930955,红利低波100,9731.41,9830.15,9717.94,9811.5,85.73,0.88,4163.74,304.46
20230105,930955,红利低波100,9834.36,9867.02,9817.98,9840.66,29.16,0.3,3672.45,288.21
20230106,930955,红利低波100,9843.33,9847.6,9786.21,9807.18,-33.48,-0.34,3699.57,263.83
20230109,930955,红利低波100,9828.04,9854.79,9806.6,9819.58,12.4,0.13,3106.99,247.59
20230110,930955,红利低波100,9827.03,9827.03,9761.32,9764.21,-55.37,-0.56,2955.97,240.7
20230111,930955,红利低波100,9772.9,9812.94,9758.94,9774.53,10.32,0.1,3076.36,253.77
20230112,930955,红利低波100,9781.19,9781.19,9713.82,9753.68,-20.85,-0.21,3023.05,214.83
20230113,930955,红利低波100,9765.94,9887.35,9763.2,9887.35,133.66,1.37,3322.77,262.76
20230116,930955,红利低波100,9912.25,10026.18,9909.57,9972.45,85.1,0.86,5597.56,438.33
20230117,930955,红利低波100,9979.56,9979.56,9924.58,9961.54,-10.91,-0.11,3776.43,282.6
20230118,930955,红利低波100,9963.2,9999.54,9953.83,9982.39,20.85,0.21,3694.04,263.39
20230119,930955,红利低波100,9970.3,10033.23,9940.39,10033.23,50.84,0.51,3702.18,265.86
20230120,930955,红利低波100,10047.77,10108.36,10030.93,10108.36,75.13,0.75,4225.22,305.55
20230130,930955,红利低波100,10204.48,10215.65,10103.4,10109.08,0.73,0.01,5028.67,393.06
20230131,930955,红利低波100,10107.3,10139.52,10066.17,10085.68,-23.41,-0.23,4225.75,312.64
20230201,930955,红利低波100,10108.81,10162.24,10082.01,10158.09,72.41,0.72,4606.73,332.63
20230202,930955,红利低波100,10184.36,10184.53,10108.81,10130.32,-27.76,-0.27,4352.17,329.33
20230203,930955,红利低波100,10109.82,10109.82,10012.64,10058.48,-71.85,-0.71,3976.74,301.45
20230206,930955,红利低波100,10028.9,10040.36,9986.77,10008.62,-49.86,-0.5,3855.17,297.98
20230207,930955,红利低波100,10028.02,10058.16,10012.52,10055.91,47.29,0.47,3281.89,244.27
20230208,930955,红利低波100,10072.24,10079.5,10004.72,10011.58,-44.33,-0.44,2928.14,213.44
20230209,930955,红利低波100,10005.64,10094.47,9999.32,10093.66,82.07,0.82,3473.64,256.86
20230210,930955,红利低波100,10089.3,10122.39,10062.25,10104.42,10.77,0.11,3417.26,236.41
20230213,930955,红利低波100,10114.81,10193.08,10078.6,10187.51,83.09,0.82,4484.92,337.0
20230214,930955,红利低波100,10225.39,10262.45,10221.33,10255.83,68.32,0.67,3459.54,256.91
20230215,930955,红利低波100,10275.55,10277.73,10221.3,10240.05,-15.78,-0.15,4055.15,283.78
20230216,930955,红利低波100,10256.02,10346.77,10133.68,10179.2,-60.85,-0.59,5142.89,381.85
20230217,930955,红利低波100,10169.21,10234.17,10143.39,10144.35,-34.85,-0.34,3734.81,275.93
20230220,930955,红利低波100,10177.69,10358.16,10176.85,10355.67,211.31,2.08,5546.35,426.02
20230221,930955,红利低波100,10376.17,10451.76,10369.26,10446.91,91.25,0.88,4463.61,352.04
20230222,930955,红利低波100,10423.58,10471.93,10409.28,10440.07,-6.85,-0.06,3153.29,259.19
20230223,930955,红利低波100,10456.9,10522.88,10418.49,10454.19,14.12,0.14,3508.71,284.89
20230224,930955,红利低波100,10460.25,10462.79,10366.01,10415.83,-38.36,-0.37,3218.38,255.61
20230227,930955,红利低波100,10392.74,10420.24,10341.03,10360.05,-55.78,-0.53,2786.56,220.77
20230228,930955,红利低波100,10374.45,10436.49,10344.61,10430.86,70.81,0.68,3251.1,252.55
20230301,930955,红利低波100,10439.87,10527.91,10425.64,10521.08,90.23,0.86,4977.55,383.21
20230302,930955,红利低波100,10510.76,10606.6,10500.34,10589.27,68.18,0.65,4957.54,356.12
20230303,930955,红利低波100,10603.15,10681.33,10579.64,10675.89,86.62,0.82,6639.09,436.99
20230306,930955,红利低波100,10696.14,10703.46,10625.17,10636.89,-39.0,-0.37,6408.91,469.19
20230307,930955,红利低波100,10639.99,10743.98,10551.13,10557.84,-79.05,-0.74,9488.63,615.67
20230308,930955,红利低波100,10524.01,10563.41,10491.46,10559.33,1.49,0.01,4817.7,329.63
20230309,930955,红利低波100,10573.95,10577.74,10501.72,10532.44,-26.89,-0.25,4420.92,310.5
20230310,930955,红利低波100,10484.17,10494.99,10345.67,10351.14,-181.29,-1.72,4551.92,329.65
20230313,930955,红利低波100,10342.16,10465.86,10340.91,10465.85,114.71,1.11,4132.84,294.06
20230314,930955,红利低波100,10446.12,10470.92,10335.36,10385.99,-79.87,-0.76,4081.43,300.77
20230315,930955,红利低波100,10439.29,10545.87,10411.15,10527.02,141.04,1.36,4516.67,309.86
20230316,930955,红利低波100,10486.56,10561.99,10465.93,10475.22,-51.8,-0.49,5880.26,381.96
20230317,930955,红利低波100,10536.44,10656.61,10536.34,10592.22,117.0,1.12,5862.45,412.59
20230320,930955,红利低波100,10626.71,10715.94,10573.93,10582.47,-9.75,-0.09,6512.86,465.78
20230321,930955,红利低波100,10602.11,10635.06,10543.79,10571.69,-10.78,-0.1,4753.42,334.72
20230322,930955,红利低波100,10597.09,10653.97,10576.74,10646.56,74.86,0.71,4103.3,310.78
20230323,930955,红利低波100,10636.35,10685.18,10600.4,10684.38,37.82,0.36,4223.11,340.19
20230324,930955,红利低波100,10687.89,10687.89,10611.35,10627.22,-57.16,-0.53,4305.36,332.42
20230327,930955,红利低波100,10610.7,10610.7,10473.64,10530.13,-97.08,-0.91,4869.35,365.3
20230328,930955,红利低波100,10547.4,10581.49,10506.74,10539.62,9.48,0.09,3644.83,282.92
20230329,930955,红利低波100,10558.13,10565.34,10465.85,10481.84,-57.78,-0.55,3700.57,302.98
20230330,930955,红利低波100,10499.05,10544.52,10410.81,10514.48,32.64,0.31,4520.94,352.57
20230331,930955,红利低波100,10520.12,10586.8,10509.73,10550.99,36.51,0.35,3996.34,305.12
20230403,930955,红利低波100,10558.77,10636.5,10552.88,10621.56,70.57,0.67,4698.52,363.04
20230404,930955,红利低波100,10623.92,10713.54,10608.8,10713.54,91.98,0.86,5351.6,404.2
20230406,930955,红利低波100,10709.0,10709.0,10656.6,10673.7,-39.84,-0.37,3732.97,301.87
20230407,930955,红利低波100,10682.9,10682.9,10642.65,10662.55,-11.15,-0.1,2879.87,232.98
20230410,930955,红利低波100,10677.28,10705.1,10649.53,10657.9,-4.64,-0.04,4022.14,311.11
20230411,930955,红利低波100,10666.27,10728.18,10642.67,10727.9,70.0,0.66,4071.24,335.31
20230412,930955,红利低波100,10741.28,10872.81,10732.92,10866.83,138.93,1.29,5036.42,366.09
20230413,930955,红利低波100,10862.72,10905.64,10841.6,10869.82,2.99,0.03,4955.51,377.51
20230414,930955,红利低波100,10883.41,10896.78,10796.88,10845.69,-24.13,-0.22,3957.7,309.38
20230417,930955,红利低波100,10832.12,10975.73,10817.8,10975.4,129.72,1.2,6478.52,513.48
20230418,930955,红利低波100,10975.44,11040.11,10952.18,11025.93,50.53,0.46,6059.11,493.21
20230419,930955,红利低波100,11030.11,11089.94,11005.07,11022.53,-3.39,-0.03,5403.77,422.69
20230420,930955,红利低波100,11019.69,11106.6,10979.92,11104.11,81.57,0.74,5601.96,456.16
20230421,930955,红利低波100,11109.3,11179.91,10950.71,10953.38,-150.73,-1.36,5850.81,475.29
20230424,930955,红利低波100,10985.07,11078.93,10954.95,10992.53,39.15,0.36,5606.61,433.91
20230425,930955,红利低波100,11012.64,11093.24,10912.88,11058.37,65.85,0.6,6608.2,492.11
20230426,930955,红利低波100,11017.53,11059.89,10882.38,11011.17,-47.2,-0.43,6173.93,457.61
20230427,930955,红利低波100,10990.38,11101.38,10968.35,11063.78,52.61,0.48,5429.28,539.46
20230428,930955,红利低波100,11040.99,11247.62,11040.74,11241.49,177.71,1.61,6506.85,602.13
20230504,930955,红利低波100,11201.32,11533.65,11199.64,11531.48,289.99,2.58,11009.43,882.28
20230505,930955,红利低波100,11550.62,11675.16,11472.2,11550.31,18.84,0.16,9951.32,763.21
20230508,930955,红利低波100,11547.81,11835.91,11529.9,11783.6,233.29,2.02,13775.81,1002.87
20230509,930955,红利低波100,11816.26,11940.71,11680.66,11689.02,-94.59,-0.8,14369.5,1059.05
20230510,930955,红利低波100,11648.02,11676.16,11404.28,11456.22,-232.8,-1.99,10790.29,744.73
20230511,930955,红利低波100,11477.27,11542.7,11416.6,11452.62,-3.6,-0.03,6570.58,467.19
20230512,930955,红利低波100,11432.46,11536.83,11366.59,11378.01,-74.6,-0.65,6051.23,445.41
20230515,930955,红利低波100,11373.49,11379.81,11108.04,11371.09,-6.93,-0.06,7888.98,563.92
20230516,930955,红利低波100,11367.93,11403.44,11249.44,11278.41,-92.67,-0.81,5833.0,424.97
20230517,930955,红利低波100,11252.14,11317.35,11183.53,11255.8,-22.62,-0.2,4347.64,338.55
20230518,930955,红利低波100,11276.29,11397.59,11267.5,11317.46,61.66,0.55,5764.6,433.87
20230519,930955,红利低波100,11302.06,11302.06,11141.91,11158.48,-158.98,-1.4,4642.93,354.3
20230522,930955,红利低波100,11125.77,11183.69,11070.0,11112.31,-46.17,-0.41,4230.22,329.13
20230523,930955,红利低波100,11113.82,11129.35,10948.19,10948.19,-164.12,-1.48,4762.63,337.5
20230524,930955,红利低波100,10926.25,10926.25,10779.17,10784.42,-163.77,-1.49,6032.94,405.68
20230525,930955,红利低波100,10772.46,10816.45,10671.39,10782.75,-1.67,-0.01,4665.94,348.25
20230526,930955,红利低波100,10773.85,10905.87,10746.49,10879.4,96.65,0.9,3431.48,262.92
20230529,930955,红利低波100,10874.07,11035.15,10874.07,10982.58,103.18,0.95,4710.17,362.77
20230530,930955,红利低波100,10955.76,11031.68,10878.19,10992.68,10.1,0.09,4622.16,366.97
20230531,930955,红利低波100,10962.62,11005.03,10920.26,10962.4,-30.28,-0.27,4046.93,333.42
20230601,930955,红利低波100,10937.41,11045.68,10891.32,10960.92,-1.48,-0.01,4326.72,331.16
20230602,930955,红利低波100,10977.68,11019.49,10948.9,10976.41,15.49,0.14,3739.48,311.43
20230605,930955,红利低波100,10981.77,11071.67,10958.08,11043.53,67.12,0.61,3771.02,283.13
20230606,930955,红利低波100,11023.12,11094.9,10902.43,10922.09,-121.44,-1.1,4063.87,311.88
20230607,930955,红利低波100,10930.78,11044.12,10929.01,11028.64,106.55,0.97,3316.28,247.67
20230608,930955,红利低波100,11026.34,11141.4,10955.67,11127.86,99.23,0.9,4606.67,338.86
20230609,930955,红利低波100,11133.25,11163.35,11083.96,11126.75,-1.11,-0.01,4338.28,346.14
20230612,930955,红利低波100,11119.66,11120.76,11036.38,11045.19,-81.57,-0.73,4574.3,293.56
20230613,930955,红利低波100,11025.76,11059.36,10980.69,11005.33,-39.85,-0.36,3315.49,213.27
20230614,930955,红利低波100,11002.98,11040.04,10925.75,10925.75,-79.58,-0.72,4405.2,280.48
20230615,930955,红利低波100,10939.75,10958.21,10884.9,10939.24,13.49,0.12,3423.96,229.06
20230616,930955,红利低波100,10940.13,10971.58,10918.75,10925.45,-13.79,-0.13,3896.35,264.6
20230619,930955,红利低波100,10918.67,10919.74,10791.82,10792.0,-133.45,-1.22,4143.79,253.7
20230620,930955,红利低波100,10788.24,10790.25,10713.22,10713.22,-78.77,-0.73,3279.02,205.24
20230621,930955,红利低波100,10688.41,10728.39,10622.1,10622.1,-91.12,-0.85,3591.78,217.18
20230626,930955,红利低波100,10581.35,10581.35,10448.89,10466.01,-156.09,-1.47,4197.06,255.12
20230627,930955,红利低波100,10483.04,10661.6,10482.68,10640.43,174.42,1.67,3610.72,218.97
20230628,930955,红利低波100,10627.98,10668.19,10573.14,10665.11,24.68,0.23,3031.76,189.98
20230629,930955,红利低波100,10638.05,10670.16,10613.79,10637.12,-27.99,-0.26,2964.42,181.79
20230630,930955,红利低波100,10633.2,10717.28,10626.31,10687.35,50.22,0.47,3238.15,194.31
20230703,930955,红利低波100,10717.77,10820.57,10717.51,10807.15,119.8,1.12,4045.94,250.63
20230704,930955,红利低波100,10800.85,10805.46,10719.72,10755.11,-52.04,-0.48,3126.43,191.97
20230705,930955,红利低波100,10750.73,10790.47,10727.26,10741.47,-13.64,-0.13,2467.75,156.27
20230706,930955,红利低波100,10708.73,10746.79,10656.57,10669.5,-71.97,-0.67,3095.94,184.3
20230707,930955,红利低波100,10650.46,10747.01,10636.37,10715.19,45.69,0.43,3032.34,182.92
20230710,930955,红利低波100,10737.86,10768.31,10704.82,10748.06,32.87,0.31,2668.18,171.96
20230711,930955,红利低波100,10762.78,10796.31,10727.32,10791.83,43.78,0.41,2610.25,165.39
20230712,930955,红利低波100,10784.11,10801.83,10704.01,10711.21,-80.63,-0.75,2933.8,181.0
20230713,930955,红利低波100,10718.81,10816.38,10718.81,10808.37,97.17,0.91,3386.22,224.7
20230714,930955,红利低波100,10811.17,10854.38,10790.35,10812.81,4.44,0.04,3580.75,228.22
20230717,930955,红利低波100,10777.68,10792.17,10731.26,10791.89,-20.92,-0.19,3039.37,182.32
20230718,930955,红利低波100,10790.56,10819.95,10742.43,10792.63,0.74,0.01,2905.57,176.8
20230719,930955,红利低波100,10778.62,10845.36,10774.93,10844.86,52.23,0.48,2744.29,173.83
20230720,930955,红利低波100,10839.3,10866.86,10771.41,10780.7,-64.16,-0.59,2813.1,180.65
20230721,930955,红利低波100,10759.96,10817.44,10754.21,10797.32,16.62,0.15,2448.38,158.6
20230724,930955,红利低波100,10795.22,10844.95,10761.55,10820.52,23.19,0.21,2266.85,140.65
20230725,930955,红利低波100,10883.07,10986.07,10883.07,10980.94,160.43,1.48,4745.37,341.98
20230726,930955,红利低波100,10977.94,11019.59,10963.06,11017.91,36.97,0.34,3229.48,213.22
20230727,930955,红利低波100,11010.64,11138.52,11002.97,11060.89,42.97,0.39,4300.43,263.96
20230728,930955,红利低波100,11034.88,11296.68,11034.45,11284.23,223.35,2.02,6415.88,436.64
20230731,930955,红利低波100,11322.04,11432.28,11322.04,11381.08,96.84,0.86,7155.64,472.43
20230801,930955,红利低波100,11366.29,11453.18,11337.4,11399.88,18.8,0.16,5168.47,323.46
20230802,930955,红利低波100,11371.01,11404.13,11306.36,11334.56,-65.32,-0.57,5214.51,312.61
20230803,930955,红利低波100,11319.23,11401.21,11268.46,11393.09,58.53,0.52,4508.15,291.63
20230804,930955,红利低波100,11445.0,11509.1,11384.47,11389.77,-3.32,-0.03,5708.44,399.71
20230807,930955,红利低波100,11360.91,11360.91,11257.39,11287.23,-102.54,-0.9,4175.8,279.14
20230808,930955,红利低波100,11277.12,11313.72,11218.03,11270.2,-17.03,-0.15,3237.98,230.68
20230809,930955,红利低波100,11260.62,11275.6,11218.63,11236.15,-34.04,-0.3,2965.38,201.75
20230810,930955,红利低波100,11227.47,11276.27,11206.32,11259.9,23.75,0.21,2785.85,198.71
20230811,930955,红利低波100,11262.88,11262.88,11060.49,11060.49,-199.41,-1.77,3972.59,263.75
20230814,930955,红利低波100,10985.87,11078.96,10926.98,11052.01,-8.48,-0.08,3691.98,245.8
20230815,930955,红利低波100,11059.37,11138.92,11024.62,11126.12,74.1,0.67,3811.74,236.91
20230816,930955,红利低波100,11105.79,11194.49,11049.67,11136.15,10.04,0.09,3108.14,204.38
20230817,930955,红利低波100,11101.03,11146.39,11038.27,11130.76,-5.39,-0.05,3551.39,228.07
20230818,930955,红利低波100,11120.65,11219.05,11082.04,11082.04,-48.72,-0.44,3774.52,232.82
20230821,930955,红利低波100,11080.86,11127.89,10967.12,10967.12,-114.92,-1.04,3748.48,249.08
20230822,930955,红利低波100,10991.53,11043.11,10920.71,11021.18,54.07,0.49,3908.86,247.99
20230823,930955,红利低波100,11025.89,11071.52,10952.46,10960.5,-60.69,-0.55,3510.43,215.7
20230824,930955,红利低波100,10978.96,11015.93,10883.18,10883.18,-77.32,-0.7,3692.78,227.79
20230825,930955,红利低波100,10876.85,11027.75,10855.75,10935.4,52.22,0.48,3829.12,227.77
20230828,930955,红利低波100,11410.95,11429.46,11059.51,11087.61,152.21,1.39,7152.77,500.39
20230829,930955,红利低波100,11067.4,11113.06,10964.53,11045.57,-42.04,-0.38,6014.95,381.9
20230830,930955,红利低波100,11040.64,11072.57,10928.82,10931.81,-113.77,-1.03,4720.42,295.83
20230831,930955,红利低波100,10937.46,11002.4,10852.14,10860.26,-71.55,-0.65,4489.8,292.9
20230901,930955,红利低波100,10876.7,10984.16,10876.7,10962.52,102.26,0.94,3862.04,253.05
20230904,930955,红利低波100,10994.49,11164.82,10994.49,11138.86,176.34,1.61,5417.69,356.67
20230905,930955,红利低波100,11123.97,11123.97,11024.06,11039.19,-99.66,-0.89,3746.33,250.73
20230906,930955,红利低波100,11021.44,11021.44,10946.73,10987.42,-51.77,-0.47,2920.03,188.43
20230907,930955,红利低波100,10983.45,11004.97,10903.76,10912.45,-74.97,-0.68,3557.54,219.13
20230908,930955,红利低波100,10898.12,10898.12,10802.64,10819.19,-93.26,-0.85,2591.16,161.48
20230911,930955,红利低波100,10828.85,10931.48,10824.11,10909.97,90.77,0.84,3655.48,232.46
20230912,930955,红利低波100,10904.7,10937.63,10893.72,10914.41,4.44,0.04,2506.4,162.16
20230913,930955,红利低波100,10920.68,10967.17,10857.21,10893.78,-20.63,-0.19,2908.57,187.4
20230914,930955,红利低波100,10901.41,10973.35,10882.9,10966.96,73.17,0.67,4152.16,256.35
20230915,930955,红利低波100,10985.52,11028.37,10918.32,10950.3,-16.65,-0.15,4247.11,259.59
20230918,930955,红利低波100,10946.78,10976.03,10886.81,10964.61,14.31,0.13,3255.29,198.55
20230919,930955,红利低波100,10956.7,11029.02,10947.36,11018.08,53.47,0.49,3657.92,220.92
20230920,930955,红利低波100,11011.7,11056.74,10975.07,11023.49,5.41,0.05,3420.68,202.09
20230921,930955,红利低波100,11016.56,11028.05,10935.68,10936.0,-87.49,-0.79,3209.42,194.63
20230922,930955,红利低波100,10938.85,10998.64,10906.13,10990.71,54.7,0.5,3907.88,241.62
20230925,930955,红利低波100,10987.97,11026.88,10956.23,10968.01,-22.7,-0.21,3493.43,216.8
20230926,930955,红利低波100,10970.61,10984.6,10911.27,10911.27,-56.74,-0.52,2601.27,159.77
20230927,930955,红利低波100,10918.54,10943.23,10868.27,10868.27,-43.0,-0.39,3136.57,187.59
20230928,930955,红利低波100,10889.6,10918.19,10875.33,10880.91,12.64,0.12,2810.21,175.13
20231009,930955,红利低波100,10857.32,10859.45,10770.74,10843.55,-37.36,-0.34,3626.77,219.97
20231010,930955,红利低波100,10853.32,10883.57,10751.09,10753.83,-89.72,-0.83,3244.13,192.83
20231011,930955,红利低波100,10773.96,10788.77,10707.47,10713.91,-39.92,-0.37,3539.99,211.6
20231012,930955,红利低波100,10770.39,10862.75,10770.39,10852.42,138.51,1.29,4723.73,258.74
20231013,930955,红利低波100,10816.42,10847.78,10787.05,10818.54,-33.88,-0.31,4124.12,231.04
20231016,930955,红利低波100,10823.37,10845.18,10781.93,10829.04,10.5,0.1,3392.24,205.23
20231017,930955,红利低波100,10841.23,10866.95,10814.63,10860.47,31.43,0.29,2832.82,183.45
20231018,930955,红利低波100,10851.5,10851.73,10757.34,10758.19,-102.28,-0.94,3403.57,211.26
20231019,930955,红利低波100,10730.86,10730.86,10578.34,10578.34,-179.85,-1.67,4379.97,261.71
20231020,930955,红利低波100,10557.55,10617.42,10530.8,10546.09,-32.25,-0.3,3460.04,206.93
20231023,930955,红利低波100,10526.24,10526.85,10324.72,10368.64,-177.45,-1.68,3451.23,199.67
20231024,930955,红利低波100,10386.05,10451.62,10340.5,10434.2,65.56,0.63,4041.18,230.48
20231025,930955,红利低波100,10536.92,10613.77,10536.92,10580.18,145.98,1.4,4414.3,263.52
20231026,930955,红利低波100,10541.88,10638.71,10526.69,10623.96,43.78,0.41,3670.03,216.61
20231027,930955,红利低波100,10619.18,10740.12,10605.07,10701.92,77.96,0.73,4009.23,247.38
20231030,930955,红利低波100,10687.73,10714.97,10627.4,10638.83,-63.09,-0.59,5341.62,307.52
20231031,930955,红利低波100,10637.45,10684.3,10602.98,10649.17,10.34,0.1,4131.42,277.65
20231101,930955,红利低波100,10660.76,10665.69,10605.73,10645.52,-3.65,-0.03,3944.67,233.85
20231102,930955,红利低波100,10649.25,10697.34,10640.43,10642.17,-3.36,-0.03,3282.93,194.28
20231103,930955,红利低波100,10651.78,10688.55,10609.76,10613.76,-28.41,-0.27,3501.41,203.25
20231106,930955,红利低波100,10647.04,10669.69,10593.45,10621.33,7.58,0.07,5083.06,307.62
20231107,930955,红利低波100,10612.77,10641.11,10572.9,10612.87,-8.47,-0.08,3330.51,201.62
20231108,930955,红利低波100,10605.65,10608.24,10523.6,10556.97,-55.9,-0.53,3225.7,191.41
20231109,930955,红利低波100,10554.46,10611.38,10553.02,10591.06,34.09,0.32,3357.42,206.84
20231110,930955,红利低波100,10580.11,10593.08,10520.49,10570.75,-20.31,-0.19,3161.38,194.34
20231113,930955,红利低波100,10584.23,10603.29,10513.95,10593.85,23.1,0.22,2992.44,178.13
20231114,930955,红利低波100,10593.44,10638.04,10588.64,10629.23,35.38,0.33,3254.98,200.61
20231115,930955,红利低波100,10682.92,10706.71,10656.12,10701.16,71.93,0.68,3079.25,190.57
20231116,930955,红利低波100,10701.48,10732.09,10677.51,10694.59,-6.57,-0.06,3059.15,193.12
20231117,930955,红利低波100,10675.68,10699.34,10645.2,10689.82,-4.77,-0.04,2895.43,181.84
20231120,930955,红利低波100,10702.01,10735.82,10664.19,10722.01,32.19,0.3,2997.55,189.82
20231121,930955,红利低波100,10736.98,10806.13,10736.09,10742.69,20.69,0.19,3320.6,209.49
20231122,930955,红利低波100,10727.86,10767.14,10696.31,10696.31,-46.39,-0.43,2504.88,154.95
20231123,930955,红利低波100,10707.21,10800.72,10691.34,10793.45,97.14,0.91,2684.26,171.33
20231124,930955,红利低波100,10783.7,10848.21,10778.32,10831.16,37.72,0.35,3041.06,189.49
20231127,930955,红利低波100,10843.57,10843.57,10743.26,10775.76,-55.4,-0.51,3637.88,232.02
20231128,930955,红利低波100,10756.68,10814.88,10717.04,10808.64,32.88,0.31,2994.9,192.23
20231129,930955,红利低波100,10802.86,10802.86,10722.06,10724.38,-84.26,-0.78,3435.66,218.0
20231130,930955,红利低波100,10713.93,10756.54,10693.57,10743.89,19.51,0.18,3565.43,228.49
20231201,930955,红利低波100,10743.34,10794.62,10729.25,10779.05,35.16,0.33,3457.63,216.82
20231204,930955,红利低波100,10774.11,10802.52,10758.72,10774.58,-4.47,-0.04,2910.26,181.94
20231205,930955,红利低波100,10765.98,10778.15,10670.54,10672.24,-102.34,-0.95,3388.78,211.45
20231206,930955,红利低波100,10662.94,10721.71,10624.33,10684.97,12.73,0.12,4008.05,237.58
20231207,930955,红利低波100,10663.12,10685.17,10596.65,10645.18,-39.79,-0.37,3652.9,219.26
20231208,930955,红利低波100,10638.21,10688.52,10614.42,10624.09,-21.09,-0.2,5120.11,303.8
20231211,930955,红利低波100,10594.69,10711.0,10470.84,10702.69,78.6,0.74,4531.46,280.53
20231212,930955,红利低波100,10674.89,10742.83,10640.39,10742.5,39.81,0.37,3244.91,198.18
20231213,930955,红利低波100,10722.42,10751.86,10684.01,10686.28,-56.22,-0.52,2662.91,171.72
20231214,930955,红利低波100,10700.64,10717.39,10657.38,10659.23,-27.05,-0.25,2174.97,141.75
20231215,930955,红利低波100,10668.08,10693.26,10576.07,10582.41,-76.81,-0.72,2698.83,172.19
20231218,930955,红利低波100,10575.54,10618.88,10525.64,10537.57,-44.85,-0.42,2909.32,174.12
20231219,930955,红利低波100,10539.71,10540.04,10476.03,10522.07,-15.49,-0.15,2370.76,152.43
20231220,930955,红利低波100,10531.73,10600.25,10473.39,10473.44,-48.63,-0.46,2729.39,174.71
20231221,930955,红利低波100,10457.03,10469.93,10351.35,10466.9,-6.55,-0.06,3210.99,197.23
20231222,930955,红利低波100,10467.41,10514.13,10428.05,10457.61,-9.28,-0.09,2963.0,188.37
20231225,930955,红利低波100,10441.49,10445.02,10375.6,10434.84,-22.77,-0.22,2091.51,132.97
20231226,930955,红利低波100,10430.28,10492.34,10413.13,10425.46,-9.38,-0.09,2245.11,148.19
20231227,930955,红利低波100,10425.4,10476.1,10366.55,10468.65,43.2,0.41,2692.19,166.2
20231228,930955,红利低波100,10463.14,10524.04,10449.67,10511.43,42.78,0.41,4202.17,261.72
20231229,930955,红利低波100,10495.15,10546.76,10486.84,10537.04,25.61,0.24,2947.39,190.07
20240102,930955,红利低波100,10526.74,10663.56,10516.58,10623.93,86.89,0.82,3578.48,231.3
20240103,930955,红利低波100,10604.36,10719.74,10602.84,10711.19,87.27,0.82,3368.43,210.76
20240104,930955,红利低波100,10707.29,10750.02,10673.47,10731.06,19.86,0.19,3460.36,218.91
20240105,930955,红利低波100,10726.65,10868.22,10699.43,10740.39,9.34,0.09,4682.0,289.5
20240108,930955,红利低波100,10719.2,10719.2,10602.05,10602.05,-138.34,-1.29,3735.86,240.46
20240109,930955,红利低波100,10602.51,10681.61,10544.29,10657.85,55.8,0.53,3276.65,211.97
20240110,930955,红利低波100,10640.74,10662.69,10606.46,10616.76,-41.09,-0.39,2668.56,178.22
20240111,930955,红利低波100,10608.38,10663.07,10580.19,10614.74,-2.02,-0.02,3359.57,211.96
20240112,930955,红利低波100,10603.44,10723.08,10602.5,10656.18,41.44,0.39,2824.7,177.5
20240115,930955,红利低波100,10636.23,10714.62,10627.68,10685.0,28.82,0.27,2674.94,169.04
20240116,930955,红利低波100,10673.44,10740.01,10624.14,10724.65,39.64,0.37,3624.93,226.91
20240117,930955,红利低波100,10711.19,10748.77,10580.43,10580.43,-144.22,-1.34,3760.22,243.62
20240118,930955,红利低波100,10552.64,10552.64,10230.47,10488.92,-91.51,-0.86,6022.74,370.66
20240119,930955,红利低波100,10467.1,10502.53,10399.79,10432.85,-56.06,-0.53,3586.18,242.09
20240122,930955,红利低波100,10421.93,10421.93,10016.9,10079.1,-353.76,-3.39,5041.92,322.45
20240123,930955,红利低波100,10060.32,10214.27,9947.34,10168.9,89.8,0.89,3860.12,240.09
20240124,930955,红利低波100,10198.69,10415.73,10122.52,10411.76,242.86,2.39,4449.37,276.53
20240125,930955,红利低波100,10428.08,10689.59,10414.48,10688.99,277.23,2.66,4831.29,304.83
20240126,930955,红利低波100,10685.2,10842.4,10671.26,10806.6,117.61,1.1,5287.42,325.47
20240129,930955,红利低波100,10829.12,10880.89,10771.54,10783.71,-22.89,-0.21,5350.88,329.27
20240130,930955,红利低波100,10728.55,10818.32,10614.83,10621.26,-162.45,-1.51,4233.64,267.46
20240131,930955,红利低波100,10577.53,10664.73,10458.8,10511.06,-110.2,-1.04,4570.25,298.54
20240201,930955,红利低波100,10467.15,10535.76,10349.86,10406.18,-104.87,-1.0,4263.23,272.38
20240202,930955,红利低波100,10413.66,10537.95,10091.31,10314.41,-91.78,-0.88,5715.12,366.61
20240205,930955,红利低波100,10267.27,10356.31,9955.98,10196.14,-118.27,-1.15,7234.27,461.38
20240206,930955,红利低波100,10106.7,10608.9,10091.64,10542.51,346.37,3.4,7097.89,466.74
20240207,930955,红利低波100,10540.43,10800.67,10471.47,10798.47,255.96,2.43,8750.35,554.32
20240208,930955,红利低波100,10792.96,10972.01,10775.56,10863.73,65.26,0.6,7309.09,461.15
20240219,930955,红利低波100,10917.43,10981.77,10787.3,10934.72,70.99,0.65,6255.23,407.96
20240220,930955,红利低波100,10911.55,11029.0,10861.67,11017.39,82.67,0.76,4446.76,303.52
20240221,930955,红利低波100,10985.17,11213.28,10945.24,11044.79,27.4,0.25,5546.56,380.04
20240222,930955,红利低波100,11021.22,11118.18,10997.93,11117.81,73.02,0.66,3805.01,268.33
20240223,930955,红利低波100,11123.93,11185.56,11052.02,11115.5,-2.32,-0.02,4534.42,306.45
20240226,930955,红利低波100,11102.45,11102.45,10914.93,10936.0,-179.5,-1.61,4831.67,327.92
20240227,930955,红利低波100,10913.33,11002.91,10894.34,11002.91,66.91,0.61,3767.5,255.32
20240228,930955,红利低波100,10994.38,11072.66,10911.66,10911.66,-91.25,-0.83,5177.14,355.9
20240229,930955,红利低波100,10876.67,11054.61,10875.94,11054.61,142.95,1.31,4135.72,289.75
20240301,930955,红利低波100,11050.48,11085.28,11011.5,11044.38,-10.22,-0.09,3938.96,273.38
20240304,930955,红利低波100,11022.8,11042.37,10955.65,11035.57,-8.81,-0.08,3880.71,277.54
20240305,930955,红利低波100,11008.57,11094.15,10998.29,11071.68,36.1,0.33,4368.28,316.44
20240306,930955,红利低波100,11059.31,11132.27,11044.73,11058.28,-13.4,-0.12,3842.1,274.56
20240307,930955,红利低波100,11056.94,11173.13,11055.19,11079.31,21.03,0.19,3683.76,255.48
20240308,930955,红利低波100,11077.94,11147.13,11037.85,11138.92,59.61,0.54,3229.62,227.76
20240311,930955,红利低波100,11133.64,11171.84,11034.27,11124.36,-14.56,-0.13,3513.21,281.0
20240312,930955,红利低波100,11112.59,11116.96,10979.84,11004.88,-119.48,-1.07,4523.5,360.11
20240313,930955,红利低波100,10995.81,10998.53,10906.39,10956.16,-48.72,-0.44,3342.94,262.22
20240314,930955,红利低波100,10940.45,11024.63,10919.81,10958.81,2.65,0.02,2955.01,228.56
20240315,930955,红利低波100,10954.03,11045.43,10924.29,11045.43,86.62,0.79,3520.1,276.02
20240318,930955,红利低波100,11041.11,11071.3,10982.46,11067.9,22.47,0.2,3338.48,259.93
20240319,930955,红利低波100,11053.75,11085.45,10993.86,10996.34,-71.56,-0.65,3062.55,237.01
20240320,930955,红利低波100,10985.25,11041.58,10950.17,11021.36,25.02,0.23,2857.05,216.74
20240321,930955,红利低波100,11024.7,11051.12,10988.42,11024.02,2.66,0.02,2930.6,224.55
20240322,930955,红利低波100,11008.3,11018.0,10862.1,10913.42,-110.6,-1.0,3225.63,241.45
20240325,930955,红利低波100,10885.6,11017.71,10878.09,10892.62,-20.8,-0.19,3272.48,249.07
20240326,930955,红利低波100,10891.4,10935.86,10829.51,10930.09,37.48,0.34,3444.15,275.61
20240327,930955,红利低波100,10909.16,10945.24,10831.14,10831.14,-98.95,-0.91,3625.28,277.65
20240328,930955,红利低波100,10815.24,10910.58,10782.55,10836.02,4.88,0.04,4495.45,313.33
20240329,930955,红利低波100,10827.81,10954.22,10824.59,10950.23,114.2,1.05,3505.85,257.05
20240401,930955,红利低波100,10964.92,11076.32,10964.92,11072.23,122.0,1.11,3895.1,306.35
20240402,930955,红利低波100,11070.54,11163.05,11063.96,11151.1,78.87,0.71,4224.05,308.12
20240403,930955,红利低波100,11140.47,11216.4,11116.76,11210.43,59.34,0.53,3624.02,270.45
20240408,930955,红利低波100,11194.45,11309.96,11172.39,11189.18,-21.26,-0.19,4314.21,309.44
20240409,930955,红利低波100,11180.96,11250.09,11162.23,11221.38,32.2,0.29,3711.71,263.24
20240410,930955,红利低波100,11214.8,11291.45,11145.62,11212.62,-8.75,-0.08,3729.86,279.43
20240411,930955,红利低波100,11160.92,11341.7,11129.61,11281.35,68.73,0.61,3589.17,266.94
20240412,930955,红利低波100,11267.26,11313.56,11216.53,11231.84,-49.52,-0.44,3465.87,250.6
20240415,930955,红利低波100,11232.38,11418.26,11133.51,11363.94,132.11,1.18,4993.2,360.48
20240416,930955,红利低波100,11336.94,11416.59,11218.31,11229.79,-134.15,-1.18,5149.23,378.73
20240417,930955,红利低波100,11241.17,11460.15,11226.6,11460.15,230.36,2.05,4965.76,367.45
20240418,930955,红利低波100,11443.43,11594.69,11432.55,11484.71,24.55,0.21,5433.36,406.03
20240419,930955,红利低波100,11445.67,11636.84,11440.36,11576.84,92.14,0.8,4041.04,296.09
20240422,930955,红利低波100,11576.1,11640.01,11409.25,11413.1,-163.74,-1.41,4266.83,323.33
20240423,930955,红利低波100,11390.96,11402.57,11240.61,11252.1,-161.0,-1.41,4110.72,305.64
20240424,930955,红利低波100,11260.38,11273.72,11173.03,11273.72,21.62,0.19,3326.82,250.64
20240425,930955,红利低波100,11253.19,11358.07,11245.66,11352.88,79.16,0.7,3442.78,268.18
20240426,930955,红利低波100,11305.9,11349.66,11191.42,11311.39,-41.49,-0.37,6305.57,473.94
20240429,930955,红利低波100,11238.58,11362.64,11181.39,11345.04,33.65,0.3,6360.21,509.19
20240430,930955,红利低波100,11330.05,11407.7,11303.73,11343.26,-1.78,-0.01,4943.96,403.42
20240506,930955,红利低波100,11438.89,11514.88,11388.08,11510.15,166.89,1.47,5963.53,482.97
20240507,930955,红利低波100,11511.26,11511.26,11407.04,11471.89,-38.26,-0.33,4593.2,340.2
20240508,930955,红利低波100,11452.45,11485.42,11402.13,11410.64,-61.25,-0.53,3869.88,302.19
20240509,930955,红利低波100,11403.21,11554.34,11403.21,11529.66,119.02,1.04,3953.24,300.84
20240510,930955,红利低波100,11529.79,11564.88,11473.97,11550.75,21.09,0.18,4249.53,332.38
20240513,930955,红利低波100,11530.83,11619.82,11457.94,11603.53,52.77,0.46,4531.89,344.44
20240514,930955,红利低波100,11589.6,11636.2,11556.33,11565.67,-37.86,-0.33,3787.67,296.28
20240515,930955,红利低波100,11558.25,11600.82,11505.75,11521.64,-44.03,-0.38,3057.68,241.34
20240516,930955,红利低波100,11533.65,11598.18,11505.1,11531.57,9.93,0.09,4494.86,361.64
20240517,930955,红利低波100,11530.62,11655.81,11493.96,11653.61,122.04,1.06,4326.47,332.68
20240520,930955,红利低波100,11673.02,11743.72,11649.21,11687.85,34.24,0.29,4729.79,377.43
20240521,930955,红利低波100,11676.85,11701.96,11627.94,11675.15,-12.7,-0.11,3648.67,294.85
20240522,930955,红利低波100,11672.09,11758.34,11672.09,11689.36,14.21,0.12,4253.52,327.98
20240523,930955,红利低波100,11665.07,11665.07,11498.61,11519.63,-169.73,-1.45,4003.23,308.98
20240524,930955,红利低波100,11499.47,11622.85,11499.47,11516.06,-3.58,-0.03,3420.73,271.39
20240527,930955,红利低波100,11527.79,11644.57,11527.79,11642.12,126.06,1.09,3747.83,296.64
20240528,930955,红利低波100,11625.21,11650.78,11532.26,11552.4,-89.72,-0.77,3211.7,244.55
20240529,930955,红利低波100,11524.38,11628.75,11502.61,11549.19,-3.21,-0.03,3382.14,255.77
20240530,930955,红利低波100,11539.9,11632.84,11473.89,11498.5,-50.69,-0.44,3548.81,275.24
20240531,930955,红利低波100,11507.27,11546.26,11466.19,11468.97,-29.53,-0.26,3196.3,253.1
20240603,930955,红利低波100,11445.57,11445.57,11252.65,11322.63,-146.33,-1.27,4715.11,352.11
20240604,930955,红利低波100,11298.32,11417.64,11259.12,11405.6,82.97,0.73,3403.15,273.13
20240605,930955,红利低波100,11395.88,11399.15,11235.55,11242.85,-162.76,-1.43,3367.71,267.86
20240606,930955,红利低波100,11226.53,11257.69,11125.48,11157.01,-85.83,-0.76,3861.38,286.36
20240607,930955,红利低波100,11173.42,11284.11,11165.97,11275.97,118.96,1.07,3973.12,288.31
20240611,930955,红利低波100,11257.49,11257.93,11065.71,11113.65,-162.32,-1.44,4233.82,303.22
20240612,930955,红利低波100,11094.87,11133.54,11034.7,11119.42,5.77,0.05,3778.12,277.21
20240613,930955,红利低波100,11093.4,11107.85,10927.84,10960.81,-158.61,-1.43,3520.86,257.68
20240614,930955,红利低波100,10914.75,11026.81,10896.83,11001.19,40.38,0.37,5151.49,393.57
20240617,930955,红利低波100,10969.51,11010.9,10890.84,10906.49,-94.7,-0.86,4713.0,358.98
20240618,930955,红利低波100,10909.3,10988.69,10881.97,10963.92,57.43,0.53,3655.69,288.13
20240619,930955,红利低波100,10953.91,10970.37,10899.05,10907.15,-56.77,-0.52,3510.57,284.21
20240620,930955,红利低波100,10897.5,10928.55,10807.23,10822.1,-85.05,-0.78,3408.22,276.17
20240621,930955,红利低波100,10789.38,10865.53,10780.81,10810.28,-11.82,-0.11,3544.13,282.19
20240624,930955,红利低波100,10779.2,10780.66,10636.19,10682.63,-127.65,-1.18,4068.88,315.7
20240625,930955,红利低波100,10678.98,10795.88,10678.98,10734.53,51.91,0.49,3863.05,298.32
20240626,930955,红利低波100,10687.89,10777.44,10653.11,10767.93,33.39,0.31,3435.27,259.16
20240627,930955,红利低波100,10736.21,10758.62,10666.76,10700.23,-67.7,-0.63,4185.29,319.59
20240628,930955,红利低波100,10678.91,10822.51,10672.75,10740.19,39.96,0.37,4113.94,316.45
20240701,930955,红利低波100,10735.82,10921.4,10735.82,10910.35,170.16,1.58,4020.63,311.75
20240702,930955,红利低波100,10908.52,10961.95,10895.55,10943.44,33.1,0.3,4464.89,355.36
20240703,930955,红利低波100,10930.85,10972.3,10890.28,10901.12,-42.33,-0.39,3729.69,289.79
20240704,930955,红利低波100,10904.8,10937.31,10788.95,10804.57,-96.54,-0.89,3606.75,289.51
20240705,930955,红利低波100,10795.7,10818.71,10692.54,10754.27,-50.3,-0.46,4262.72,351.96
20240708,930955,红利低波100,10726.8,10760.39,10641.65,10658.6,-95.67,-0.89,3883.45,305.53
20240709,930955,红利低波100,10643.02,10784.25,10573.82,10765.11,106.5,1.0,4049.96,319.4
20240710,930955,红利低波100,10723.97,10734.04,10642.74,10652.7,-112.4,-1.04,3672.84,309.52
20240711,930955,红利低波100,10697.96,10726.47,10666.78,10719.89,67.19,0.63,4187.35,329.05
20240712,930955,红利低波100,10700.07,10764.96,10693.11,10728.98,9.09,0.08,4148.54,328.84
20240715,930955,红利低波100,10715.74,10783.77,10669.18,10769.3,40.31,0.37,3837.67,287.67
20240716,930955,红利低波100,10737.51,10749.55,10670.95,10710.04,-59.26,-0.55,3979.39,317.08
20240717,930955,红利低波100,10687.79,10736.87,10656.01,10715.38,5.34,0.05,3773.01,324.33
20240718,930955,红利低波100,10688.85,10750.51,10617.97,10743.55,28.17,0.26,3626.54,302.42
20240719,930955,红利低波100,10721.92,10721.92,10642.34,10688.69,-54.86,-0.51,4235.63,346.24
20240722,930955,红利低波100,10676.04,10679.24,10534.96,10580.33,-108.36,-1.01,4203.36,341.18
20240723,930955,红利低波100,10574.81,10599.63,10478.23,10478.23,-102.11,-0.97,4666.22,346.03
20240724,930955,红利低波100,10467.68,10518.95,10422.11,10467.88,-10.35,-0.1,4493.01,325.88
20240725,930955,红利低波100,10449.64,10498.81,10402.7,10468.75,0.87,0.01,4678.4,342.18
20240726,930955,红利低波100,10458.7,10496.61,10402.53,10464.17,-4.58,-0.04,4446.86,346.07
20240729,930955,红利低波100,10463.38,10507.62,10425.32,10484.39,20.22,0.19,3835.51,278.51
20240730,930955,红利低波100,10473.55,10474.86,10408.64,10464.89,-19.5,-0.19,3475.64,266.8
20240731,930955,红利低波100,10469.21,10623.67,10456.34,10611.52,146.63,1.4,5257.19,398.25
20240801,930955,红利低波100,10603.38,10647.91,10574.72,10594.12,-17.4,-0.16,4536.73,336.83
20240802,930955,红利低波100,10561.78,10624.73,10532.97,10557.45,-36.67,-0.35,3456.81,258.22
20240805,930955,红利低波100,10527.85,10621.42,10464.96,10464.96,-92.49,-0.88,4376.17,338.5
20240806,930955,红利低波100,10500.93,10544.34,10398.29,10463.19,-1.76,-0.02,3867.56,300.08
20240807,930955,红利低波100,10459.73,10507.72,10424.57,10461.25,-1.94,-0.02,3097.94,234.96
20240808,930955,红利低波100,10458.26,10548.85,10451.5,10527.4,66.15,0.63,2695.26,213.43
20240809,930955,红利低波100,10537.99,10577.41,10500.92,10500.92,-26.49,-0.25,2708.39,205.69
20240812,930955,红利低波100,10490.8,10519.21,10461.33,10479.99,-20.93,-0.2,2744.37,195.25
20240813,930955,红利低波100,10483.96,10526.17,10444.51,10512.17,32.19,0.31,2972.44,208.68
20240814,930955,红利低波100,10491.09,10503.09,10424.72,10424.72,-87.45,-0.83,2554.11,186.17
20240815,930955,红利低波100,10411.43,10555.34,10397.53,10517.45,92.73,0.89,3445.09,276.2
20240816,930955,红利低波100,10511.61,10541.82,10466.84,10486.56,-30.88,-0.29,3588.99,255.78
20240819,930955,红利低波100,10479.7,10590.87,10479.7,10575.55,88.99,0.85,4141.23,299.23
20240820,930955,红利低波100,10584.23,10585.4,10428.71,10469.99,-105.56,-1.0,4003.59,292.29
20240821,930955,红利低波100,10454.23,10454.23,10356.7,10384.6,-85.39,-0.81,3347.27,245.91
20240822,930955,红利低波100,10385.75,10409.83,10354.63,10367.68,-16.92,-0.16,3694.33,277.12
20240823,930955,红利低波100,10356.21,10403.44,10330.41,10390.26,22.58,0.22,3472.75,298.88
20240826,930955,红利低波100,10388.45,10409.82,10346.24,10404.86,14.6,0.14,3362.81,265.47
20240827,930955,红利低波100,10390.55,10417.97,10354.21,10383.2,-21.66,-0.21,3698.46,281.28
20240828,930955,红利低波100,10356.46,10379.64,10291.12,10322.28,-60.92,-0.59,3609.63,283.12
20240829,930955,红利低波100,10305.59,10306.38,10187.47,10187.47,-134.8,-1.31,5717.09,401.37
20240830,930955,红利低波100,10171.81,10326.41,10137.99,10214.18,26.7,0.26,7946.38,611.24
20240902,930955,红利低波100,10186.76,10246.9,10151.54,10175.81,-38.37,-0.37,6292.54,442.96
20240903,930955,红利低波100,10167.69,10196.96,10100.63,10139.35,-36.46,-0.36,5557.29,384.01
20240904,930955,红利低波100,10107.94,10149.12,10080.0,10082.18,-57.17,-0.56,3933.56,278.24
20240905,930955,红利低波100,10084.35,10120.35,10057.12,10101.9,19.72,0.19,3742.21,286.8
20240906,930955,红利低波100,10102.44,10154.92,10031.9,10034.42,-67.48,-0.67,3298.1,243.48
20240909,930955,红利低波100,10009.43,10009.43,9876.61,9901.1,-133.32,-1.33,4198.5,309.07
20240910,930955,红利低波100,9903.5,9929.77,9791.95,9885.57,-15.53,-0.16,3956.31,270.26
20240911,930955,红利低波100,9848.73,9848.73,9672.69,9712.15,-173.42,-1.75,4341.28,288.9
20240912,930955,红利低波100,9707.57,9756.17,9686.36,9718.41,6.26,0.06,3686.4,259.33
20240913,930955,红利低波100,9715.51,9772.45,9688.81,9696.11,-22.3,-0.23,3522.63,243.73
20240918,930955,红利低波100,9694.17,9796.12,9656.63,9787.2,91.09,0.94,3189.51,254.85
20240919,930955,红利低波100,9806.65,9887.45,9729.21,9835.11,47.91,0.49,3999.56,327.9
20240920,930955,红利低波100,9820.88,9837.14,9759.05,9814.29,-20.82,-0.21,3980.47,319.38
20240923,930955,红利低波100,9806.61,9900.27,9800.82,9882.87,68.58,0.7,3426.92,272.89
20240924,930955,红利低波100,9940.88,10269.7,9940.88,10269.7,386.82,3.91,7172.2,609.09
20240925,930955,红利低波100,10394.99,10618.53,10394.99,10443.71,174.01,1.69,8582.94,747.66
20240926,930955,红利低波100,10436.97,10852.1,10424.26,10851.08,407.37,3.9,8565.83,778.9
20240927,930955,红利低波100,11020.65,11102.21,10849.78,11030.85,179.76,1.66,8310.79,787.13
20240930,930955,红利低波100,11344.56,11872.59,11240.94,11786.94,756.1,6.85,18346.99,1718.55
20241008,930955,红利低波100,12886.6,12886.6,11729.88,12053.56,266.62,2.26,20641.14,2105.16
20241009,930955,红利低波100,11852.06,11852.06,11153.11,11153.99,-899.58,-7.46,14159.7,1360.84
20241010,930955,红利低波100,11225.0,11675.18,11155.63,11457.18,303.2,2.72,12614.87,1167.37
20241011,930955,红利低波100,11469.54,11544.85,11176.25,11268.04,-189.15,-1.65,8165.01,735.08
20241014,930955,红利低波100,11408.21,11624.38,11346.67,11565.29,297.25,2.64,11063.04,1034.57
20241015,930955,红利低波100,11513.8,11568.16,11295.72,11295.72,-269.57,-2.33,8039.18,735.82
20241016,930955,红利低波100,11231.7,11558.0,11229.46,11473.21,177.49,1.57,8118.21,735.47
20241017,930955,红利低波100,11507.8,11551.26,11277.35,11277.35,-195.86,-1.71,6910.17,653.71
20241018,930955,红利低波100,11239.82,11540.86,11110.27,11386.79,109.44,0.97,8768.47,839.78
20241021,930955,红利低波100,11410.47,11412.34,11225.65,11301.73,-85.06,-0.75,8142.32,728.22
20241022,930955,红利低波100,11294.1,11381.3,11272.23,11381.3,79.57,0.7,6012.45,559.35
20241023,930955,红利低波100,11381.0,11478.16,11368.77,11432.64,51.34,0.45,5818.51,565.79
20241024,930955,红利低波100,11398.21,11428.7,11308.54,11358.23,-74.42,-0.65,4454.39,396.39
20241025,930955,红利低波100,11351.14,11426.1,11348.4,11396.59,38.36,0.34,5122.21,455.65
20241028,930955,红利低波100,11382.86,11478.24,11329.15,11478.24,81.65,0.72,6459.34,555.65
20241029,930955,红利低波100,11479.36,11503.4,11288.76,11301.35,-176.88,-1.54,6347.44,550.46
20241030,930955,红利低波100,11262.03,11346.5,11168.56,11233.83,-67.52,-0.6,5783.02,536.13
20241031,930955,红利低波100,11225.19,11307.53,11149.36,11256.86,23.03,0.2,6775.98,665.09
20241101,930955,红利低波100,11246.19,11397.83,11229.28,11307.91,51.05,0.45,7297.89,642.18
20241104,930955,红利低波100,11333.05,11430.1,11243.0,11430.1,122.19,1.08,5736.7,509.03
20241105,930955,红利低波100,11424.1,11624.08,11405.01,11624.08,193.98,1.7,6916.34,662.35
20241106,930955,红利低波100,11636.19,11651.66,11522.24,11595.32,-28.76,-0.25,7098.58,708.09
20241107,930955,红利低波100,11535.26,11914.14,11525.9,11914.14,318.82,2.75,8521.31,855.99
20241108,930955,红利低波100,11984.03,12009.36,11701.5,11747.38,-166.77,-1.4,8116.26,789.7
20241111,930955,红利低波100,11691.16,11727.49,11540.72,11683.72,-63.66,-0.54,7300.41,661.72
20241112,930955,红利低波100,11697.72,11796.49,11568.32,11618.78,-64.94,-0.56,6900.05,668.57
20241113,930955,红利低波100,11597.21,11714.57,11586.61,11660.46,41.68,0.36,6030.12,548.05
20241114,930955,红利低波100,11653.94,11678.76,11496.05,11503.39,-157.06,-1.35,6342.24,567.74
20241115,930955,红利低波100,11472.31,11588.23,11429.16,11429.16,-74.23,-0.65,6320.2,556.08
20241118,930955,红利低波100,11527.87,11788.15,11527.87,11594.01,164.85,1.44,11542.26,878.62
20241119,930955,红利低波100,11575.38,11664.78,11457.76,11609.08,15.07,0.13,8168.62,613.34
20241120,930955,红利低波100,11575.75,11639.83,11541.64,11635.59,26.51,0.23,5622.17,445.01
20241121,930955,红利低波100,11618.42,11668.22,11575.56,11641.71,6.12,0.05,4571.19,388.35
20241122,930955,红利低波100,11635.88,11677.28,11307.49,11307.49,-334.22,-2.87,6051.43,542.13
20241125,930955,红利低波100,11319.62,11443.36,11274.16,11337.76,30.27,0.27,5397.35,478.31
20241126,930955,红利低波100,11317.34,11394.87,11294.58,11334.48,-3.28,-0.03,4797.35,397.09
20241127,930955,红利低波100,11306.39,11449.03,11199.3,11449.03,114.55,1.01,5015.93,415.21
20241128,930955,红利低波100,11441.09,11501.86,11406.1,11435.8,-13.22,-0.11,4421.54,372.49
20241129,930955,红利低波100,11439.04,11576.27,11439.04,11509.02,73.22,0.64,5605.37,480.07
20241202,930955,红利低波100,11515.22,11617.26,11486.25,11596.57,87.55,0.76,6302.99,535.38
20241203,930955,红利低波100,11598.92,11705.44,11542.7,11700.43,103.86,0.89,6332.36,532.6
20241204,930955,红利低波100,11661.23,11722.47,11610.51,11672.76,-27.68,-0.24,5662.02,518.24
20241205,930955,红利低波100,11651.81,11683.42,11620.22,11658.74,-14.02,-0.12,4352.86,384.25
20241206,930955,红利低波100,11659.37,11821.34,11659.37,11807.62,148.88,1.28,6376.32,559.68
20241209,930955,红利低波100,11809.72,11893.16,11773.35,11813.89,6.27,0.05,6085.6,515.61
20241210,930955,红利低波100,12055.86,12083.81,11806.76,11823.96,10.07,0.08,7788.64,737.66
20241211,930955,红利低波100,11793.54,11919.23,11792.55,11883.05,59.1,0.5,5986.23,513.02
20241212,930955,红利低波100,11886.92,11996.05,11839.25,11988.28,105.23,0.89,6300.82,546.97
20241213,930955,红利低波100,11958.75,11958.75,11745.69,11752.19,-236.09,-1.97,8525.84,755.65
20241216,930955,红利低波100,11745.21,11903.69,11745.21,11859.66,107.47,0.91,7000.84,647.7
20241217,930955,红利低波100,11850.06,11936.88,11807.69,11822.91,-36.74,-0.31,6206.98,565.2
20241218,930955,红利低波100,11848.82,11963.39,11848.82,11876.33,53.42,0.45,6524.83,580.99
20241219,930955,红利低波100,11808.02,11841.62,11718.09,11778.6,-97.73,-0.82,5516.24,487.35
20241220,930955,红利低波100,11756.33,11790.32,11684.45,11690.35,-88.25,-0.75,5320.71,475.02
20241223,930955,红利低波100,11685.46,11810.05,11682.82,11704.91,14.56,0.12,7053.5,629.2
20241224,930955,红利低波100,11697.2,11837.86,11697.2,11835.34,130.42,1.11,5681.48,552.42
20241225,930955,红利低波100,11841.99,11905.25,11801.85,11902.78,67.44,0.57,6140.61,554.45
20241226,930955,红利低波100,11890.33,11897.49,11812.74,11828.28,-74.5,-0.63,4954.36,456.54
20241227,930955,红利低波100,11821.36,11898.1,11760.87,11893.88,65.6,0.55,5740.29,527.67
20241230,930955,红利低波100,11879.1,11964.51,11879.1,11949.86,55.98,0.47,5895.03,560.07
20241231,930955,红利低波100,11943.52,12019.82,11871.74,11875.24,-74.62,-0.62,6504.53,616.23
20250102,930955,红利低波100,11874.42,11941.02,11559.11,11614.7,-260.54,-2.19,7610.64,722.19
20250103,930955,红利低波100,11628.41,11712.21,11500.7,11521.56,-93.14,-0.8,6132.17,557.23
20250106,930955,红利低波100,11512.41,11589.65,11462.39,11576.48,54.91,0.48,5725.6,519.92
20250107,930955,红利低波100,11558.97,11587.52,11440.17,11525.06,-51.42,-0.44,4761.15,431.39
20250108,930955,红利低波100,11499.53,11571.02,11380.86,11534.97,9.91,0.09,5688.7,546.26
20250109,930955,红利低波100,11499.1,11499.1,11374.06,11374.06,-160.91,-1.39,4483.97,428.75
20250110,930955,红利低波100,11377.69,11406.36,11234.09,11234.09,-139.97,-1.23,4367.13,410.3
20250113,930955,红利低波100,11181.94,11235.79,11080.63,11139.04,-95.05,-0.85,4736.05,430.51
20250114,930955,红利低波100,11141.97,11331.36,11136.76,11307.6,168.56,1.51,5039.33,471.14
20250115,930955,红利低波100,11287.35,11405.47,11267.1,11307.83,0.23,0.0,4820.28,447.08
20250116,930955,红利低波100,11347.63,11430.34,11327.35,11379.49,71.66,0.63,4567.16,422.26
20250117,930955,红利低波100,11357.6,11410.45,11291.95,11377.15,-2.34,-0.02,4091.68,368.48
20250120,930955,红利低波100,11405.28,11436.58,11331.34,11345.73,-31.42,-0.28,4290.73,418.06
20250121,930955,红利低波100,11381.03,11382.12,11251.91,11272.89,-72.84,-0.64,4016.93,365.42
20250122,930955,红利低波100,11247.31,11247.31,11128.44,11171.23,-101.66,-0.9,4544.98,423.45
20250123,930955,红利低波100,11235.05,11349.63,11235.05,11272.49,101.25,0.91,6278.54,546.89
20250124,930955,红利低波100,11249.66,11367.29,11225.46,11331.88,59.4,0.53,4852.27,450.02
20250127,930955,红利低波100,11343.97,11510.3,11343.84,11470.99,139.1,1.23,5260.13,476.5
20250205,930955,红利低波100,11496.76,11496.76,11240.88,11260.25,-210.74,-1.84,5008.4,467.49
20250206,930955,红利低波100,11253.64,11292.18,11198.66,11272.25,12.0,0.11,4341.34,397.46
20250207,930955,红利低波100,11261.36,11380.6,11218.69,11343.9,71.65,0.63,5696.18,535.66
20250210,930955,红利低波100,11350.34,11383.37,11330.26,11339.83,-4.07,-0.03,5177.32,502.76
20250211,930955,红利低波100,11351.09,11415.6,11341.88,11412.66,72.83,0.64,5759.8,518.85
20250212,930955,红利低波100,11395.82,11414.19,11342.55,11409.66,-3.0,-0.03,4958.66,461.71
20250213,930955,红利低波100,11402.0,11459.71,11400.93,11410.56,0.9,0.01,5314.69,508.58
20250214,930955,红利低波100,11404.41,11427.57,11352.36,11421.2,10.65,0.09,5072.6,478.84
20250217,930955,红利低波100,11422.63,11425.98,11348.08,11420.83,-0.38,0.0,5915.01,581.68
20250218,930955,红利低波100,11406.55,11502.96,11377.77,11407.31,-13.51,-0.12,6566.43,597.16
20250219,930955,红利低波100,11397.13,11413.99,11360.55,11400.07,-7.24,-0.06,5322.22,510.02
20250220,930955,红利低波100,11384.8,11384.8,11336.05,11344.31,-55.76,-0.49,4252.09,417.96
20250221,930955,红利低波100,11355.76,11360.49,11284.91,11302.45,-41.87,-0.37,6756.09,669.52
20250224,930955,红利低波100,11319.22,11374.38,11299.04,11322.24,19.8,0.18,6356.35,624.06
20250225,930955,红利低波100,11288.43,11304.27,11207.57,11222.53,-99.72,-0.88,5334.19,534.43
20250226,930955,红利低波100,11229.51,11328.05,11229.51,11326.74,104.21,0.93,5387.39,502.83
20250227,930955,红利低波100,11333.07,11411.78,11317.5,11411.78,85.04,0.75,5697.65,573.6
20250228,930955,红利低波100,11399.72,11444.39,11334.09,11340.39,-71.39,-0.63,5740.77,572.34
20250303,930955,红利低波100,11357.06,11402.9,11306.05,11329.91,-10.48,-0.09,5209.67,482.01
20250304,930955,红利低波100,11307.22,11365.35,11289.22,11347.22,17.31,0.15,4253.03,409.64
20250305,930955,红利低波100,11355.22,11390.23,11311.85,11390.23,43.01,0.38,5682.02,511.88
20250306,930955,红利低波100,11399.7,11400.02,11315.38,11373.01,-17.21,-0.15,5640.56,542.78
20250307,930955,红利低波100,11358.54,11419.72,11350.78,11381.58,8.57,0.08,4563.04,454.56
20250310,930955,红利低波100,11395.19,11406.19,11325.13,11361.18,-20.41,-0.18,4549.6,437.4
20250311,930955,红利低波100,11320.65,11446.41,11308.85,11446.41,85.24,0.75,4362.6,450.61
20250312,930955,红利低波100,11456.41,11456.44,11372.3,11376.56,-69.85,-0.61,4348.14,442.65
20250313,930955,红利低波100,11377.93,11431.5,11353.24,11405.09,28.53,0.25,4931.71,500.39
20250314,930955,红利低波100,11411.38,11513.47,11411.38,11508.94,103.85,0.91,6975.29,738.89
20250317,930955,红利低波100,11531.23,11586.45,11528.85,11554.33,45.38,0.39,5570.89,552.15
20250318,930955,红利低波100,11571.77,11573.81,11510.02,11536.3,-18.03,-0.16,3957.09,400.67
20250319,930955,红利低波100,11535.08,11571.92,11502.23,11556.72,20.42,0.18,4516.8,433.3
20250320,930955,红利低波100,11557.23,11580.86,11501.11,11512.53,-44.19,-0.38,4222.23,451.43
20250321,930955,红利低波100,11509.76,11598.45,11465.54,11504.85,-7.68,-0.07,5288.12,543.51
20250324,930955,红利低波100,11511.37,11566.42,11483.42,11558.61,53.77,0.47,5176.27,495.69
20250325,930955,红利低波100,11559.08,11649.58,11545.01,11647.3,88.68,0.77,4468.47,410.5
20250326,930955,红利低波100,11632.1,11652.33,11599.18,11640.23,-7.07,-0.06,4309.43,431.07
20250327,930955,红利低波100,11633.25,11673.45,11608.42,11636.98,-3.25,-0.03,3887.22,365.89
20250328,930955,红利低波100,11630.37,11638.09,11545.55,11577.24,-59.74,-0.51,4224.87,356.52
20250331,930955,红利低波100,11563.11,11654.94,11517.58,11543.44,-33.8,-0.29,6375.8,530.48
20250401,930955,红利低波100,11550.18,11643.81,11538.54,11637.2,93.76,0.81,5253.21,432.24
20250402,930955,红利低波100,11629.55,11684.49,11629.38,11652.95,15.75,0.14,4490.32,370.86
20250403,930955,红利低波100,11588.58,11718.43,11587.53,11702.1,49.14,0.42,4564.8,407.68
20250407,930955,红利低波100,11362.03,11445.66,10778.44,10973.18,-728.91,-6.23,11930.69,1077.56
20250408,930955,红利低波100,10986.33,11284.78,10986.33,11284.78,311.6,2.84,9468.01,877.27
20250409,930955,红利低波100,11212.08,11306.63,11020.94,11305.61,20.82,0.18,7808.8,704.28
20250410,930955,红利低波100,11383.54,11406.87,11294.64,11371.53,65.93,0.58,6519.1,588.04
20250411,930955,红利低波100,11348.15,11348.16,11272.66,11309.05,-62.48,-0.55,5064.7,442.65
20250414,930955,红利低波100,11330.96,11369.79,11301.75,11359.03,49.98,0.44,5033.02,450.15
20250415,930955,红利低波100,11358.77,11424.81,11333.64,11422.29,63.26,0.56,5086.43,447.33
20250416,930955,红利低波100,11405.56,11490.31,11370.05,11490.05,67.75,0.59,5701.65,502.79
20250417,930955,红利低波100,11455.56,11504.51,11418.79,11487.97,-2.08,-0.02,4114.26,358.12
20250418,930955,红利低波100,11466.93,11514.32,11447.23,11497.4,9.43,0.08,3776.45,337.3
20250421,930955,红利低波100,11481.52,11533.59,11448.42,11451.22,-46.18,-0.4,4488.7,379.41
20250422,930955,红利低波100,11457.24,11562.23,11457.24,11544.0,92.79,0.81,4513.68,378.99
20250423,930955,红利低波100,11551.52,11557.95,11473.7,11474.94,-69.06,-0.6,3873.02,343.12
20250424,930955,红利低波100,11488.65,11593.52,11488.26,11568.53,93.6,0.81,4215.18,362.61
20250425,930955,红利低波100,11570.13,11590.03,11531.94,11557.21,-11.32,-0.1,4019.12,344.73
20250428,930955,红利低波100,11572.39,11602.02,11519.88,11563.87,6.66,0.06,4883.92,455.32
20250429,930955,红利低波100,11521.84,11569.65,11492.05,11506.16,-57.71,-0.5,4313.06,386.49
20250430,930955,红利低波100,11481.04,11485.8,11404.01,11407.27,-98.89,-0.86,6497.19,569.41
20250506,930955,红利低波100,11438.26,11441.04,11373.82,11431.19,23.92,0.21,5477.1,476.65
20250507,930955,红利低波100,11509.99,11530.68,11467.44,11525.55,94.36,0.83,5605.52,488.46
20250508,930955,红利低波100,11502.37,11553.31,11477.75,11541.91,16.36,0.14,4449.98,418.67
20250509,930955,红利低波100,11539.81,11616.1,11539.35,11600.4,58.49,0.51,4758.53,431.14
20250512,930955,红利低波100,11616.07,11636.55,11573.79,11624.27,23.86,0.21,4680.07,450.23
20250513,930955,红利低波100,11663.76,11704.01,11620.24,11702.06,77.79,0.67,5147.26,470.81
20250514,930955,红利低波100,11694.2,11770.53,11642.82,11765.96,63.9,0.55,5646.61,563.69
20250515,930955,红利低波100,11752.87,11800.28,11732.32,11732.98,-32.98,-0.28,4491.25,430.38
20250516,930955,红利低波100,11722.55,11737.27,11616.98,11651.9,-81.07,-0.69,4631.12,423.0
20250519,930955,红利低波100,11653.13,11712.26,11653.13,11695.1,43.2,0.37,3629.46,334.0
20250520,930955,红利低波100,11710.04,11745.31,11694.02,11717.63,22.53,0.19,3543.96,351.53
20250521,930955,红利低波100,11726.1,11807.06,11726.1,11787.07,69.44,0.59,3805.53,364.92
20250522,930955,红利低波100,11777.65,11799.52,11744.59,11779.63,-7.44,-0.06,4053.33,368.2
20250523,930955,红利低波100,11777.81,11835.18,11685.32,11685.32,-94.31,-0.8,4581.23,414.95
20250526,930955,红利低波100,11661.02,11686.72,11591.8,11609.9,-75.42,-0.65,3972.71,363.83
20250527,930955,红利低波100,11608.3,11639.88,11581.62,11626.92,17.02,0.15,3705.0,334.81
20250528,930955,红利低波100,11628.1,11679.65,11614.59,11663.35,36.43,0.31,3769.29,341.59
20250529,930955,红利低波100,11655.46,11681.24,11628.34,11659.92,-3.44,-0.03,3907.59,365.2
20250530,930955,红利低波100,11653.32,11707.05,11640.25,11679.35,19.44,0.17,4774.69,426.75
20250603,930955,红利低波100,11659.53,11720.9,11612.91,11716.25,36.89,0.32,6048.71,563.82
20250604,930955,红利低波100,11717.94,11760.01,11699.81,11756.1,39.85,0.34,4400.33,403.61
20250605,930955,红利低波100,11759.91,11784.1,11669.59,11691.77,-64.33,-0.55,4452.22,404.74
20250606,930955,红利低波100,11676.34,11711.22,11671.53,11686.99,-4.79,-0.04,3861.93,353.29
20250609,930955,红利低波100,11698.28,11720.28,11666.38,11714.79,27.8,0.24,4611.35,414.06
20250610,930955,红利低波100,11720.85,11788.97,11673.48,11727.28,12.49,0.11,5687.55,505.23
20250611,930955,红利低波100,11731.26,11776.12,11721.05,11758.05,30.77,0.26,4380.6,420.31
20250612,930955,红利低波100,11753.85,11758.04,11708.48,11750.41,-7.64,-0.06,4709.28,446.01
20250613,930955,红利低波100,11698.28,11704.35,11599.98,11611.28,-139.13,-1.18,6850.04,612.84
20250616,930955,红利低波100,11602.0,11620.52,11574.34,11610.67,-0.61,-0.01,5330.84,461.01
20250617,930955,红利低波100,11616.76,11637.36,11583.22,11620.38,9.72,0.08,4139.09,379.37
20250618,930955,红利低波100,11610.39,11620.36,11543.93,11597.39,-22.99,-0.2,4668.23,405.01
20250619,930955,红利低波100,11589.94,11595.05,11484.93,11524.63,-72.77,-0.63,4666.08,412.16
20250620,930955,红利低波100,11524.05,11583.34,11517.97,11565.28,40.65,0.35,5039.79,468.74
20250623,930955,红利低波100,11549.18,11588.8,11471.51,11565.39,0.11,0.0,5765.16,514.46
20250624,930955,红利低波100,11556.83,11617.03,11545.62,11613.82,48.42,0.42,6116.68,571.46
20250625,930955,红利低波100,11608.7,11682.88,11569.55,11675.3,61.48,0.53,5675.95,536.71
20250626,930955,红利低波100,11658.92,11693.83,11631.74,11677.49,2.19,0.02,5299.4,495.04
20250627,930955,红利低波100,11665.06,11725.75,11574.63,11593.18,-84.31,-0.72,7571.3,673.38
20250630,930955,红利低波100,11575.87,11590.46,11524.07,11554.79,-38.39,-0.33,4950.82,455.39
20250701,930955,红利低波100,11568.87,11637.37,11565.96,11633.26,78.47,0.68,4517.54,398.77
20250702,930955,红利低波100,11637.31,11717.64,11637.31,11715.11,81.84,0.7,4832.7,445.62
20250703,930955,红利低波100,11715.64,11731.63,11671.81,11715.07,-0.03,0.0,4029.24,376.39
20250704,930955,红利低波100,11720.14,11831.47,11716.72,11788.57,73.49,0.63,5598.0,508.17
20250707,930955,红利低波100,11779.97,11838.84,11752.77,11835.77,47.2,0.4,4649.84,422.71
20250708,930955,红利低波100,11831.95,11861.37,11792.09,11849.05,13.28,0.11,4622.1,428.76
20250709,930955,红利低波100,11856.8,11934.21,11854.5,11907.92,58.87,0.5,5325.85,485.01
20250710,930955,红利低波100,11902.98,12028.2,11902.98,11994.13,86.2,0.72,6975.19,652.81
20250711,930955,红利低波100,11984.57,12024.72,11913.46,11913.46,-80.67,-0.67,8869.17,828.84
20250714,930955,红利低波100,11911.08,12022.83,11911.08,11979.3,65.84,0.55,6355.19,580.53
20250715,930955,红利低波100,11973.64,11979.91,11824.18,11854.53,-124.77,-1.04,5247.68,489.15
20250716,930955,红利低波100,11856.1,11869.3,11805.12,11852.46,-2.07,-0.02,4949.79,467.65
20250717,930955,红利低波100,11845.74,11882.04,11806.63,11835.46,-17.0,-0.14,4184.49,393.95
20250718,930955,红利低波100,11861.22,11905.57,11841.13,11898.3,62.84,0.53,4443.55,419.64
20250721,930955,红利低波100,11946.87,12025.44,11944.69,12018.47,120.18,1.01,6134.66,573.54
20250722,930955,红利低波100,12051.96,12192.49,11975.06,12192.49,174.01,1.45,8837.26,861.36
20250723,930955,红利低波100,12250.18,12250.18,12113.6,12120.65,-71.84,-0.59,8337.03,817.35
20250724,930955,红利低波100,12098.47,12141.53,12043.73,12139.34,18.69,0.15,7529.44,720.58
20250725,930955,红利低波100,12124.06,12160.69,12025.85,12032.84,-106.5,-0.88,6117.28,593.36
20250728,930955,红利低波100,11998.26,12020.24,11929.76,11942.03,-90.81,-0.75,5594.45,565.77
20250729,930955,红利低波100,11945.31,11957.49,11855.91,11911.36,-30.67,-0.26,5680.8,559.27
20250730,930955,红利低波100,11916.81,12023.54,11913.07,11955.05,43.69,0.37,6118.32,607.86
20250731,930955,红利低波100,11934.45,11934.71,11731.94,11756.7,-198.34,-1.66,6778.61,638.0
20250801,930955,红利低波100,11751.18,11810.22,11736.49,11761.64,4.93,0.04,5698.52,511.61
20250804,930955,红利低波100,11727.46,11806.04,11723.71,11801.4,39.76,0.34,5230.75,456.76
20250805,930955,红利低波100,11803.76,11891.36,11795.56,11889.91,88.5,0.75,5250.66,468.01
20250806,930955,红利低波100,11891.69,11900.1,11843.36,11887.08,-2.82,-0.02,4426.98,397.55
20250807,930955,红利低波100,11892.86,11912.28,11850.09,11901.55,14.47,0.12,4431.31,408.75
20250808,930955,红利低波100,11900.2,11942.54,11891.05,11930.65,29.1,0.24,4211.77,402.37
20250811,930955,红利低波100,11945.64,11958.75,11869.98,11900.71,-29.94,-0.25,5228.81,482.09
20250812,930955,红利低波100,11906.69,11969.08,11905.97,11935.15,34.44,0.29,4838.87,450.11
20250813,930955,红利低波100,11937.48,11946.35,11880.86,11893.97,-41.18,-0.34,5849.34,557.02
20250814,930955,红利低波100,11901.18,11950.77,11831.63,11833.08,-60.89,-0.51,5204.59,522.24
20250815,930955,红利低波100,11832.25,11873.6,11789.58,11862.32,29.24,0.25,7678.48,705.52
20250818,930955,红利低波100,11901.06,11951.92,11871.95,11896.81,34.49,0.29,6864.65,705.42
20250819,930955,红利低波100,11915.72,11932.71,11879.71,11907.04,10.23,0.08,5767.49,639.93
20250820,930955,红利低波100,11899.58,12004.63,11873.46,12000.21,93.18,0.78,5967.67,599.56
20250821,930955,红利低波100,12013.88,12096.04,11999.32,12082.3,82.09,0.68,6470.98,636.66
20250822,930955,红利低波100,12074.06,12074.06,11964.36,12060.39,-21.91,-0.18,6582.1,654.86
20250825,930955,红利低波100,12083.88,12182.64,12062.49,12180.22,119.84,0.99,7723.17,771.63
20250826,930955,红利低波100,12174.26,12201.5,12137.28,12169.8,-10.43,-0.08,6033.97,598.62
20250827,930955,红利低波100,12162.66,12176.11,11950.48,11950.48,-219.31,-1.8,7843.48,766.95
20250828,930955,红利低波100,11956.26,11984.25,11797.41,11951.66,1.18,0.01,7147.82,684.86
20250829,930955,红利低波100,11940.81,12057.32,11918.13,11928.23,-23.43,-0.2,9940.41,1008.48
20250901,930955,红利低波100,11934.24,11982.05,11866.86,11926.5,-1.73,-0.01,9344.2,903.23
20250902,930955,红利低波100,11936.33,11959.58,11858.3,11943.47,16.97,0.14,8729.57,832.98
20250903,930955,红利低波100,11964.04,11974.69,11806.05,11835.45,-108.02,-0.9,6485.91,626.84
20250904,930955,红利低波100,11832.11,11847.11,11745.92,11841.89,6.45,0.05,8972.96,814.93
20250905,930955,红利低波100,11832.35,11888.37,11773.23,11884.8,42.9,0.36,6449.97,594.06
20250908,930955,红利低波100,11885.72,11955.42,11869.77,11944.8,60.0,0.5,6738.57,635.07
20250909,930955,红利低波100,11941.28,11985.95,11906.97,11972.23,27.43,0.23,5227.44,513.66
20250910,930955,红利低波100,11954.08,11956.16,11889.74,11915.28,-56.95,-0.47,5073.01,466.31
20250911,930955,红利低波100,11905.93,11971.74,11839.99,11971.33,56.05,0.47,6329.56,584.9
20250912,930955,红利低波100,11962.43,11985.04,11903.88,11916.26,-55.07,-0.46,6663.02,627.2
20250915,930955,红利低波100,11912.83,11916.64,11841.67,11862.8,-53.45,-0.45,6427.35,627.53
20250916,930955,红利低波100,11871.71,11888.75,11802.71,11832.32,-30.48,-0.26,7227.9,677.94
20250917,930955,红利低波100,11824.93,11873.88,11788.63,11868.67,36.35,0.31,6071.76,634.29
20250918,930955,红利低波100,11864.47,11864.47,11635.34,11674.74,-193.93,-1.63,7896.08,842.33
20250919,930955,红利低波100,11669.04,11725.04,11635.33,11710.67,35.93,0.31,6429.8,636.1
20250922,930955,红利低波100,11718.6,11718.6,11608.08,11644.48,-66.19,-0.56,4796.32,534.69
20250923,930955,红利低波100,11633.36,11679.0,11563.6,11668.18,23.7,0.2,7667.59,745.96
20250924,930955,红利低波100,11645.48,11726.29,11645.14,11718.33,50.15,0.43,5786.12,576.01
20250925,930955,红利低波100,11720.53,11732.59,11636.74,11666.51,-51.82,-0.44,5147.61,549.19
20250926,930955,红利低波100,11675.05,11719.73,11635.87,11695.16,28.65,0.24,4874.21,556.98
20250929,930955,红利低波100,11711.32,11762.87,11635.23,11723.92,28.76,0.24,6566.55,701.64
20250930,930955,红利低波100,11706.82,11706.82,11665.46,11677.91,-46.0,-0.39,5599.07,608.09
20251009,930955,红利低波100,11697.24,11819.43,11679.5,11817.07,139.16,1.19,7236.95,794.81
20251010,930955,红利低波100,11786.74,11941.53,11777.51,11926.09,109.02,0.92,8292.74,827.19
20251013,930955,红利低波100,11745.73,11883.36,11714.83,11859.96,-66.13,-0.55,8002.14,832.25
20251014,930955,红利低波100,11876.35,11994.67,11849.75,11978.57,118.61,1.0,9509.53,1024.27
20251015,930955,红利低波100,11963.41,12014.31,11941.68,11995.9,17.33,0.14,6849.09,728.56
20251016,930955,红利低波100,11989.57,12033.25,11969.36,12014.27,18.36,0.15,7102.28,748.44
20251017,930955,红利低波100,12009.5,12060.71,11924.47,11937.78,-76.48,-0.64,6954.54,718.22
20251020,930955,红利低波100,11953.4,11978.78,11847.46,11969.8,32.01,0.27,6578.27,639.73
20251021,930955,红利低波100,11972.3,12048.94,11961.15,12029.4,59.6,0.5,6515.16,659.19
20251022,930955,红利低波100,12015.77,12107.17,12014.03,12068.95,39.55,0.33,6684.39,627.42
20251023,930955,红利低波100,12062.13,12161.06,12037.66,12145.33,76.38,0.63,7791.19,710.97
20251024,930955,红利低波100,12128.78,12142.11,12046.87,12057.58,-87.75,-0.72,6856.93,646.78
20251027,930955,红利低波100,12060.32,12131.34,12010.2,12094.07,36.48,0.3,7350.16,743.34
20251028,930955,红利低波100,12088.08,12102.18,12021.99,12035.36,-58.71,-0.49,6212.03,585.55
20251029,930955,红利低波100,12031.78,12031.78,11946.65,12026.13,-9.23,-0.08,6963.24,722.3
20251030,930955,红利低波100,12012.84,12082.71,11991.45,12023.73,-2.4,-0.02,6636.04,743.56
20251031,930955,红利低波100,12023.68,12046.53,11980.68,12022.31,-1.42,-0.01,8288.66,823.63
20251103,930955,红利低波100,12033.79,12137.96,12028.16,12135.3,112.99,0.94,7061.98,748.06
20251104,930955,红利低波100,12133.16,12224.42,12116.54,12170.56,35.26,0.29,7789.97,826.28
20251105,930955,红利低波100,12132.44,12220.63,12090.2,12193.23,22.66,0.19,6053.43,668.3
20251106,930955,红利低波100,12198.47,12283.45,12186.39,12258.49,65.26,0.53,6083.58,790.61
20251107,930955,红利低波100,12257.15,12343.74,12257.15,12314.13,55.64,0.45,5909.54,708.31
20251110,930955,红利低波100,12338.44,12433.6,12311.41,12422.94,108.81,0.88,6290.68,839.49
20251111,930955,红利低波100,12424.33,12449.03,12385.84,12433.12,10.18,0.08,5248.12,650.43
20251112,930955,红利低波100,12447.37,12532.0,12446.47,12475.21,42.09,0.34,6808.59,804.26
20251113,930955,红利低波100,12477.48,12497.22,12414.96,12483.91,8.7,0.07,6350.95,745.06
20251114,930955,红利低波100,12459.08,12539.61,12417.45,12417.45,-66.45,-0.53,6242.96,673.71
20251117,930955,红利低波100,12412.0,12419.16,12288.29,12335.18,-82.28,-0.66,6241.21,653.6
20251118,930955,红利低波100,12317.65,12334.63,12182.98,12222.45,-112.73,-0.91,5169.17,575.47
20251119,930955,红利低波100,12222.78,12267.91,12197.83,12242.18,19.73,0.16,5767.33,576.64
20251120,930955,红利低波100,12245.47,12344.64,12238.99,12251.15,8.97,0.07,7715.54,715.98
20251121,930955,红利低波100,12215.87,12253.96,12036.38,12038.31,-212.84,-1.74,7920.79,825.32
20251124,930955,红利低波100,12068.07,12095.65,11986.75,11991.3,-47.02,-0.39,6550.46,672.51
20251125,930955,红利低波100,12019.58,12081.75,11981.03,12050.93,59.63,0.5,5703.29,592.94
20251126,930955,红利低波100,12063.27,12104.94,12015.77,12021.31,-29.62,-0.24,5212.68,522.27
20251127,930955,红利低波100,12016.3,12079.89,11978.61,12031.65,10.35,0.09,4662.09,501.9
20251128,930955,红利低波100,12032.76,12051.04,11987.07,12043.48,11.82,0.1,4747.73,474.92
20251201,930955,红利低波100,12075.16,12138.66,12071.3,12135.23,91.76,0.76,6279.75,650.3
20251202,930955,红利低波100,12128.05,12173.42,12117.16,12173.42,38.18,0.31,4762.92,506.79
20251203,930955,红利低波100,12169.33,12231.89,12142.2,12187.55,14.14,0.12,5222.6,516.09
20251204,930955,红利低波100,12183.34,12210.5,12127.21,12141.65,-45.9,-0.38,4277.46,440.9
20251205,930955,红利低波100,12135.54,12146.5,12069.26,12138.08,-3.57,-0.03,5031.66,509.48
20251208,930955,红利低波100,12144.37,12148.68,12056.13,12091.11,-46.97,-0.39,4980.41,539.07
20251209,930955,红利低波100,12073.5,12083.94,12017.55,12025.42,-65.68,-0.54,4927.0,534.15
20251210,930955,红利低波100,12008.62,12037.9,11936.41,11991.4,-34.02,-0.28,5429.67,554.94
20251211,930955,红利低波100,11995.39,12012.8,11880.34,11902.92,-88.48,-0.74,5353.67,572.73
20251212,930955,红利低波100,11901.05,11905.39,11831.14,11877.9,-25.02,-0.21,7842.1,833.33
20251215,930955,红利低波100,11860.68,11939.93,11832.37,11899.04,21.15,0.18,4751.58,606.86
20251216,930955,红利低波100,11887.22,11910.68,11827.28,11842.38,-56.67,-0.48,4358.86,504.63
20251217,930955,红利低波100,11829.06,11893.32,11785.41,11854.19,11.81,0.1,4304.81,520.36
20251218,930955,红利低波100,11838.42,11936.56,11831.56,11919.92,65.73,0.55,4249.93,463.73
20251219,930955,红利低波100,11913.6,11949.45,11875.95,11915.5,-4.42,-0.04,4381.03,503.34
20251222,930955,红利低波100,11918.79,11919.63,11858.14,11858.86,-56.64,-0.47,4240.55,505.95
20251223,930955,红利低波100,11863.9,11898.75,11835.93,11851.04,-7.82,-0.06,4170.37,484.73
20251224,930955,红利低波100,11845.23,11885.94,11818.37,11877.02,25.98,0.22,3904.53,442.56
20251225,930955,红利低波100,11893.05,11930.69,11888.51,11920.76,43.75,0.37,3630.32,438.65
20251226,930955,红利低波100,11910.33,11943.78,11885.89,11932.25,11.48,0.1,3676.6,431.12
20251229,930955,红利低波100,11913.36,11920.2,11850.79,11853.99,-78.26,-0.66,5326.73,594.21
20251230,930955,红利低波100,11831.07,11834.21,11778.39,11808.26,-45.73,-0.39,4966.74,583.92
20251231,930955,红利低波100,11806.56,11831.86,11787.56,11791.31,-16.94,-0.14,4188.26,497.33
20260105,930955,红利低波100,11808.23,11823.13,11766.41,11813.31,21.99,0.19,5780.35,777.86
20260106,930955,红利低波100,11817.25,11887.56,11790.9,11887.38,74.07,0.63,6253.19,772.01
20260107,930955,红利低波100,11876.04,11889.33,11826.86,11844.83,-42.55,-0.36,5736.14,690.61
20260108,930955,红利低波100,11837.25,11837.25,11776.69,11793.73,-51.1,-0.43,4907.23,670.3
20260109,930955,红利低波100,11814.15,11832.93,11781.56,11829.78,36.06,0.31,5432.4,720.55
20260112,930955,红利低波100,11816.02,11868.52,11806.25,11864.95,35.17,0.3,5813.58,759.3
20260113,930955,红利低波100,11872.68,11917.12,11829.03,11848.82,-16.13,-0.14,6303.11,812.49
20260114,930955,红利低波100,11845.68,11885.16,11732.52,11754.71,-94.11,-0.79,8610.47,1018.8
20260115,930955,红利低波100,11748.13,11792.48,11721.21,11734.69,-20.02,-0.17,5474.85,685.2
20260116,930955,红利低波100,11748.46,11761.25,11614.56,11633.38,-101.31,-0.86,7426.58,882.72
20260119,930955,红利低波100,11618.97,11701.6,11612.6,11688.78,55.4,0.48,5166.26,614.81
20260120,930955,红利低波100,11692.54,11844.76,11683.75,11841.71,152.93,1.31,6421.78,731.39
20260121,930955,红利低波100,11830.31,11843.98,11749.82,11765.6,-76.1,-0.64,6314.12,783.91
20260122,930955,红利低波100,11772.96,11849.16,11767.7,11808.86,43.26,0.37,6561.22,822.26
20260123,930955,红利低波100,11824.72,11845.11,11783.98,11805.78,-3.08,-0.03,7751.38,924.78
20260126,930955,红利低波100,11814.95,11885.3,11758.33,11864.82,59.04,0.5,10033.72,1211.36
20260127,930955,红利低波100,11867.8,11867.8,11773.54,11785.19,-79.63,-0.67,7801.71,905.69
20260128,930955,红利低波100,11806.51,11913.21,11783.08,11853.88,68.68,0.58,10701.77,1248.74
20260129,930955,红利低波100,11888.44,12061.98,11857.37,12060.4,206.52,1.74,11402.29,1633.91
20260130,930955,红利低波100,12037.57,12099.49,11922.99,11972.76,-87.63,-0.73,9134.97,1220.41
20260202,930955,红利低波100,11922.24,11996.93,11789.8,11796.96,-175.81,-1.47,8880.5,1082.31
20260203,930955,红利低波100,11813.66,11865.14,11741.78,11832.87,35.91,0.3,6828.66,848.78
20260204,930955,红利低波100,11836.54,12021.43,11836.02,12012.52,179.65,1.52,7208.8,931.12
20260205,930955,红利低波100,11994.77,12073.6,11960.88,12041.67,29.15,0.24,7026.18,898.72
20260206,930955,红利低波100,12001.22,12075.6,11961.5,12009.02,-32.64,-0.27,6168.35,761.7
20260209,930955,红利低波100,12035.89,12084.11,12016.16,12071.87,62.85,0.52,5130.14,655.98
20260210,930955,红利低波100,12075.7,12095.06,12031.7,12079.96,8.09,0.07,4615.78,545.64
20260211,930955,红利低波100,12080.15,12112.33,12039.47,12093.39,13.42,0.11,4161.32,472.93
20260212,930955,红利低波100,12095.32,12095.32,12012.7,12022.86,-70.52,-0.58,5373.96,601.1
20260213,930955,红利低波100,12009.0,12014.42,11886.04,11893.53,-129.33,-1.07,4946.16,580.04
20260224,930955,红利低波100,11981.95,12038.87,11967.68,12018.49,124.95,1.05,6021.32,684.63
20260225,930955,红利低波100,12032.52,12128.24,12001.42,12021.95,3.46,0.03,8169.36,779.88
20260226,930955,红利低波100,12026.45,12069.42,11967.12,12005.1,-16.85,-0.14,5426.64,624.62
20260227,930955,红利低波100,11999.52,12084.09,11995.01,12068.81,63.72,0.53,5658.37,582.59
20260302,930955,红利低波100,12082.33,12176.64,12020.66,12169.5,100.69,0.83,9721.26,1055.06
20260303,930955,红利低波100,12186.87,12305.05,12136.4,12185.68,16.17,0.13,11660.7,1299.04
20260304,930955,红利低波100,12136.89,12136.89,11949.73,12017.64,-168.04,-1.38,10413.61,1166.14
20260305,930955,红利低波100,12039.04,12071.8,11962.11,12020.29,2.66,0.02,7184.35,783.41
20260306,930955,红利低波100,11980.87,12122.75,11974.57,12110.99,90.69,0.75,5988.18,651.18
20260309,930955,红利低波100,12162.69,12186.1,12086.78,12107.17,-3.82,-0.03,8715.97,1014.49
20260310,930955,红利低波100,12048.47,12108.47,12022.9,12104.21,-2.96,-0.02,7076.76,720.57
